NIR (SSA form) for compute shader:
shader: MESA_SHADER_COMPUTE
source_blake3: {0xcdb9fc45, 0x31b59d84, 0x07d0359d, 0x5467b91c, 0xd0948f88, 0x39bfb128, 0x4e0c01be, 0xa20d0eb0}
name: GLSL2
workgroup_size: 64, 1, 1
num_ssbos: 3
system_values_read: 0x00000000'00000000'00008400'00000000
max_subgroup_size: 8
min_subgroup_size: 8
bit_sizes_int: 0x61
first_ubo_is_default_ubo: true
flrp_lowered: true
writes_memory: true
scratch: 168
decl_var ssbo INTERP_MODE_NONE writeonly ivec4[] results (0, 0, 2)
decl_var ssbo INTERP_MODE_NONE readonly uvec4[] samples (0, 1, 1)
decl_var ssbo INTERP_MODE_NONE readonly int64_t[] m (0, 2, 0)
decl_function main () (entrypoint)

impl main {
    con block b0:         // preds:
    con 32x3     %0 = @load_workgroup_id
    con 32       %1 = load_const (0x00000000)
    con 32       %2 = @load_push_data_intel (%1 (0x0)) (base=0, range=4, access=none)
    con 32       %3 = load_const (0x00000003)
    con 32       %4 = ishl %2, %3 (0x3)
    div 32       %5 = @load_subgroup_invocation
    div 32       %6 = iadd %5, %4
    con 32       %7 = load_const (0x00000006)
    con 32       %8 = ishl %0.x, %7 (0x6)
    con 32       %9 = load_const (0x0000003f = 63)
    div 32      %10 = iand %6, %9 (0x3f)
    div 32      %11 = iadd %8, %10
    con 32      %12 = load_const (0x00000002)
    con 32x2    %13 = @load_ssbo (%12 (0x2), %1 (0x0)) (access=readonly|reorderable, align_mul=1073741824, align_offset=0, offset_shift=0)
    div 32      %14 = ult32 %11, %13.x
                      // succs: b1 b26
    if %14 {
        div block b1:         // preds: b0
        con 32      %15 = load_const (0x00000008)
        con 32x2    %16 = @load_ssbo (%12 (0x2), %15 (0x8)) (access=readonly|reorderable, align_mul=1073741824, align_offset=8, offset_shift=0)
        con 32      %17 = ilt32 %16.x, %3 (0x3)
        con 32      %18 = load_const (0x00000001)
        con 32      %19 = load_const (0x00000004)
        div 32      %20 = ishl %11, %19 (0x4)
        div 32x4    %21 = @load_ssbo (%18 (0x1), %20) (access=readonly|reorderable, align_mul=16, align_offset=0, offset_shift=0)
        div 32      %22 = b32csel %17, %21.z, %21.w
        con 32      %23 = ilt32 %16.x, %18 (0x1)
        div 32      %24 = b32csel %23, %21.x, %21.y
        con 32      %25 = ilt32 %16.x, %12 (0x2)
        div 32      %26 = b32csel %25, %24, %22
        con 32      %27 = load_const (0x00000058 = 88)
        con 32x16   %28 = @load_ssbo_uniform_block_intel (%12 (0x2), %27 (0x58)) (access=readonly|reorderable, align_mul=1073741824, align_offset=88, base=0)
        con 32      %29 = ieq32 %1 (0x0), %28.b
        div 32      %30 = ult32 %21.x, %28.a
        div 32      %31 = iand %29, %30
        con 32      %32 = ilt32 %1 (0x0), %28.b
        div 32      %33 = ior %32, %31
        con 32      %34 = ieq32 %28.d, %1 (0x0)
        div 32      %35 = ult32 %28.c, %21.x
        div 32      %36 = iand %34, %35
        con 32      %37 = ilt32 %28.d, %1 (0x0)
        div 32      %38 = ior %37, %36
        div 32      %39 = b32csel %38, %28.d, %1 (0x0)
        div 32      %40 = b32csel %38, %28.c, %21.x
        div 32      %41 = b32csel %33, %28.b, %39
        div 32      %42 = b32csel %33, %28.a, %40
        con 32      %43 = ieq32 %1 (0x0), %28.f
        div 32      %44 = ult32 %21.y, %28.e
        div 32      %45 = iand %43, %44
        con 32      %46 = ilt32 %1 (0x0), %28.f
        div 32      %47 = ior %46, %45
        con 32      %48 = ieq32 %28.h, %1 (0x0)
        div 32      %49 = ult32 %28.g, %21.y
        div 32      %50 = iand %48, %49
        con 32      %51 = ilt32 %28.h, %1 (0x0)
        div 32      %52 = ior %51, %50
        div 32      %53 = b32csel %52, %28.h, %1 (0x0)
        div 32      %54 = b32csel %52, %28.g, %21.y
        div 32      %55 = b32csel %47, %28.f, %53
        div 32      %56 = b32csel %47, %28.e, %54
        con 32      %57 = ieq32 %1 (0x0), %28.j
        div 32      %58 = ult32 %21.z, %28.i
        div 32      %59 = iand %57, %58
        con 32      %60 = ilt32 %1 (0x0), %28.j
        div 32      %61 = ior %60, %59
        con 32      %62 = ieq32 %28.l, %1 (0x0)
        div 32      %63 = ult32 %28.k, %21.z
        div 32      %64 = iand %62, %63
        con 32      %65 = ilt32 %28.l, %1 (0x0)
        div 32      %66 = ior %65, %64
        div 32      %67 = b32csel %66, %28.l, %1 (0x0)
        div 32      %68 = b32csel %66, %28.k, %21.z
        div 32      %69 = b32csel %61, %28.j, %67
        div 32      %70 = b32csel %61, %28.i, %68
        con 32      %71 = load_const (0x000000a0 = 160)
        con 32      %72 = load_const (0x00000088 = 136)
        con 32x2    %73 = @load_ssbo (%12 (0x2), %72 (0x88)) (access=readonly|reorderable, align_mul=1073741824, align_offset=136, offset_shift=0)
        con 32      %74 = load_const (0x00000098 = 152)
        con 32      %75 = load_const (0xfffffffe = -2 = 4294967294)
        con 32      %76 = iadd %73.x, %75 (0xfffffffe)
                          // succs: b2
        div loop {
            div block b2:         // preds: b1 b5
            con 32      %77 = phi b1: %1 (0x0), b5: %91
            con 32      %78 = phi b1: %74 (0x98), b5: %90
            con 32x2    %79 = @load_ssbo (%12 (0x2), %78) (access=readonly|reorderable, align_mul=8, align_offset=0, offset_shift=0)
            con 32      %80 = ieq32 %1 (0x0), %79.y
            div 32      %81 = ult32 %26, %79.x
            div 32      %82 = iand %80, %81
            con 32      %83 = ilt32 %1 (0x0), %79.y
            div 32      %84 = ior %83, %82
            div 32      %85 = inot %84
            con 32      %86 = ilt32 %77, %76
            div 32      %87 = iand %86, %85
            div 32      %88 = inot %87
                              // succs: b3 b4
            if %88 {
                div block b3:// preds: b2
                break
                // succs: b6
            } else {
                div block b4:  // preds: b2, succs: b5
            }
            div block b5:         // preds: b4
            con 32      %89 = ishl %77, %3 (0x3)
            con 32      %90 = iadd %89, %71 (0xa0)
            con 32      %91 = iadd %77, %18 (0x1)
                              // succs: b2
        }
        div block b6:         // preds: b3
        div 32      %92 = phi b3: %77
        con 32      %93 = load_const (0x00000118 = 280)
        con 32      %94 = load_const (0x000000c0 = 192)
        div 32      %95 = imul_32x16 %92, %94 (0xc0)
        div 32      %96 = iadd %95, %93 (0x118)
        div 32x4    %97 = @load_ssbo (%12 (0x2), %96) (access=readonly|reorderable, align_mul=64, align_offset=24, offset_shift=0)
        div 32      %98 = ior %97.x, %97.y
        con 32      %99 = load_const (0x00000020 = 32)
        con 32x2   %100 = @load_ssbo (%12 (0x2), %99 (0x20)) (access=readonly|reorderable, align_mul=1073741824, align_offset=32, offset_shift=0)
        con 32     %101 = load_const (0x00000018 = 24)
        con 64     %102 = load_const (0x0000000000000000)
        con 32     %103 = load_const (0x00000014 = 20)
        con 32     %104 = load_const (0x00000010 = 16)
        con 32     %105 = load_const (0x00000130 = 304)
        con 32     %106 = load_const (0xffffffe0 = -32 = 4294967264)
        div 32     %107 = imul_32x16 %92, %101 (0x18)
        div 32     %108 = ieq32 %98, %1 (0x0)
                          // succs: b7 b13
        if %108 {
            div block b7:         // preds: b6
            div 32     %109 = b32csel %25, %55, %69
            div 32     %110 = b32csel %25, %56, %70
            div 32     %111 = b32csel %23, %41, %109
            div 32     %112 = b32csel %23, %42, %110
            con 64     %113 = load_const (0x0000000000000001)
                              // succs: b8
            div loop {
                div block b8:         // preds: b7 b11
                div 64     %114 = phi b7: %113 (0x1), b11: %166
                con 32     %115 = phi b7: %1 (0x0), b11: %164
                div 64     %116 = phi b7: %102 (0x0), b11: %165
                div 32     %117 = ilt32 %97.z, %115
                                  // succs: b9 b10
                if %117 {
                    div block b9:// preds: b8
                    break
                    // succs: b12
                } else {
                    div block b10:  // preds: b8, succs: b11
                }
                div block b11:        // preds: b10
                div 32     %118 = iadd %107, %115
                div 32     %119 = unpack_64_2x32_split_x %114
                div 32     %120 = unpack_64_2x32_split_y %114
                div 32     %121 = ishl %118, %3 (0x3)
                div 32     %122 = iadd %121, %105 (0x130)
                div 32x2   %123 = @load_ssbo (%12 (0x2), %122) (access=readonly|reorderable, align_mul=8, align_offset=0, offset_shift=0)
                div 32     %124 = umul_high %123.x, %119
                div 32     %125 = imul %123.x, %119
                div 32     %126 = imul %123.y, %119
                div 32     %127 = imul %123.x, %120
                div 32     %128 = iadd %127, %126
                div 32     %129 = iadd %124, %128
                con 32     %130 = imul %100.x, %115
                con 32     %131 = ineg %130
                con 32     %132 = iadd %103 (0x14), %131
                con 32     %133 = iand %132, %9 (0x3f)
                con 32     %134 = uge32 %133, %99 (0x20)
                con 32     %135 = iadd %133, %106 (0xffffffe0)
                con 32     %136 = iabs %135
                con 32     %137 = ushr %18 (0x1), %136
                con 32     %138 = ishl %18 (0x1), %136
                con 32     %139 = b32csel %134, %138, %137
                con 32     %140 = ishl %18 (0x1), %133
                con 32     %141 = b32csel %134, %1 (0x0), %140
                con 32     %142 = ieq32 %133, %1 (0x0)
                con 32     %143 = b32csel %142, %1 (0x0), %139
                con 32     %144 = b32csel %142, %18 (0x1), %141
                div 32     %145 = umul_high %125, %144
                div 32     %146 = imul %125, %144
                div 32     %147 = imul %129, %144
                div 32     %148 = imul %125, %143
                div 32     %149 = iadd %148, %147
                div 32     %150 = iadd %145, %149
                div 32     %151 = unpack_64_2x32_split_x %116
                div 32     %152 = unpack_64_2x32_split_y %116
                div 32     %153 = iadd %151, %146
                div 32     %154 = iadd %152, %150
                div 32     %155 = ult32 %153, %151
                div 32     %156 = b2i32 %155
                div 32     %157 = iadd %156, %154
                div 32     %158 = umul_high %119, %112
                div 32     %159 = imul %119, %112
                div 32     %160 = imul %120, %112
                div 32     %161 = imul %119, %111
                div 32     %162 = iadd %161, %160
                div 32     %163 = iadd %158, %162
                con 32     %164 = iadd %115, %18 (0x1)
                div 64     %165 = pack_64_2x32_split %153, %157
                div 64     %166 = pack_64_2x32_split %159, %163
                                  // succs: b8
            }
            div block b12:        // preds: b9
            div 64     %167 = phi b9: %116
                              // succs: b19
        } else {
            div block b13:        // preds: b6
            con 32     %168 = ineg %100.x
            con 32     %169 = iadd %103 (0x14), %168
            con 32     %170 = iand %169, %9 (0x3f)
            con 32     %171 = uge32 %170, %99 (0x20)
            con 32     %172 = iadd %170, %106 (0xffffffe0)
            con 32     %173 = iabs %172
            con 32     %174 = ushr %18 (0x1), %173
            con 32     %175 = ishl %18 (0x1), %173
            con 32     %176 = b32csel %171, %175, %174
            con 32     %177 = ishl %18 (0x1), %170
            con 32     %178 = b32csel %171, %1 (0x0), %177
            con 32     %179 = ieq32 %170, %1 (0x0)
            con 32     %180 = b32csel %179, %1 (0x0), %176
            con 32     %181 = b32csel %179, %18 (0x1), %178
            div 32     %182 = umul_high %42, %181
            div 32     %183 = imul %42, %181
            div 32     %184 = imul %41, %181
            div 32     %185 = imul %42, %180
            div 32     %186 = iadd %185, %184
            div 32     %187 = iadd %182, %186
            div 32     %188 = ishl %5, %12 (0x2)
                              @store_scratch_intel (%183, %188)
            div 32     %189 = iadd %188, %99 (0x20)
                              @store_scratch_intel (%187, %189)
            div 32     %190 = iadd %42, %42
            div 32     %191 = imul %41, %190
            div 32     %192 = umul_high %42, %42
            div 32     %193 = iadd %192, %191
            con 32     %194 = ishl %100.x, %18 (0x1)
            con 32     %195 = ineg %194
            con 32     %196 = iadd %103 (0x14), %195
            con 32     %197 = iand %196, %9 (0x3f)
            con 32     %198 = uge32 %197, %99 (0x20)
            con 32     %199 = iadd %197, %106 (0xffffffe0)
            con 32     %200 = iabs %199
            con 32     %201 = ushr %18 (0x1), %200
            con 32     %202 = ishl %18 (0x1), %200
            con 32     %203 = b32csel %198, %202, %201
            con 32     %204 = ishl %18 (0x1), %197
            con 32     %205 = b32csel %198, %1 (0x0), %204
            con 32     %206 = ieq32 %197, %1 (0x0)
            con 32     %207 = b32csel %206, %1 (0x0), %203
            con 32     %208 = b32csel %206, %18 (0x1), %205
            div 32     %209 = imul %42, %42
            div 32     %210 = umul_high %209, %208
            div 32     %211 = imul %209, %208
            div 32     %212 = imul %193, %208
            div 32     %213 = imul %209, %207
            div 32     %214 = iadd %213, %212
            div 32     %215 = iadd %210, %214
            con 32     %216 = load_const (0x000001c0 = 448)
            div 32     %217 = iadd %216 (0x1c0), %188
                              @store_scratch_intel (%211, %217)
            con 32     %218 = load_const (0x000001e0 = 480)
            div 32     %219 = iadd %218 (0x1e0), %188
                              @store_scratch_intel (%215, %219)
            div 32     %220 = umul_high %56, %181
            div 32     %221 = imul %56, %181
            div 32     %222 = imul %55, %181
            div 32     %223 = imul %56, %180
            div 32     %224 = iadd %223, %222
            div 32     %225 = iadd %220, %224
            con 32     %226 = load_const (0x00000040 = 64)
            div 32     %227 = iadd %226 (0x40), %188
                              @store_scratch_intel (%221, %227)
            con 32     %228 = load_const (0x0000000c = 12)
            con 32     %229 = load_const (0x00000060 = 96)
            div 32     %230 = iadd %229 (0x60), %188
                              @store_scratch_intel (%225, %230)
            div 32     %231 = iadd %56, %56
            div 32     %232 = imul %55, %231
            div 32     %233 = umul_high %56, %56
            div 32     %234 = iadd %233, %232
            div 32     %235 = imul %56, %56
            div 32     %236 = umul_high %235, %208
            div 32     %237 = imul %235, %208
            div 32     %238 = imul %234, %208
            div 32     %239 = imul %235, %207
            div 32     %240 = iadd %239, %238
            div 32     %241 = iadd %236, %240
            con 32     %242 = load_const (0x00000200 = 512)
            div 32     %243 = iadd %242 (0x200), %188
                              @store_scratch_intel (%237, %243)
            con 32     %244 = load_const (0x00000220 = 544)
            div 32     %245 = iadd %244 (0x220), %188
                              @store_scratch_intel (%241, %245)
            div 32     %246 = umul_high %70, %181
            div 32     %247 = imul %70, %181
            div 32     %248 = imul %69, %181
            div 32     %249 = imul %70, %180
            div 32     %250 = iadd %249, %248
            div 32     %251 = iadd %246, %250
            con 32     %252 = load_const (0x00000080 = 128)
            div 32     %253 = iadd %252 (0x80), %188
                              @store_scratch_intel (%247, %253)
            div 32     %254 = iadd %71 (0xa0), %188
                              @store_scratch_intel (%251, %254)
            div 32     %255 = iadd %70, %70
            div 32     %256 = imul %69, %255
            div 32     %257 = umul_high %70, %70
            div 32     %258 = iadd %257, %256
            div 32     %259 = imul %70, %70
            div 32     %260 = umul_high %259, %208
            div 32     %261 = imul %259, %208
            div 32     %262 = imul %258, %208
            div 32     %263 = imul %259, %207
            div 32     %264 = iadd %263, %262
            div 32     %265 = iadd %260, %264
            con 32     %266 = load_const (0x00000240 = 576)
            div 32     %267 = iadd %266 (0x240), %188
                              @store_scratch_intel (%261, %267)
            con 32     %268 = load_const (0x00000260 = 608)
            div 32     %269 = iadd %268 (0x260), %188
                              @store_scratch_intel (%265, %269)
            div 32     %270 = umul_high %42, %56
            div 32     %271 = imul %42, %56
            div 32     %272 = imul %41, %56
            div 32     %273 = imul %42, %55
            div 32     %274 = iadd %273, %272
            div 32     %275 = iadd %270, %274
            div 32     %276 = umul_high %271, %208
            div 32     %277 = imul %271, %208
            div 32     %278 = imul %275, %208
            div 32     %279 = imul %271, %207
            div 32     %280 = iadd %279, %278
            div 32     %281 = iadd %276, %280
            div 32     %282 = iadd %94 (0xc0), %188
                              @store_scratch_intel (%277, %282)
            con 32     %283 = load_const (0x000000e0 = 224)
            div 32     %284 = iadd %283 (0xe0), %188
                              @store_scratch_intel (%281, %284)
            div 32     %285 = umul_high %42, %70
            div 32     %286 = imul %42, %70
            div 32     %287 = imul %41, %70
            div 32     %288 = imul %42, %69
            div 32     %289 = iadd %288, %287
            div 32     %290 = iadd %285, %289
            div 32     %291 = umul_high %286, %208
            div 32     %292 = imul %286, %208
            div 32     %293 = imul %290, %208
            div 32     %294 = imul %286, %207
            div 32     %295 = iadd %294, %293
            div 32     %296 = iadd %291, %295
            con 32     %297 = load_const (0x00000100 = 256)
            div 32     %298 = iadd %297 (0x100), %188
                              @store_scratch_intel (%292, %298)
            con 32     %299 = load_const (0x00000120 = 288)
            div 32     %300 = iadd %299 (0x120), %188
                              @store_scratch_intel (%296, %300)
            div 32     %301 = umul_high %56, %70
            div 32     %302 = imul %56, %70
            div 32     %303 = imul %55, %70
            div 32     %304 = imul %56, %69
            div 32     %305 = iadd %304, %303
            div 32     %306 = iadd %301, %305
            div 32     %307 = umul_high %302, %208
            div 32     %308 = imul %302, %208
            div 32     %309 = imul %306, %208
            div 32     %310 = imul %302, %207
            div 32     %311 = iadd %310, %309
            div 32     %312 = iadd %307, %311
            con 32     %313 = load_const (0x00000140 = 320)
            div 32     %314 = iadd %313 (0x140), %188
                              @store_scratch_intel (%308, %314)
            con 32     %315 = load_const (0x00000160 = 352)
            div 32     %316 = iadd %315 (0x160), %188
                              @store_scratch_intel (%312, %316)
            div 32     %317 = umul_high %277, %247
            div 32     %318 = imul %277, %247
            div 32     %319 = imul %281, %247
            div 32     %320 = imul %277, %251
            div 32     %321 = iadd %320, %319
            div 32     %322 = iadd %317, %321
            div 32     %323 = ishl %322, %228 (0xc)
            div 32     %324 = ushr %318, %103 (0x14)
            div 32     %325 = ior %324, %323
            div 32     %326 = iadd %318, %18 (0x1)
            div 32     %327 = ult32 %326, %318
            div 32     %328 = b2i32 %327
            div 32     %329 = iadd %328, %322
            div 32     %330 = ineg %329
            div 32     %331 = ine32 %326, %1 (0x0)
            div 32     %332 = b2i32 %331
            div 32     %333 = ineg %332
            div 32     %334 = iadd %330, %333
            div 32     %335 = ishl %334, %228 (0xc)
            div 32     %336 = ineg %326
            div 32     %337 = ushr %336, %103 (0x14)
            div 32     %338 = ior %337, %335
            con 32     %339 = load_const (0xffffffff = -1 = 4294967295)
            div 32     %340 = ishr %334, %103 (0x14)
            div 32     %341 = ineg %340
            div 32     %342 = iadd %341, %339 (0xffffffff)
            div 32     %343 = ine32 %338, %1 (0x0)
            div 32     %344 = b2i32 %343
            div 32     %345 = ineg %344
            div 32     %346 = iadd %342, %345
            div 32     %347 = ineg %338
            div 32     %348 = iadd %339 (0xffffffff), %347
            div 32     %349 = ult32 %348, %339 (0xffffffff)
            div 32     %350 = b2i32 %349
            div 32     %351 = iadd %346, %350
            div 32     %352 = ige32 %322, %1 (0x0)
            div 32     %353 = ishr %322, %103 (0x14)
            div 32     %354 = b32csel %352, %353, %351
            div 32     %355 = b32csel %352, %325, %348
            con 32     %356 = load_const (0x00000180 = 384)
            div 32     %357 = iadd %356 (0x180), %188
                              @store_scratch_intel (%355, %357)
            con 32     %358 = load_const (0x000001a0 = 416)
            div 32     %359 = iadd %358 (0x1a0), %188
                              @store_scratch_intel (%354, %359)
            con 32     %360 = iadd %208, %208
            div 32     %361 = imul %271, %360
            div 32     %362 = imul %281, %361
            div 32     %363 = umul_high %277, %277
            div 32     %364 = iadd %363, %362
            div 32     %365 = ishl %364, %228 (0xc)
            div 32     %366 = imul %277, %277
            div 32     %367 = ushr %366, %103 (0x14)
            div 32     %368 = ior %367, %365
            div 32     %369 = iadd %366, %18 (0x1)
            div 32     %370 = ult32 %369, %366
            div 32     %371 = b2i32 %370
            div 32     %372 = iadd %371, %364
            div 32     %373 = ineg %372
            div 32     %374 = ine32 %369, %1 (0x0)
            div 32     %375 = b2i32 %374
            div 32     %376 = ineg %375
            div 32     %377 = iadd %373, %376
            div 32     %378 = ishl %377, %228 (0xc)
            div 32     %379 = ineg %369
            div 32     %380 = ushr %379, %103 (0x14)
            div 32     %381 = ior %380, %378
            div 32     %382 = ishr %377, %103 (0x14)
            div 32     %383 = ineg %382
            div 32     %384 = iadd %383, %339 (0xffffffff)
            div 32     %385 = ine32 %381, %1 (0x0)
            div 32     %386 = b2i32 %385
            div 32     %387 = ineg %386
            div 32     %388 = iadd %384, %387
            div 32     %389 = ineg %381
            div 32     %390 = iadd %339 (0xffffffff), %389
            div 32     %391 = ult32 %390, %339 (0xffffffff)
            div 32     %392 = b2i32 %391
            div 32     %393 = iadd %388, %392
            div 32     %394 = ige32 %364, %1 (0x0)
            div 32     %395 = ishr %364, %103 (0x14)
            div 32     %396 = b32csel %394, %395, %393
            div 32     %397 = b32csel %394, %368, %390
            con 32     %398 = load_const (0x00000280 = 640)
            div 32     %399 = iadd %398 (0x280), %188
                              @store_scratch_intel (%397, %399)
            con 32     %400 = load_const (0x000002a0 = 672)
            div 32     %401 = iadd %400 (0x2a0), %188
                              @store_scratch_intel (%396, %401)
            div 32     %402 = imul %286, %360
            div 32     %403 = imul %296, %402
            div 32     %404 = umul_high %292, %292
            div 32     %405 = iadd %404, %403
            div 32     %406 = ishl %405, %228 (0xc)
            div 32     %407 = imul %292, %292
            div 32     %408 = ushr %407, %103 (0x14)
            div 32     %409 = ior %408, %406
            div 32     %410 = iadd %407, %18 (0x1)
            div 32     %411 = ult32 %410, %407
            div 32     %412 = b2i32 %411
            div 32     %413 = iadd %412, %405
            div 32     %414 = ineg %413
            div 32     %415 = ine32 %410, %1 (0x0)
            div 32     %416 = b2i32 %415
            div 32     %417 = ineg %416
            div 32     %418 = iadd %414, %417
            div 32     %419 = ishl %418, %228 (0xc)
            div 32     %420 = ineg %410
            div 32     %421 = ushr %420, %103 (0x14)
            div 32     %422 = ior %421, %419
            div 32     %423 = ishr %418, %103 (0x14)
            div 32     %424 = ineg %423
            div 32     %425 = iadd %424, %339 (0xffffffff)
            div 32     %426 = ine32 %422, %1 (0x0)
            div 32     %427 = b2i32 %426
            div 32     %428 = ineg %427
            div 32     %429 = iadd %425, %428
            div 32     %430 = ineg %422
            div 32     %431 = iadd %339 (0xffffffff), %430
            div 32     %432 = ult32 %431, %339 (0xffffffff)
            div 32     %433 = b2i32 %432
            div 32     %434 = iadd %429, %433
            div 32     %435 = ige32 %405, %1 (0x0)
            div 32     %436 = ishr %405, %103 (0x14)
            div 32     %437 = b32csel %435, %436, %434
            div 32     %438 = b32csel %435, %409, %431
            con 32     %439 = load_const (0x000002c0 = 704)
            div 32     %440 = iadd %439 (0x2c0), %188
                              @store_scratch_intel (%438, %440)
            con 32     %441 = load_const (0x000002e0 = 736)
            div 32     %442 = iadd %441 (0x2e0), %188
                              @store_scratch_intel (%437, %442)
            div 32     %443 = imul %302, %360
            div 32     %444 = imul %312, %443
            div 32     %445 = umul_high %308, %308
            div 32     %446 = iadd %445, %444
            div 32     %447 = ishl %446, %228 (0xc)
            div 32     %448 = imul %308, %308
            div 32     %449 = ushr %448, %103 (0x14)
            div 32     %450 = ior %449, %447
            div 32     %451 = iadd %448, %18 (0x1)
            div 32     %452 = ult32 %451, %448
            div 32     %453 = b2i32 %452
            div 32     %454 = iadd %453, %446
            div 32     %455 = ineg %454
            div 32     %456 = ine32 %451, %1 (0x0)
            div 32     %457 = b2i32 %456
            div 32     %458 = ineg %457
            div 32     %459 = iadd %455, %458
            div 32     %460 = ishl %459, %228 (0xc)
            div 32     %461 = ineg %451
            div 32     %462 = ushr %461, %103 (0x14)
            div 32     %463 = ior %462, %460
            div 32     %464 = ishr %459, %103 (0x14)
            div 32     %465 = ineg %464
            div 32     %466 = iadd %465, %339 (0xffffffff)
            div 32     %467 = ine32 %463, %1 (0x0)
            div 32     %468 = b2i32 %467
            div 32     %469 = ineg %468
            div 32     %470 = iadd %466, %469
            div 32     %471 = ineg %463
            div 32     %472 = iadd %339 (0xffffffff), %471
            div 32     %473 = ult32 %472, %339 (0xffffffff)
            div 32     %474 = b2i32 %473
            div 32     %475 = iadd %470, %474
            div 32     %476 = ige32 %446, %1 (0x0)
            div 32     %477 = ishr %446, %103 (0x14)
            div 32     %478 = b32csel %476, %477, %475
            div 32     %479 = b32csel %476, %450, %472
            con 32     %480 = load_const (0x00000300 = 768)
            div 32     %481 = iadd %480 (0x300), %188
                              @store_scratch_intel (%479, %481)
            con 32     %482 = load_const (0x00000320 = 800)
            div 32     %483 = iadd %482 (0x320), %188
                              @store_scratch_intel (%478, %483)
            div 32     %484 = iadd %355, %355
            div 32     %485 = imul %354, %484
            div 32     %486 = umul_high %355, %355
            div 32     %487 = iadd %486, %485
            div 32     %488 = ishl %487, %228 (0xc)
            div 32     %489 = imul %355, %355
            div 32     %490 = ushr %489, %103 (0x14)
            div 32     %491 = ior %490, %488
            div 32     %492 = iadd %489, %18 (0x1)
            div 32     %493 = ult32 %492, %489
            div 32     %494 = b2i32 %493
            div 32     %495 = iadd %494, %487
            div 32     %496 = ineg %495
            div 32     %497 = ine32 %492, %1 (0x0)
            div 32     %498 = b2i32 %497
            div 32     %499 = ineg %498
            div 32     %500 = iadd %496, %499
            div 32     %501 = ishl %500, %228 (0xc)
            div 32     %502 = ineg %492
            div 32     %503 = ushr %502, %103 (0x14)
            div 32     %504 = ior %503, %501
            div 32     %505 = ishr %500, %103 (0x14)
            div 32     %506 = ineg %505
            div 32     %507 = iadd %506, %339 (0xffffffff)
            div 32     %508 = ine32 %504, %1 (0x0)
            div 32     %509 = b2i32 %508
            div 32     %510 = ineg %509
            div 32     %511 = iadd %507, %510
            div 32     %512 = ineg %504
            div 32     %513 = iadd %339 (0xffffffff), %512
            div 32     %514 = ult32 %513, %339 (0xffffffff)
            div 32     %515 = b2i32 %514
            div 32     %516 = iadd %511, %515
            div 32     %517 = ige32 %487, %1 (0x0)
            div 32     %518 = ishr %487, %103 (0x14)
            div 32     %519 = b32csel %517, %518, %516
            div 32     %520 = b32csel %517, %491, %513
            con 32     %521 = load_const (0x00000340 = 832)
            div 32     %522 = iadd %521 (0x340), %188
                              @store_scratch_intel (%520, %522)
            con 32     %523 = load_const (0x00000360 = 864)
            div 32     %524 = iadd %523 (0x360), %188
                              @store_scratch_intel (%519, %524)
            div 32     %525 = umul_high %183, %211
            div 32     %526 = imul %183, %211
            div 32     %527 = imul %187, %211
            div 32     %528 = imul %183, %215
            div 32     %529 = iadd %528, %527
            div 32     %530 = iadd %525, %529
            div 32     %531 = ishl %530, %228 (0xc)
            div 32     %532 = ushr %526, %103 (0x14)
            div 32     %533 = ior %532, %531
            div 32     %534 = iadd %526, %18 (0x1)
            div 32     %535 = ult32 %534, %526
            div 32     %536 = b2i32 %535
            div 32     %537 = iadd %536, %530
            div 32     %538 = ineg %537
            div 32     %539 = ine32 %534, %1 (0x0)
            div 32     %540 = b2i32 %539
            div 32     %541 = ineg %540
            div 32     %542 = iadd %538, %541
            div 32     %543 = ishl %542, %228 (0xc)
            div 32     %544 = ineg %534
            div 32     %545 = ushr %544, %103 (0x14)
            div 32     %546 = ior %545, %543
            div 32     %547 = ishr %542, %103 (0x14)
            div 32     %548 = ineg %547
            div 32     %549 = iadd %548, %339 (0xffffffff)
            div 32     %550 = ine32 %546, %1 (0x0)
            div 32     %551 = b2i32 %550
            div 32     %552 = ineg %551
            div 32     %553 = iadd %549, %552
            div 32     %554 = ineg %546
            div 32     %555 = iadd %339 (0xffffffff), %554
            div 32     %556 = ult32 %555, %339 (0xffffffff)
            div 32     %557 = b2i32 %556
            div 32     %558 = iadd %553, %557
            div 32     %559 = ige32 %530, %1 (0x0)
            div 32     %560 = ishr %530, %103 (0x14)
            div 32     %561 = b32csel %559, %560, %558
            div 32     %562 = b32csel %559, %533, %555
            con 32     %563 = load_const (0x00000380 = 896)
            div 32     %564 = iadd %563 (0x380), %188
                              @store_scratch_intel (%562, %564)
            con 32     %565 = load_const (0x000003a0 = 928)
            div 32     %566 = iadd %565 (0x3a0), %188
                              @store_scratch_intel (%561, %566)
            div 32     %567 = umul_high %221, %237
            div 32     %568 = imul %221, %237
            div 32     %569 = imul %225, %237
            div 32     %570 = imul %221, %241
            div 32     %571 = iadd %570, %569
            div 32     %572 = iadd %567, %571
            div 32     %573 = ishl %572, %228 (0xc)
            div 32     %574 = ushr %568, %103 (0x14)
            div 32     %575 = ior %574, %573
            div 32     %576 = iadd %568, %18 (0x1)
            div 32     %577 = ult32 %576, %568
            div 32     %578 = b2i32 %577
            div 32     %579 = iadd %578, %572
            div 32     %580 = ineg %579
            div 32     %581 = ine32 %576, %1 (0x0)
            div 32     %582 = b2i32 %581
            div 32     %583 = ineg %582
            div 32     %584 = iadd %580, %583
            div 32     %585 = ishl %584, %228 (0xc)
            div 32     %586 = ineg %576
            div 32     %587 = ushr %586, %103 (0x14)
            div 32     %588 = ior %587, %585
            div 32     %589 = ishr %584, %103 (0x14)
            div 32     %590 = ineg %589
            div 32     %591 = iadd %590, %339 (0xffffffff)
            div 32     %592 = ine32 %588, %1 (0x0)
            div 32     %593 = b2i32 %592
            div 32     %594 = ineg %593
            div 32     %595 = iadd %591, %594
            div 32     %596 = ineg %588
            div 32     %597 = iadd %339 (0xffffffff), %596
            div 32     %598 = ult32 %597, %339 (0xffffffff)
            div 32     %599 = b2i32 %598
            div 32     %600 = iadd %595, %599
            div 32     %601 = ige32 %572, %1 (0x0)
            div 32     %602 = ishr %572, %103 (0x14)
            div 32     %603 = b32csel %601, %602, %600
            div 32     %604 = b32csel %601, %575, %597
            con 32     %605 = load_const (0x000003c0 = 960)
            div 32     %606 = iadd %605 (0x3c0), %188
                              @store_scratch_intel (%604, %606)
            con 32     %607 = load_const (0x000003e0 = 992)
            div 32     %608 = iadd %607 (0x3e0), %188
                              @store_scratch_intel (%603, %608)
            div 32     %609 = umul_high %247, %261
            div 32     %610 = imul %247, %261
            div 32     %611 = imul %251, %261
            div 32     %612 = imul %247, %265
            div 32     %613 = iadd %612, %611
            div 32     %614 = iadd %609, %613
            div 32     %615 = ishl %614, %228 (0xc)
            div 32     %616 = ushr %610, %103 (0x14)
            div 32     %617 = ior %616, %615
            div 32     %618 = iadd %610, %18 (0x1)
            div 32     %619 = ult32 %618, %610
            div 32     %620 = b2i32 %619
            div 32     %621 = iadd %620, %614
            div 32     %622 = ineg %621
            div 32     %623 = ine32 %618, %1 (0x0)
            div 32     %624 = b2i32 %623
            div 32     %625 = ineg %624
            div 32     %626 = iadd %622, %625
            div 32     %627 = ishl %626, %228 (0xc)
            div 32     %628 = ineg %618
            div 32     %629 = ushr %628, %103 (0x14)
            div 32     %630 = ior %629, %627
            div 32     %631 = ishr %626, %103 (0x14)
            div 32     %632 = ineg %631
            div 32     %633 = iadd %632, %339 (0xffffffff)
            div 32     %634 = ine32 %630, %1 (0x0)
            div 32     %635 = b2i32 %634
            div 32     %636 = ineg %635
            div 32     %637 = iadd %633, %636
            div 32     %638 = ineg %630
            div 32     %639 = iadd %339 (0xffffffff), %638
            div 32     %640 = ult32 %639, %339 (0xffffffff)
            div 32     %641 = b2i32 %640
            div 32     %642 = iadd %637, %641
            div 32     %643 = ige32 %614, %1 (0x0)
            div 32     %644 = ishr %614, %103 (0x14)
            div 32     %645 = b32csel %643, %644, %642
            div 32     %646 = b32csel %643, %617, %639
            con 32     %647 = load_const (0x00000007)
            con 32     %648 = load_const (0x00000400 = 1024)
            div 32     %649 = iadd %648 (0x400), %188
                              @store_scratch_intel (%646, %649)
            con 32     %650 = load_const (0x00000420 = 1056)
            div 32     %651 = iadd %650 (0x420), %188
                              @store_scratch_intel (%645, %651)
            div 32     %652 = umul_high %277, %397
            div 32     %653 = imul %277, %397
            div 32     %654 = imul %281, %397
            div 32     %655 = imul %277, %396
            div 32     %656 = iadd %655, %654
            div 32     %657 = iadd %652, %656
            div 32     %658 = ishl %657, %228 (0xc)
            div 32     %659 = ushr %653, %103 (0x14)
            div 32     %660 = ior %659, %658
            div 32     %661 = iadd %653, %18 (0x1)
            div 32     %662 = ult32 %661, %653
            div 32     %663 = b2i32 %662
            div 32     %664 = iadd %663, %657
            div 32     %665 = ineg %664
            div 32     %666 = ine32 %661, %1 (0x0)
            div 32     %667 = b2i32 %666
            div 32     %668 = ineg %667
            div 32     %669 = iadd %665, %668
            div 32     %670 = ishl %669, %228 (0xc)
            div 32     %671 = ineg %661
            div 32     %672 = ushr %671, %103 (0x14)
            div 32     %673 = ior %672, %670
            div 32     %674 = ishr %669, %103 (0x14)
            div 32     %675 = ineg %674
            div 32     %676 = iadd %675, %339 (0xffffffff)
            div 32     %677 = ine32 %673, %1 (0x0)
            div 32     %678 = b2i32 %677
            div 32     %679 = ineg %678
            div 32     %680 = iadd %676, %679
            div 32     %681 = ineg %673
            div 32     %682 = iadd %339 (0xffffffff), %681
            div 32     %683 = ult32 %682, %339 (0xffffffff)
            div 32     %684 = b2i32 %683
            div 32     %685 = iadd %680, %684
            div 32     %686 = ige32 %657, %1 (0x0)
            div 32     %687 = ishr %657, %103 (0x14)
            div 32     %688 = b32csel %686, %687, %685
            div 32     %689 = b32csel %686, %660, %682
            con 32     %690 = load_const (0x00000440 = 1088)
            div 32     %691 = iadd %690 (0x440), %188
                              @store_scratch_intel (%689, %691)
            con 32     %692 = load_const (0x00000460 = 1120)
            div 32     %693 = iadd %692 (0x460), %188
                              @store_scratch_intel (%688, %693)
            div 32     %694 = umul_high %292, %438
            div 32     %695 = imul %292, %438
            div 32     %696 = imul %296, %438
            div 32     %697 = imul %292, %437
            div 32     %698 = iadd %697, %696
            div 32     %699 = iadd %694, %698
            div 32     %700 = ishl %699, %228 (0xc)
            div 32     %701 = ushr %695, %103 (0x14)
            div 32     %702 = ior %701, %700
            div 32     %703 = iadd %695, %18 (0x1)
            div 32     %704 = ult32 %703, %695
            div 32     %705 = b2i32 %704
            div 32     %706 = iadd %705, %699
            div 32     %707 = ineg %706
            div 32     %708 = ine32 %703, %1 (0x0)
            div 32     %709 = b2i32 %708
            div 32     %710 = ineg %709
            div 32     %711 = iadd %707, %710
            div 32     %712 = ishl %711, %228 (0xc)
            div 32     %713 = ineg %703
            div 32     %714 = ushr %713, %103 (0x14)
            div 32     %715 = ior %714, %712
            div 32     %716 = ishr %711, %103 (0x14)
            div 32     %717 = ineg %716
            div 32     %718 = iadd %717, %339 (0xffffffff)
            div 32     %719 = ine32 %715, %1 (0x0)
            div 32     %720 = b2i32 %719
            div 32     %721 = ineg %720
            div 32     %722 = iadd %718, %721
            div 32     %723 = ineg %715
            div 32     %724 = iadd %339 (0xffffffff), %723
            div 32     %725 = ult32 %724, %339 (0xffffffff)
            div 32     %726 = b2i32 %725
            div 32     %727 = iadd %722, %726
            div 32     %728 = ige32 %699, %1 (0x0)
            div 32     %729 = ishr %699, %103 (0x14)
            div 32     %730 = b32csel %728, %729, %727
            div 32     %731 = b32csel %728, %702, %724
            con 32     %732 = load_const (0x00000480 = 1152)
            div 32     %733 = iadd %732 (0x480), %188
                              @store_scratch_intel (%731, %733)
            con 32     %734 = load_const (0x000004a0 = 1184)
            div 32     %735 = iadd %734 (0x4a0), %188
                              @store_scratch_intel (%730, %735)
            div 32     %736 = umul_high %308, %479
            div 32     %737 = imul %308, %479
            div 32     %738 = imul %312, %479
            div 32     %739 = imul %308, %478
            div 32     %740 = iadd %739, %738
            div 32     %741 = iadd %736, %740
            div 32     %742 = ishl %741, %228 (0xc)
            div 32     %743 = ushr %737, %103 (0x14)
            div 32     %744 = ior %743, %742
            div 32     %745 = iadd %737, %18 (0x1)
            div 32     %746 = ult32 %745, %737
            div 32     %747 = b2i32 %746
            div 32     %748 = iadd %747, %741
            div 32     %749 = ineg %748
            div 32     %750 = ine32 %745, %1 (0x0)
            div 32     %751 = b2i32 %750
            div 32     %752 = ineg %751
            div 32     %753 = iadd %749, %752
            div 32     %754 = ishl %753, %228 (0xc)
            div 32     %755 = ineg %745
            div 32     %756 = ushr %755, %103 (0x14)
            div 32     %757 = ior %756, %754
            div 32     %758 = ishr %753, %103 (0x14)
            div 32     %759 = ineg %758
            div 32     %760 = iadd %759, %339 (0xffffffff)
            div 32     %761 = ine32 %757, %1 (0x0)
            div 32     %762 = b2i32 %761
            div 32     %763 = ineg %762
            div 32     %764 = iadd %760, %763
            div 32     %765 = ineg %757
            div 32     %766 = iadd %339 (0xffffffff), %765
            div 32     %767 = ult32 %766, %339 (0xffffffff)
            div 32     %768 = b2i32 %767
            div 32     %769 = iadd %764, %768
            div 32     %770 = ige32 %741, %1 (0x0)
            div 32     %771 = ishr %741, %103 (0x14)
            div 32     %772 = b32csel %770, %771, %769
            div 32     %773 = b32csel %770, %744, %766
            con 32     %774 = load_const (0x000004c0 = 1216)
            div 32     %775 = iadd %774 (0x4c0), %188
                              @store_scratch_intel (%773, %775)
            con 32     %776 = load_const (0x000004e0 = 1248)
            div 32     %777 = iadd %776 (0x4e0), %188
                              @store_scratch_intel (%772, %777)
            div 32     %778 = umul_high %355, %520
            div 32     %779 = imul %355, %520
            div 32     %780 = imul %354, %520
            div 32     %781 = imul %355, %519
            div 32     %782 = iadd %781, %780
            div 32     %783 = iadd %778, %782
            div 32     %784 = ishl %783, %228 (0xc)
            div 32     %785 = ushr %779, %103 (0x14)
            div 32     %786 = ior %785, %784
            div 32     %787 = iadd %779, %18 (0x1)
            div 32     %788 = ult32 %787, %779
            div 32     %789 = b2i32 %788
            div 32     %790 = iadd %789, %783
            div 32     %791 = ineg %790
            div 32     %792 = ine32 %787, %1 (0x0)
            div 32     %793 = b2i32 %792
            div 32     %794 = ineg %793
            div 32     %795 = iadd %791, %794
            div 32     %796 = ishl %795, %228 (0xc)
            div 32     %797 = ineg %787
            div 32     %798 = ushr %797, %103 (0x14)
            div 32     %799 = ior %798, %796
            div 32     %800 = ishr %795, %103 (0x14)
            div 32     %801 = ineg %800
            div 32     %802 = iadd %801, %339 (0xffffffff)
            div 32     %803 = ine32 %799, %1 (0x0)
            div 32     %804 = b2i32 %803
            div 32     %805 = ineg %804
            div 32     %806 = iadd %802, %805
            div 32     %807 = ineg %799
            div 32     %808 = iadd %339 (0xffffffff), %807
            div 32     %809 = ult32 %808, %339 (0xffffffff)
            div 32     %810 = b2i32 %809
            div 32     %811 = iadd %806, %810
            div 32     %812 = ige32 %783, %1 (0x0)
            div 32     %813 = ishr %783, %103 (0x14)
            div 32     %814 = b32csel %812, %813, %811
            div 32     %815 = b32csel %812, %786, %808
            con 32     %816 = load_const (0x00000500 = 1280)
            div 32     %817 = iadd %816 (0x500), %188
                              @store_scratch_intel (%815, %817)
            con 32     %818 = load_const (0x00000520 = 1312)
            div 32     %819 = iadd %818 (0x520), %188
                              @store_scratch_intel (%814, %819)
            con 32     %820 = load_const (0x00000128 = 296)
            div 32     %821 = iadd %95, %820 (0x128)
            div 32x2   %822 = @load_ssbo (%12 (0x2), %821) (access=readonly|reorderable, align_mul=64, align_offset=40, offset_shift=0)
            div 32     %823 = ushr %822.x, %228 (0xc)
            div 32     %824 = ishl %822.y, %103 (0x14)
            div 32     %825 = ior %824, %823
            div 32     %826 = ishl %822.x, %103 (0x14)
            div 64     %827 = pack_64_2x32_split %826, %825
            con 32     %828 = load_const (0x00000150 = 336)
                              // succs: b14
            div loop {
                div block b14:        // preds: b13 b17
                con 32     %829 = phi b13: %1 (0x0), b17: %964
                div 64     %830 = phi b13: %827, b17: %965
                div 32     %831 = ige32 %829, %97.z
                                  // succs: b15 b16
                if %831 {
                    div block b15:// preds: b14
                    break
                    // succs: b18
                } else {
                    div block b16:  // preds: b14, succs: b17
                }
                div block b17:        // preds: b16
                con 32     %832 = imul_32x16 %829, %647 (0x7)
                div 32     %833 = iadd %107, %832
                con 32     %834 = imul_32x16 %829, %216 (0x1c0)
                div 32     %835 = iadd %834, %188
                div 32     %836 = @load_scratch_intel (%835) (access=none)
                con 32     %837 = iadd %834, %99 (0x20)
                div 32     %838 = iadd %837, %188
                div 32     %839 = @load_scratch_intel (%838) (access=none)
                div 32     %840 = ishl %833, %3 (0x3)
                div 32     %841 = iadd %840, %105 (0x130)
                div 32x4   %842 = @load_ssbo (%12 (0x2), %841) (access=readonly|reorderable, align_mul=8, align_offset=0, offset_shift=0)
                div 32     %843 = umul_high %842.x, %836
                div 32     %844 = imul %842.x, %836
                div 32     %845 = imul %842.y, %836
                div 32     %846 = imul %842.x, %839
                div 32     %847 = iadd %846, %845
                div 32     %848 = iadd %843, %847
                div 32     %849 = unpack_64_2x32_split_x %830
                div 32     %850 = unpack_64_2x32_split_y %830
                div 32     %851 = iadd %849, %844
                div 32     %852 = iadd %850, %848
                div 32     %853 = ult32 %851, %849
                div 32     %854 = b2i32 %853
                div 32     %855 = iadd %854, %852
                con 32     %856 = iadd %834, %226 (0x40)
                div 32     %857 = iadd %856, %188
                div 32     %858 = @load_scratch_intel (%857) (access=none)
                con 32     %859 = iadd %834, %229 (0x60)
                div 32     %860 = iadd %859, %188
                div 32     %861 = @load_scratch_intel (%860) (access=none)
                div 32     %862 = umul_high %842.z, %858
                div 32     %863 = imul %842.z, %858
                div 32     %864 = imul %842.w, %858
                div 32     %865 = imul %842.z, %861
                div 32     %866 = iadd %865, %864
                div 32     %867 = iadd %862, %866
                div 32     %868 = iadd %851, %863
                div 32     %869 = iadd %855, %867
                div 32     %870 = ult32 %868, %851
                div 32     %871 = b2i32 %870
                div 32     %872 = iadd %871, %869
                con 32     %873 = iadd %834, %252 (0x80)
                div 32     %874 = iadd %873, %188
                div 32     %875 = @load_scratch_intel (%874) (access=none)
                con 32     %876 = iadd %834, %71 (0xa0)
                div 32     %877 = iadd %876, %188
                div 32     %878 = @load_scratch_intel (%877) (access=none)
                div 32     %879 = iadd %313 (0x140), %840
                div 32x4   %880 = @load_ssbo (%12 (0x2), %879) (access=readonly|reorderable, align_mul=8, align_offset=0, offset_shift=0)
                div 32     %881 = umul_high %880.x, %875
                div 32     %882 = imul %880.x, %875
                div 32     %883 = imul %880.y, %875
                div 32     %884 = imul %880.x, %878
                div 32     %885 = iadd %884, %883
                div 32     %886 = iadd %881, %885
                div 32     %887 = iadd %868, %882
                div 32     %888 = iadd %872, %886
                div 32     %889 = ult32 %887, %868
                div 32     %890 = b2i32 %889
                div 32     %891 = iadd %890, %888
                con 32     %892 = iadd %834, %94 (0xc0)
                div 32     %893 = iadd %892, %188
                div 32     %894 = @load_scratch_intel (%893) (access=none)
                con 32     %895 = iadd %834, %283 (0xe0)
                div 32     %896 = iadd %895, %188
                div 32     %897 = @load_scratch_intel (%896) (access=none)
                div 32     %898 = umul_high %880.z, %894
                div 32     %899 = imul %880.z, %894
                div 32     %900 = imul %880.w, %894
                div 32     %901 = imul %880.z, %897
                div 32     %902 = iadd %901, %900
                div 32     %903 = iadd %898, %902
                div 32     %904 = iadd %887, %899
                div 32     %905 = iadd %891, %903
                div 32     %906 = ult32 %904, %887
                div 32     %907 = b2i32 %906
                div 32     %908 = iadd %907, %905
                con 32     %909 = iadd %834, %297 (0x100)
                div 32     %910 = iadd %909, %188
                div 32     %911 = @load_scratch_intel (%910) (access=none)
                con 32     %912 = iadd %834, %299 (0x120)
                div 32     %913 = iadd %912, %188
                div 32     %914 = @load_scratch_intel (%913) (access=none)
                div 32     %915 = iadd %828 (0x150), %840
                div 32x4   %916 = @load_ssbo (%12 (0x2), %915) (access=readonly|reorderable, align_mul=8, align_offset=0, offset_shift=0)
                div 32     %917 = umul_high %916.x, %911
                div 32     %918 = imul %916.x, %911
                div 32     %919 = imul %916.y, %911
                div 32     %920 = imul %916.x, %914
                div 32     %921 = iadd %920, %919
                div 32     %922 = iadd %917, %921
                div 32     %923 = iadd %904, %918
                div 32     %924 = iadd %908, %922
                div 32     %925 = ult32 %923, %904
                div 32     %926 = b2i32 %925
                div 32     %927 = iadd %926, %924
                con 32     %928 = iadd %834, %313 (0x140)
                div 32     %929 = iadd %928, %188
                div 32     %930 = @load_scratch_intel (%929) (access=none)
                con 32     %931 = iadd %834, %315 (0x160)
                div 32     %932 = iadd %931, %188
                div 32     %933 = @load_scratch_intel (%932) (access=none)
                div 32     %934 = umul_high %916.z, %930
                div 32     %935 = imul %916.z, %930
                div 32     %936 = imul %916.w, %930
                div 32     %937 = imul %916.z, %933
                div 32     %938 = iadd %937, %936
                div 32     %939 = iadd %934, %938
                div 32     %940 = iadd %923, %935
                div 32     %941 = iadd %927, %939
                div 32     %942 = ult32 %940, %923
                div 32     %943 = b2i32 %942
                div 32     %944 = iadd %943, %941
                con 32     %945 = iadd %834, %356 (0x180)
                div 32     %946 = iadd %945, %188
                div 32     %947 = @load_scratch_intel (%946) (access=none)
                con 32     %948 = iadd %834, %358 (0x1a0)
                div 32     %949 = iadd %948, %188
                div 32     %950 = @load_scratch_intel (%949) (access=none)
                div 32     %951 = iadd %315 (0x160), %840
                div 32x2   %952 = @load_ssbo (%12 (0x2), %951) (access=readonly|reorderable, align_mul=8, align_offset=0, offset_shift=0)
                div 32     %953 = umul_high %952.x, %947
                div 32     %954 = imul %952.x, %947
                div 32     %955 = imul %952.y, %947
                div 32     %956 = imul %952.x, %950
                div 32     %957 = iadd %956, %955
                div 32     %958 = iadd %953, %957
                div 32     %959 = iadd %940, %954
                div 32     %960 = iadd %944, %958
                div 32     %961 = ult32 %959, %940
                div 32     %962 = b2i32 %961
                div 32     %963 = iadd %962, %960
                con 32     %964 = iadd %829, %18 (0x1)
                div 64     %965 = pack_64_2x32_split %959, %963
                                  // succs: b14
            }
            div block b18:        // preds: b15
            div 64     %966 = phi b15: %830
                              // succs: b19
        }
        div block b19:        // preds: b12 b18
        div 64     %967 = phi b12: %167, b18: %966
        div 32     %968 = unpack_64_2x32_split_y %967
        div 32     %969 = unpack_64_2x32_split_x %967
        con 32     %970 = load_const (0x00000028 = 40)
        con 32x2   %971 = @load_ssbo (%12 (0x2), %970 (0x28)) (access=readonly|reorderable, align_mul=1073741824, align_offset=40, offset_shift=0)
        con 32     %972 = iadd %971.x, %19 (0x4)
        con 32     %973 = iand %972, %9 (0x3f)
        div 32     %974 = ushr %969, %973
        div 32     %975 = ishr %968, %973
        con 32     %976 = iadd %973, %106 (0xffffffe0)
        con 32     %977 = iabs %976
        div 32     %978 = ishl %968, %977
        div 32     %979 = ior %974, %978
        div 32     %980 = ishr %968, %977
        con 32     %981 = uge32 %973, %99 (0x20)
        con 32     %982 = load_const (0x0000001f = 31)
        div 32     %983 = ishr %968, %982 (0x1f)
        div 32     %984 = b32csel %981, %983, %975
        div 32     %985 = b32csel %981, %980, %979
        con 32     %986 = ieq32 %973, %1 (0x0)
        div 32     %987 = b32csel %986, %968, %984
        div 32     %988 = b32csel %986, %969, %985
        div 32     %989 = iadd %969, %18 (0x1)
        div 32     %990 = ult32 %989, %969
        div 32     %991 = b2i32 %990
        div 32     %992 = iadd %991, %968
        div 32     %993 = ineg %992
        div 32     %994 = ine32 %989, %1 (0x0)
        div 32     %995 = b2i32 %994
        div 32     %996 = ineg %995
        div 32     %997 = iadd %993, %996
        div 32     %998 = ineg %989
        div 32     %999 = ushr %998, %973
        div 32    %1000 = ishr %997, %973
        div 32    %1001 = ishl %997, %977
        div 32    %1002 = ior %999, %1001
        div 32    %1003 = ishr %997, %977
        div 32    %1004 = ishr %997, %982 (0x1f)
        div 32    %1005 = b32csel %981, %1004, %1000
        div 32    %1006 = b32csel %981, %1003, %1002
        div 32    %1007 = b32csel %986, %997, %1005
        div 32    %1008 = b32csel %986, %998, %1006
        con 32    %1009 = load_const (0xffffffff = -1 = 4294967295)
        div 32    %1010 = ineg %1007
        div 32    %1011 = iadd %1010, %1009 (0xffffffff)
        div 32    %1012 = ine32 %1008, %1 (0x0)
        div 32    %1013 = b2i32 %1012
        div 32    %1014 = ineg %1013
        div 32    %1015 = iadd %1011, %1014
        div 32    %1016 = ineg %1008
        div 32    %1017 = iadd %1009 (0xffffffff), %1016
        div 32    %1018 = ult32 %1017, %1009 (0xffffffff)
        div 32    %1019 = b2i32 %1018
        div 32    %1020 = iadd %1015, %1019
        div 32    %1021 = ige32 %968, %1 (0x0)
        div 32    %1022 = b32csel %1021, %987, %1020
        div 32    %1023 = b32csel %1021, %988, %1017
        div 32    %1024 = ieq32 %1 (0x0), %1022
        con 32    %1025 = load_const (0x0000ffff = 65535)
        div 32    %1026 = ult32 %1025 (0xffff), %1023
        div 32    %1027 = iand %1024, %1026
        div 32    %1028 = ilt32 %1 (0x0), %1022
        div 32    %1029 = ior %1028, %1027
        div 32    %1030 = b32csel %1029, %1025 (0xffff), %1023
        div 32    %1031 = ilt32 %1022, %1 (0x0)
        div 32    %1032 = ior %1031, %1029
        div 32    %1033 = b32csel %1032, %1 (0x0), %1022
        div 32    %1034 = b32csel %1031, %1 (0x0), %1030
        con 32x2  %1035 = @load_ssbo (%12 (0x2), %104 (0x10)) (access=readonly|reorderable, align_mul=1073741824, align_offset=16, offset_shift=0)
        con 32    %1036 = ieq32 %1035.y, %1 (0x0)
        con 32    %1037 = ieq32 %1035.x, %18 (0x1)
        con 32    %1038 = iand %1036, %1037
                          // succs: b20 b24
        if %1038 {
            div block b20:        // preds: b19
            con 32    %1039 = load_const (0x00000038 = 56)
            con 32x2  %1040 = @load_ssbo (%12 (0x2), %1039 (0x38)) (access=readonly|reorderable, align_mul=1073741824, align_offset=56, offset_shift=0)
            con 32    %1041 = ineg %1040.y
            con 32    %1042 = ine32 %1040.x, %1 (0x0)
            con 32    %1043 = b2i32 %1042
            con 32    %1044 = ineg %1043
            con 32    %1045 = iadd %1041, %1044
            con 32    %1046 = ineg %1040.x
            div 32    %1047 = iadd %21.w, %1046
            div 32    %1048 = ult32 %1047, %21.w
            div 32    %1049 = b2i32 %1048
            div 32    %1050 = iadd %1049, %1045
            div 32    %1051 = ior %1047, %1050
            div 32    %1052 = ine32 %1051, %1 (0x0)
                              // succs: b21 b22
            if %1052 {
                div block b21:        // preds: b20
                div 32    %1053 = ieq32 %1 (0x0), %1050
                div 32    %1054 = ine32 %1047, %1 (0x0)
                div 32    %1055 = iand %1053, %1054
                div 32    %1056 = ilt32 %1 (0x0), %1050
                div 32    %1057 = ior %1056, %1055
                con 32    %1058 = load_const (0x00000030 = 48)
                con 32x2  %1059 = @load_ssbo (%12 (0x2), %1058 (0x30)) (access=readonly|reorderable, align_mul=1073741824, align_offset=48, offset_shift=0)
                con 32    %1060 = ineg %1059.x
                con 32    %1061 = load_const (0x0000000a = 10)
                con 32    %1062 = iadd %1061 (0xa), %1060
                con 32    %1063 = iand %1062, %9 (0x3f)
                con 32    %1064 = uge32 %1063, %99 (0x20)
                con 32    %1065 = iadd %1063, %106 (0xffffffe0)
                con 32    %1066 = iabs %1065
                con 32    %1067 = ushr %18 (0x1), %1066
                con 32    %1068 = ishl %18 (0x1), %1066
                con 32    %1069 = b32csel %1064, %1068, %1067
                con 32    %1070 = ishl %18 (0x1), %1063
                con 32    %1071 = b32csel %1064, %1 (0x0), %1070
                con 32    %1072 = ieq32 %1063, %1 (0x0)
                con 32    %1073 = b32csel %1072, %1 (0x0), %1069
                con 32    %1074 = b32csel %1072, %18 (0x1), %1071
                con 32    %1075 = ushr %1074, %982 (0x1f)
                con 32    %1076 = ishl %1073, %18 (0x1)
                con 32    %1077 = ior %1076, %1075
                con 32    %1078 = load_const (0x00000050 = 80)
                con 32x2  %1079 = @load_ssbo (%12 (0x2), %1078 (0x50)) (access=readonly|reorderable, align_mul=1073741824, align_offset=80, offset_shift=0)
                con 32    %1080 = ishl %1074, %18 (0x1)
                con 32    %1081 = umul_high %1080, %1079.x
                con 32    %1082 = imul %1080, %1079.x
                con 32    %1083 = imul %1077, %1079.x
                con 32    %1084 = imul %1080, %1079.y
                con 32    %1085 = iadd %1084, %1083
                con 32    %1086 = iadd %1081, %1085
                div 32    %1087 = ushr %1047, %982 (0x1f)
                div 32    %1088 = ishl %1050, %18 (0x1)
                div 32    %1089 = ior %1088, %1087
                div 32    %1090 = b32csel %1057, %1009 (0xffffffff), %18 (0x1)
                div 32    %1091 = ishl %1047, %18 (0x1)
                div 32    %1092 = iadd %1091, %1090
                div 32    %1093 = b2i32 %1057
                div 32    %1094 = ineg %1093
                div 32    %1095 = iadd %1089, %1094
                div 32    %1096 = ult32 %1092, %1091
                div 32    %1097 = b2i32 %1096
                div 32    %1098 = iadd %1097, %1095
                con 32    %1099 = load_const (0x00000040 = 64)
                con 32x4  %1100 = @load_ssbo_uniform_block_intel (%12 (0x2), %1099 (0x40)) (access=readonly|reorderable, align_mul=1073741824, align_offset=64, base=0)
                div 32    %1101 = umul_high %1092, %1100.x
                div 32    %1102 = imul %1092, %1100.x
                div 32    %1103 = imul %1098, %1100.x
                div 32    %1104 = imul %1092, %1100.y
                div 32    %1105 = iadd %1104, %1103
                div 32    %1106 = iadd %1101, %1105
                div 32    %1107 = b32csel %1057, %12 (0x2), %75 (0xfffffffe)
                div 32    %1108 = umul_high %1107, %1100.z
                div 32    %1109 = imul %1107, %1100.z
                div 32    %1110 = b32csel %1057, %1 (0x0), %1100.z
                div 32    %1111 = imul %1107, %1100.w
                div 32    %1112 = ineg %1110
                div 32    %1113 = iadd %1111, %1112
                div 32    %1114 = iadd %1108, %1113
                div 32    %1115 = iadd %1102, %1109
                div 32    %1116 = iadd %1106, %1114
                div 32    %1117 = ult32 %1115, %1102
                div 32    %1118 = b2i32 %1117
                div 32    %1119 = iadd %1118, %1116
                div 32    %1120 = umul_high %1115, %1074
                div 32    %1121 = imul %1115, %1074
                div 32    %1122 = imul %1119, %1074
                div 32    %1123 = imul %1115, %1073
                div 32    %1124 = iadd %1123, %1122
                div 32    %1125 = iadd %1120, %1124
                con 32    %1126 = ineg %1086
                con 32    %1127 = ine32 %1082, %1 (0x0)
                con 32    %1128 = b2i32 %1127
                con 32    %1129 = ineg %1128
                con 32    %1130 = iadd %1126, %1129
                div 32    %1131 = ieq32 %1125, %1130
                con 32    %1132 = ineg %1082
                div 32    %1133 = ult32 %1121, %1132
                div 32    %1134 = iand %1131, %1133
                div 32    %1135 = ilt32 %1125, %1130
                div 32    %1136 = ior %1135, %1134
                div 32    %1137 = ieq32 %1086, %1125
                div 32    %1138 = ult32 %1082, %1121
                div 32    %1139 = iand %1137, %1138
                div 32    %1140 = ilt32 %1086, %1125
                div 32    %1141 = ior %1140, %1139
                div 32    %1142 = b32csel %1141, %1086, %1125
                div 32    %1143 = b32csel %1141, %1082, %1121
                div 32    %1144 = b32csel %1136, %1130, %1142
                div 32    %1145 = b32csel %1136, %1132, %1143
                con 32    %1146 = load_const (0xfffffffb = -5 = 4294967291)
                con 32    %1147 = iadd %971.x, %1146 (0xfffffffb)
                con 32    %1148 = iadd %1147, %1060
                con 32    %1149 = iand %1148, %9 (0x3f)
                div 32    %1150 = ushr %1145, %1149
                div 32    %1151 = ishr %1144, %1149
                con 32    %1152 = iadd %1149, %106 (0xffffffe0)
                con 32    %1153 = iabs %1152
                div 32    %1154 = ishl %1144, %1153
                div 32    %1155 = ior %1150, %1154
                div 32    %1156 = ishr %1144, %1153
                con 32    %1157 = uge32 %1149, %99 (0x20)
                div 32    %1158 = ishr %1144, %982 (0x1f)
                div 32    %1159 = b32csel %1157, %1158, %1151
                div 32    %1160 = b32csel %1157, %1156, %1155
                con 32    %1161 = ieq32 %1149, %1 (0x0)
                div 32    %1162 = b32csel %1161, %1144, %1159
                div 32    %1163 = b32csel %1161, %1145, %1160
                div 32    %1164 = iadd %1145, %18 (0x1)
                div 32    %1165 = ult32 %1164, %1145
                div 32    %1166 = b2i32 %1165
                div 32    %1167 = iadd %1166, %1144
                div 32    %1168 = ineg %1167
                div 32    %1169 = ine32 %1164, %1 (0x0)
                div 32    %1170 = b2i32 %1169
                div 32    %1171 = ineg %1170
                div 32    %1172 = iadd %1168, %1171
                div 32    %1173 = ineg %1164
                div 32    %1174 = ushr %1173, %1149
                div 32    %1175 = ishr %1172, %1149
                div 32    %1176 = ishl %1172, %1153
                div 32    %1177 = ior %1174, %1176
                div 32    %1178 = ishr %1172, %1153
                div 32    %1179 = ishr %1172, %982 (0x1f)
                div 32    %1180 = b32csel %1157, %1179, %1175
                div 32    %1181 = b32csel %1157, %1178, %1177
                div 32    %1182 = b32csel %1161, %1172, %1180
                div 32    %1183 = b32csel %1161, %1173, %1181
                div 32    %1184 = ineg %1182
                div 32    %1185 = iadd %1184, %1009 (0xffffffff)
                div 32    %1186 = ine32 %1183, %1 (0x0)
                div 32    %1187 = b2i32 %1186
                div 32    %1188 = ineg %1187
                div 32    %1189 = iadd %1185, %1188
                div 32    %1190 = ineg %1183
                div 32    %1191 = iadd %1009 (0xffffffff), %1190
                div 32    %1192 = ult32 %1191, %1009 (0xffffffff)
                div 32    %1193 = b2i32 %1192
                div 32    %1194 = iadd %1189, %1193
                div 32    %1195 = ige32 %1144, %1 (0x0)
                div 32    %1196 = b32csel %1195, %1162, %1194
                div 32    %1197 = b32csel %1195, %1163, %1191
                div 64    %1198 = pack_64_2x32_split %1197, %1196
                                  // succs: b23
            } else {
                div block b22:  // preds: b20, succs: b23
            }
            div block b23:        // preds: b21 b22
            div 64    %1199 = phi b21: %1198, b22: %102 (0x0)
                              // succs: b25
        } else {
            div block b24:  // preds: b19, succs: b25
        }
        div block b25:        // preds: b23 b24
        div 64    %1200 = phi b23: %1199, b24: %102 (0x0)
        div 32    %1201 = unpack_64_2x32_split_x %1200
        div 32    %1202 = unpack_64_2x32_split_y %1200
        div 32    %1203 = iadd %1034, %1201
        div 32    %1204 = iadd %1033, %1202
        div 32    %1205 = ult32 %1203, %1034
        div 32    %1206 = b2i32 %1205
        div 32    %1207 = iadd %1206, %1204
        con 32x2  %1208 = @load_ssbo (%12 (0x2), %101 (0x18)) (access=readonly|reorderable, align_mul=1073741824, align_offset=24, offset_shift=0)
        con 32    %1209 = ineg %1208.x
        con 32    %1210 = load_const (0x0000000f = 15)
        con 32    %1211 = iadd %1210 (0xf), %1209
        con 32    %1212 = iand %1211, %9 (0x3f)
        con 32    %1213 = uge32 %1212, %99 (0x20)
        con 32    %1214 = iadd %1212, %106 (0xffffffe0)
        con 32    %1215 = iabs %1214
        con 32    %1216 = ushr %18 (0x1), %1215
        con 32    %1217 = ishl %18 (0x1), %1215
        con 32    %1218 = b32csel %1213, %1217, %1216
        con 32    %1219 = ishl %18 (0x1), %1212
        con 32    %1220 = b32csel %1213, %1 (0x0), %1219
        con 32    %1221 = ieq32 %1212, %1 (0x0)
        con 32    %1222 = b32csel %1221, %1 (0x0), %1218
        con 32    %1223 = b32csel %1221, %18 (0x1), %1220
        div 32    %1224 = iadd %1203, %1223
        div 32    %1225 = iadd %1207, %1222
        div 32    %1226 = ult32 %1224, %1203
        div 32    %1227 = b2i32 %1226
        div 32    %1228 = iadd %1227, %1225
        con 32    %1229 = iadd %104 (0x10), %1209
        con 32    %1230 = iand %1229, %9 (0x3f)
        div 32    %1231 = ushr %1224, %1230
        div 32    %1232 = ishr %1228, %1230
        con 32    %1233 = iadd %1230, %106 (0xffffffe0)
        con 32    %1234 = iabs %1233
        div 32    %1235 = ishl %1228, %1234
        div 32    %1236 = ior %1231, %1235
        div 32    %1237 = ishr %1228, %1234
        con 32    %1238 = uge32 %1230, %99 (0x20)
        div 32    %1239 = ishr %1228, %982 (0x1f)
        div 32    %1240 = b32csel %1238, %1239, %1232
        div 32    %1241 = b32csel %1238, %1237, %1236
        con 32    %1242 = ieq32 %1230, %1 (0x0)
        div 32    %1243 = b32csel %1242, %1228, %1240
        div 32    %1244 = b32csel %1242, %1224, %1241
        div 32    %1245 = iadd %1224, %18 (0x1)
        div 32    %1246 = ult32 %1245, %1224
        div 32    %1247 = b2i32 %1246
        div 32    %1248 = iadd %1247, %1228
        div 32    %1249 = ineg %1248
        div 32    %1250 = ine32 %1245, %1 (0x0)
        div 32    %1251 = b2i32 %1250
        div 32    %1252 = ineg %1251
        div 32    %1253 = iadd %1249, %1252
        div 32    %1254 = ineg %1245
        div 32    %1255 = ushr %1254, %1230
        div 32    %1256 = ishr %1253, %1230
        div 32    %1257 = ishl %1253, %1234
        div 32    %1258 = ior %1255, %1257
        div 32    %1259 = ishr %1253, %1234
        div 32    %1260 = ishr %1253, %982 (0x1f)
        div 32    %1261 = b32csel %1238, %1260, %1256
        div 32    %1262 = b32csel %1238, %1259, %1258
        div 32    %1263 = b32csel %1242, %1253, %1261
        div 32    %1264 = b32csel %1242, %1254, %1262
        div 32    %1265 = ineg %1263
        div 32    %1266 = iadd %1265, %1009 (0xffffffff)
        div 32    %1267 = ine32 %1264, %1 (0x0)
        div 32    %1268 = b2i32 %1267
        div 32    %1269 = ineg %1268
        div 32    %1270 = iadd %1266, %1269
        div 32    %1271 = ineg %1264
        div 32    %1272 = iadd %1009 (0xffffffff), %1271
        div 32    %1273 = ult32 %1272, %1009 (0xffffffff)
        div 32    %1274 = b2i32 %1273
        div 32    %1275 = iadd %1270, %1274
        div 32    %1276 = ige32 %1228, %1 (0x0)
        div 32    %1277 = b32csel %1276, %1243, %1275
        div 32    %1278 = b32csel %1276, %1244, %1272
        con 32    %1279 = iand %1208.x, %9 (0x3f)
        con 32    %1280 = uge32 %1279, %99 (0x20)
        con 32    %1281 = iadd %1279, %106 (0xffffffe0)
        con 32    %1282 = iabs %1281
        con 32    %1283 = ushr %18 (0x1), %1282
        con 32    %1284 = ishl %18 (0x1), %1282
        con 32    %1285 = b32csel %1280, %1284, %1283
        con 32    %1286 = ishl %18 (0x1), %1279
        con 32    %1287 = b32csel %1280, %1 (0x0), %1286
        con 32    %1288 = ieq32 %1279, %1 (0x0)
        con 32    %1289 = b32csel %1288, %18 (0x1), %1287
        con 32    %1290 = iadd %1285, %1009 (0xffffffff)
        con 32    %1291 = b32csel %1288, %1009 (0xffffffff), %1290
        con 32    %1292 = iadd %1289, %1009 (0xffffffff)
        con 32    %1293 = ult32 %1292, %1289
        con 32    %1294 = b2i32 %1293
        con 32    %1295 = iadd %1294, %1291
        div 32    %1296 = ieq32 %1295, %1277
        div 32    %1297 = ult32 %1292, %1278
        div 32    %1298 = iand %1296, %1297
        div 32    %1299 = ilt32 %1295, %1277
        div 32    %1300 = ior %1299, %1298
        div 32    %1301 = b32csel %1300, %1292, %1278
        div 32    %1302 = ilt32 %1277, %1 (0x0)
        div 32    %1303 = b32csel %1302, %1 (0x0), %1301
        div 32x4  %1304 = vec4 %1034, %1201, %1203, %1303
                          @store_ssbo (%1304, %1 (0x0), %20) (wrmask=xyzw, access=writeonly, align_mul=16, align_offset=0, offset_shift=0)
                          // succs: b27
    } else {
        div block b26:  // preds: b0, succs: b27
    }
    con block b27:  // preds: b25 b26, succs: b28
    block b28:
}

NIR (final form) for compute shader:
shader: MESA_SHADER_COMPUTE
source_blake3: {0xcdb9fc45, 0x31b59d84, 0x07d0359d, 0x5467b91c, 0xd0948f88, 0x39bfb128, 0x4e0c01be, 0xa20d0eb0}
name: GLSL2
workgroup_size: 64, 1, 1
num_ssbos: 3
system_values_read: 0x00000000'00000000'00008400'00000000
max_subgroup_size: 8
min_subgroup_size: 8
bit_sizes_int: 0x61
first_ubo_is_default_ubo: true
flrp_lowered: true
writes_memory: true
scratch: 168
decl_var ssbo INTERP_MODE_NONE writeonly ivec4[] results (0, 0, 2)
decl_var ssbo INTERP_MODE_NONE readonly uvec4[] samples (0, 1, 1)
decl_var ssbo INTERP_MODE_NONE readonly int64_t[] m (0, 2, 0)
decl_function main () (entrypoint)

impl main {
    con block b0:         // preds:
    con 32       %0 = @decl_reg (num_components=1, num_array_elems=0, bit_size=32, divergent=0)
    con 32       %1 = @decl_reg (num_components=1, num_array_elems=0, bit_size=32, divergent=0)
    div 32       %2 = @decl_reg (num_components=1, num_array_elems=0, bit_size=32, divergent=1)
    div 32       %3 = @decl_reg (num_components=1, num_array_elems=0, bit_size=64, divergent=1)
    con 32       %4 = @decl_reg (num_components=1, num_array_elems=0, bit_size=32, divergent=0)
    con 32       %5 = @decl_reg (num_components=1, num_array_elems=0, bit_size=32, divergent=0)
    div 32       %6 = @decl_reg (num_components=1, num_array_elems=0, bit_size=64, divergent=1)
    div 32       %7 = @decl_reg (num_components=1, num_array_elems=0, bit_size=64, divergent=1)
    con 32x3     %8 = @load_workgroup_id
    con 32       %9 = load_const (0x00000000)
    con 32      %10 = @load_push_data_intel (%9 (0x0)) (base=0, range=4, access=none)
    con 32      %11 = load_const (0x00000003)
    con 32      %12 = ishl %10, %11 (0x3)
    div 32      %13 = @load_subgroup_invocation
    div 32      %14 = iadd %13, %12
    con 32      %15 = load_const (0x00000006)
    con 32      %16 = ishl %8.x, %15 (0x6)
    con 32      %17 = load_const (0x0000003f = 63)
    div 32      %18 = iand %14, %17 (0x3f)
    div 32      %19 = iadd %16, %18
    con 32      %20 = load_const (0x00000002)
    con 32x2    %21 = @load_ssbo (%20 (0x2), %9 (0x0)) (access=readonly|reorderable, align_mul=1073741824, align_offset=0, offset_shift=0)
    div 32      %22 = ult32 %19, %21.x
                      // succs: b1 b26
    if %22 {
        div block b1:         // preds: b0
        con 32      %23 = load_const (0x00000008)
        con 32x2    %24 = @load_ssbo (%20 (0x2), %23 (0x8)) (access=readonly|reorderable, align_mul=1073741824, align_offset=8, offset_shift=0)
        con 32      %25 = ilt32 %24.x, %11 (0x3)
        con 32      %26 = load_const (0x00000001)
        con 32      %27 = load_const (0x00000004)
        div 32      %28 = ishl %19, %27 (0x4)
        div 32x4    %29 = @load_ssbo (%26 (0x1), %28) (access=readonly|reorderable, align_mul=16, align_offset=0, offset_shift=0)
        div 32      %30 = b32csel %25, %29.z, %29.w
        con 32      %31 = ilt32 %24.x, %26 (0x1)
        div 32      %32 = b32csel %31, %29.x, %29.y
        con 32      %33 = ilt32 %24.x, %20 (0x2)
        div 32      %34 = b32csel %33, %32, %30
        con 32      %35 = load_const (0x00000058 = 88)
        con 32x16   %36 = @load_ssbo_uniform_block_intel (%20 (0x2), %35 (0x58)) (access=readonly|reorderable, align_mul=1073741824, align_offset=88, base=0)
        con 32      %37 = ieq32 %9 (0x0), %36.b
        div 32      %38 = ult32 %29.x, %36.a
        div 32      %39 = iand %37, %38
        con 32      %40 = ilt32 %9 (0x0), %36.b
        div 32      %41 = ior %40, %39
        con 32      %42 = ieq32 %36.d, %9 (0x0)
        div 32      %43 = ult32 %36.c, %29.x
        div 32      %44 = iand %42, %43
        con 32      %45 = ilt32 %36.d, %9 (0x0)
        div 32      %46 = ior %45, %44
        div 32      %47 = b32csel %46, %36.d, %9 (0x0)
        div 32      %48 = b32csel %46, %36.c, %29.x
        div 32      %49 = b32csel %41, %36.b, %47
        div 32      %50 = b32csel %41, %36.a, %48
        con 32      %51 = ieq32 %9 (0x0), %36.f
        div 32      %52 = ult32 %29.y, %36.e
        div 32      %53 = iand %51, %52
        con 32      %54 = ilt32 %9 (0x0), %36.f
        div 32      %55 = ior %54, %53
        con 32      %56 = ieq32 %36.h, %9 (0x0)
        div 32      %57 = ult32 %36.g, %29.y
        div 32      %58 = iand %56, %57
        con 32      %59 = ilt32 %36.h, %9 (0x0)
        div 32      %60 = ior %59, %58
        div 32      %61 = b32csel %60, %36.h, %9 (0x0)
        div 32      %62 = b32csel %60, %36.g, %29.y
        div 32      %63 = b32csel %55, %36.f, %61
        div 32      %64 = b32csel %55, %36.e, %62
        con 32      %65 = ieq32 %9 (0x0), %36.j
        div 32      %66 = ult32 %29.z, %36.i
        div 32      %67 = iand %65, %66
        con 32      %68 = ilt32 %9 (0x0), %36.j
        div 32      %69 = ior %68, %67
        con 32      %70 = ieq32 %36.l, %9 (0x0)
        div 32      %71 = ult32 %36.k, %29.z
        div 32      %72 = iand %70, %71
        con 32      %73 = ilt32 %36.l, %9 (0x0)
        div 32      %74 = ior %73, %72
        div 32      %75 = b32csel %74, %36.l, %9 (0x0)
        div 32      %76 = b32csel %74, %36.k, %29.z
        div 32      %77 = b32csel %69, %36.j, %75
        div 32      %78 = b32csel %69, %36.i, %76
        con 32      %79 = load_const (0x000000a0 = 160)
        con 32      %80 = load_const (0x00000088 = 136)
        con 32x2    %81 = @load_ssbo (%20 (0x2), %80 (0x88)) (access=readonly|reorderable, align_mul=1073741824, align_offset=136, offset_shift=0)
        con 32      %82 = load_const (0x00000098 = 0.000000 = 152)
        con 32      %83 = load_const (0xfffffffe = -2 = 4294967294)
        con 32      %84 = iadd %81.x, %83 (0xfffffffe)
        con 32      %85 = mov %82 (0x98)
                          @store_reg (%85, %1) (base=0, wrmask=x, legacy_fsat=0)
        con 32      %86 = mov %9 (0x0)
                          @store_reg (%86, %0) (base=0, wrmask=x, legacy_fsat=0)
                          // succs: b2
        div loop {
            div block b2:         // preds: b1 b5
            con 32      %87 = @load_reg (%1) (base=0, legacy_fabs=0, legacy_fneg=0)
            con 32x2    %88 = @load_ssbo (%20 (0x2), %87) (access=readonly|reorderable, align_mul=8, align_offset=0, offset_shift=0)
            con 32      %89 = ieq32 %9 (0x0), %88.y
            div 32      %90 = ult32 %34, %88.x
            div 32      %91 = iand %89, %90
            con 32      %92 = ilt32 %9 (0x0), %88.y
            div 32      %93 = ior %92, %91
            div 32      %94 = inot %93
            con 32      %95 = @load_reg (%0) (base=0, legacy_fabs=0, legacy_fneg=0)
            con 32      %96 = ilt32 %95, %84
            div 32      %97 = iand %96, %94
            div 32      %98 = inot %97
                              // succs: b3 b4
            if %98 {
                div block b3:         // preds: b2
                con 32      %99 = @load_reg (%0) (base=0, legacy_fabs=0, legacy_fneg=0)
                con 32     %100 = mov %99
                                  @store_reg (%100, %2) (base=0, wrmask=x, legacy_fsat=0)
                                  break
                                  // succs: b6
            } else {
                div block b4:  // preds: b2, succs: b5
            }
            div block b5:         // preds: b4
            con 32     %101 = @load_reg (%0) (base=0, legacy_fabs=0, legacy_fneg=0)
            con 32     %102 = ishl %101, %11 (0x3)
            con 32     %103 = iadd %102, %79 (0xa0)
                              @store_reg (%103, %1) (base=0, wrmask=x, legacy_fsat=0)
            con 32     %104 = @load_reg (%0) (base=0, legacy_fabs=0, legacy_fneg=0)
            con 32     %105 = iadd %104, %26 (0x1)
                              @store_reg (%105, %0) (base=0, wrmask=x, legacy_fsat=0)
                              // succs: b2
        }
        div block b6:         // preds: b3
        con 32     %106 = load_const (0x00000118 = 280)
        con 32     %107 = load_const (0x000000c0 = 192)
        div 32     %108 = @load_reg (%2) (base=0, legacy_fabs=0, legacy_fneg=0)
        div 32     %109 = imul_32x16 %108, %107 (0xc0)
        div 32     %110 = iadd %109, %106 (0x118)
        div 32x4   %111 = @load_ssbo (%20 (0x2), %110) (access=readonly|reorderable, align_mul=64, align_offset=24, offset_shift=0)
        div 32     %112 = ior %111.x, %111.y
        con 32     %113 = load_const (0x00000020 = 32)
        con 32x2   %114 = @load_ssbo (%20 (0x2), %113 (0x20)) (access=readonly|reorderable, align_mul=1073741824, align_offset=32, offset_shift=0)
        con 32     %115 = load_const (0x00000018 = 24)
        con 64     %116 = load_const (0x0000000000000000 = 0.000000)
        con 32     %117 = load_const (0x00000014 = 20)
        con 32     %118 = load_const (0x00000010 = 16)
        con 32     %119 = load_const (0x00000130 = 304)
        con 32     %120 = load_const (0xffffffe0 = -32 = 4294967264)
        div 32     %121 = @load_reg (%2) (base=0, legacy_fabs=0, legacy_fneg=0)
        div 32     %122 = imul_32x16 %121, %115 (0x18)
        div 32     %123 = ieq32 %112, %9 (0x0)
                          // succs: b7 b13
        if %123 {
            div block b7:         // preds: b6
            con 32     %124 = ilt32 %24.x, %20 (0x2)
            div 32     %125 = b32csel %124, %63, %77
            con 32     %126 = ilt32 %24.x, %20 (0x2)
            div 32     %127 = b32csel %126, %64, %78
            con 32     %128 = ilt32 %24.x, %26 (0x1)
            div 32     %129 = b32csel %128, %49, %125
            con 32     %130 = ilt32 %24.x, %26 (0x1)
            div 32     %131 = b32csel %130, %50, %127
            con 64     %132 = load_const (0x0000000000000001 = 0.000000)
            con 64     %133 = mov %116 (0x0)
                              @store_reg (%133, %6) (base=0, wrmask=x, legacy_fsat=0)
            con 32     %134 = mov %9 (0x0)
                              @store_reg (%134, %4) (base=0, wrmask=x, legacy_fsat=0)
            con 64     %135 = mov %132 (0x1)
                              @store_reg (%135, %3) (base=0, wrmask=x, legacy_fsat=0)
                              // succs: b8
            div loop {
                div block b8:         // preds: b7 b11
                con 32     %136 = @load_reg (%4) (base=0, legacy_fabs=0, legacy_fneg=0)
                div 32     %137 = ilt32 %111.z, %136
                                  // succs: b9 b10
                if %137 {
                    div block b9:// preds: b8
                    break
                    // succs: b12
                } else {
                    div block b10:  // preds: b8, succs: b11
                }
                div block b11:        // preds: b10
                con 32     %138 = @load_reg (%4) (base=0, legacy_fabs=0, legacy_fneg=0)
                div 32     %139 = iadd %122, %138
                div 64     %140 = @load_reg (%3) (base=0, legacy_fabs=0, legacy_fneg=0)
                div 32     %141 = unpack_64_2x32_split_x %140
                div 64     %142 = @load_reg (%3) (base=0, legacy_fabs=0, legacy_fneg=0)
                div 32     %143 = unpack_64_2x32_split_y %142
                div 32     %144 = ishl %139, %11 (0x3)
                div 32     %145 = iadd %144, %119 (0x130)
                div 32x2   %146 = @load_ssbo (%20 (0x2), %145) (access=readonly|reorderable, align_mul=8, align_offset=0, offset_shift=0)
                div 32     %147 = umul_high %146.x, %141
                div 32     %148 = imul %146.x, %141
                div 32     %149 = imul %146.y, %141
                div 32     %150 = imul %146.x, %143
                div 32     %151 = iadd %150, %149
                div 32     %152 = iadd %147, %151
                con 32     %153 = @load_reg (%4) (base=0, legacy_fabs=0, legacy_fneg=0)
                con 32     %154 = imul %114.x, %153
                con 32     %155 = ineg %154
                con 32     %156 = iadd %117 (0x14), %155
                con 32     %157 = iand %156, %17 (0x3f)
                con 32     %158 = uge32 %157, %113 (0x20)
                con 32     %159 = iadd %157, %120 (0xffffffe0)
                con 32     %160 = iabs %159
                con 32     %161 = ushr %26 (0x1), %160
                con 32     %162 = ishl %26 (0x1), %160
                con 32     %163 = b32csel %158, %162, %161
                con 32     %164 = ishl %26 (0x1), %157
                con 32     %165 = b32csel %158, %9 (0x0), %164
                con 32     %166 = ieq32 %157, %9 (0x0)
                con 32     %167 = b32csel %166, %9 (0x0), %163
                con 32     %168 = b32csel %166, %26 (0x1), %165
                div 32     %169 = umul_high %148, %168
                div 32     %170 = imul %148, %168
                div 32     %171 = imul %152, %168
                div 32     %172 = imul %148, %167
                div 32     %173 = iadd %172, %171
                div 32     %174 = iadd %169, %173
                div 64     %175 = @load_reg (%6) (base=0, legacy_fabs=0, legacy_fneg=0)
                div 32     %176 = unpack_64_2x32_split_x %175
                div 64     %177 = @load_reg (%6) (base=0, legacy_fabs=0, legacy_fneg=0)
                div 32     %178 = unpack_64_2x32_split_y %177
                div 32     %179 = iadd %176, %170
                div 32     %180 = iadd %178, %174
                div 32     %181 = ult32 %179, %176
                div 32     %182 = b2i32 %181
                div 32     %183 = iadd %182, %180
                div 32     %184 = umul_high %141, %131
                div 32     %185 = imul %141, %131
                div 32     %186 = imul %143, %131
                div 32     %187 = imul %141, %129
                div 32     %188 = iadd %187, %186
                div 32     %189 = iadd %184, %188
                con 32     %190 = @load_reg (%4) (base=0, legacy_fabs=0, legacy_fneg=0)
                con 32     %191 = iadd %190, %26 (0x1)
                                  @store_reg (%191, %4) (base=0, wrmask=x, legacy_fsat=0)
                div 64     %192 = pack_64_2x32_split %179, %183
                                  @store_reg (%192, %6) (base=0, wrmask=x, legacy_fsat=0)
                div 64     %193 = pack_64_2x32_split %185, %189
                                  @store_reg (%193, %3) (base=0, wrmask=x, legacy_fsat=0)
                                  // succs: b8
            }
            div block b12:  // preds: b9, succs: b19
        } else {
            div block b13:        // preds: b6
            con 32     %194 = ineg %114.x
            con 32     %195 = iadd %117 (0x14), %194
            con 32     %196 = iand %195, %17 (0x3f)
            con 32     %197 = uge32 %196, %113 (0x20)
            con 32     %198 = iadd %196, %120 (0xffffffe0)
            con 32     %199 = iabs %198
            con 32     %200 = ushr %26 (0x1), %199
            con 32     %201 = ishl %26 (0x1), %199
            con 32     %202 = b32csel %197, %201, %200
            con 32     %203 = ishl %26 (0x1), %196
            con 32     %204 = b32csel %197, %9 (0x0), %203
            con 32     %205 = ieq32 %196, %9 (0x0)
            con 32     %206 = b32csel %205, %9 (0x0), %202
            con 32     %207 = b32csel %205, %26 (0x1), %204
            div 32     %208 = umul_high %50, %207
            div 32     %209 = imul %50, %207
            div 32     %210 = imul %49, %207
            div 32     %211 = imul %50, %206
            div 32     %212 = iadd %211, %210
            div 32     %213 = iadd %208, %212
            div 32     %214 = ishl %13, %20 (0x2)
                              @store_scratch_intel (%209, %214)
            div 32     %215 = iadd %214, %113 (0x20)
                              @store_scratch_intel (%213, %215)
            div 32     %216 = iadd %50, %50
            div 32     %217 = imul %49, %216
            div 32     %218 = umul_high %50, %50
            div 32     %219 = iadd %218, %217
            con 32     %220 = ishl %114.x, %26 (0x1)
            con 32     %221 = ineg %220
            con 32     %222 = iadd %117 (0x14), %221
            con 32     %223 = iand %222, %17 (0x3f)
            con 32     %224 = uge32 %223, %113 (0x20)
            con 32     %225 = iadd %223, %120 (0xffffffe0)
            con 32     %226 = iabs %225
            con 32     %227 = ushr %26 (0x1), %226
            con 32     %228 = ishl %26 (0x1), %226
            con 32     %229 = b32csel %224, %228, %227
            con 32     %230 = ishl %26 (0x1), %223
            con 32     %231 = b32csel %224, %9 (0x0), %230
            con 32     %232 = ieq32 %223, %9 (0x0)
            con 32     %233 = b32csel %232, %9 (0x0), %229
            con 32     %234 = b32csel %232, %26 (0x1), %231
            div 32     %235 = imul %50, %50
            div 32     %236 = umul_high %235, %234
            div 32     %237 = imul %235, %234
            div 32     %238 = imul %219, %234
            div 32     %239 = imul %235, %233
            div 32     %240 = iadd %239, %238
            div 32     %241 = iadd %236, %240
            con 32     %242 = load_const (0x000001c0 = 448)
            div 32     %243 = iadd %242 (0x1c0), %214
                              @store_scratch_intel (%237, %243)
            con 32     %244 = load_const (0x000001e0 = 480)
            div 32     %245 = iadd %244 (0x1e0), %214
                              @store_scratch_intel (%241, %245)
            div 32     %246 = umul_high %64, %207
            div 32     %247 = imul %64, %207
            div 32     %248 = imul %63, %207
            div 32     %249 = imul %64, %206
            div 32     %250 = iadd %249, %248
            div 32     %251 = iadd %246, %250
            con 32     %252 = load_const (0x00000040 = 64)
            div 32     %253 = iadd %252 (0x40), %214
                              @store_scratch_intel (%247, %253)
            con 32     %254 = load_const (0x0000000c = 12)
            con 32     %255 = load_const (0x00000060 = 96)
            div 32     %256 = iadd %255 (0x60), %214
                              @store_scratch_intel (%251, %256)
            div 32     %257 = iadd %64, %64
            div 32     %258 = imul %63, %257
            div 32     %259 = umul_high %64, %64
            div 32     %260 = iadd %259, %258
            div 32     %261 = imul %64, %64
            div 32     %262 = umul_high %261, %234
            div 32     %263 = imul %261, %234
            div 32     %264 = imul %260, %234
            div 32     %265 = imul %261, %233
            div 32     %266 = iadd %265, %264
            div 32     %267 = iadd %262, %266
            con 32     %268 = load_const (0x00000200 = 512)
            div 32     %269 = iadd %268 (0x200), %214
                              @store_scratch_intel (%263, %269)
            con 32     %270 = load_const (0x00000220 = 544)
            div 32     %271 = iadd %270 (0x220), %214
                              @store_scratch_intel (%267, %271)
            div 32     %272 = umul_high %78, %207
            div 32     %273 = imul %78, %207
            div 32     %274 = imul %77, %207
            div 32     %275 = imul %78, %206
            div 32     %276 = iadd %275, %274
            div 32     %277 = iadd %272, %276
            con 32     %278 = load_const (0x00000080 = 128)
            div 32     %279 = iadd %278 (0x80), %214
                              @store_scratch_intel (%273, %279)
            div 32     %280 = iadd %79 (0xa0), %214
                              @store_scratch_intel (%277, %280)
            div 32     %281 = iadd %78, %78
            div 32     %282 = imul %77, %281
            div 32     %283 = umul_high %78, %78
            div 32     %284 = iadd %283, %282
            div 32     %285 = imul %78, %78
            div 32     %286 = umul_high %285, %234
            div 32     %287 = imul %285, %234
            div 32     %288 = imul %284, %234
            div 32     %289 = imul %285, %233
            div 32     %290 = iadd %289, %288
            div 32     %291 = iadd %286, %290
            con 32     %292 = load_const (0x00000240 = 576)
            div 32     %293 = iadd %292 (0x240), %214
                              @store_scratch_intel (%287, %293)
            con 32     %294 = load_const (0x00000260 = 608)
            div 32     %295 = iadd %294 (0x260), %214
                              @store_scratch_intel (%291, %295)
            div 32     %296 = umul_high %50, %64
            div 32     %297 = imul %50, %64
            div 32     %298 = imul %49, %64
            div 32     %299 = imul %50, %63
            div 32     %300 = iadd %299, %298
            div 32     %301 = iadd %296, %300
            div 32     %302 = umul_high %297, %234
            div 32     %303 = imul %297, %234
            div 32     %304 = imul %301, %234
            div 32     %305 = imul %297, %233
            div 32     %306 = iadd %305, %304
            div 32     %307 = iadd %302, %306
            div 32     %308 = iadd %107 (0xc0), %214
                              @store_scratch_intel (%303, %308)
            con 32     %309 = load_const (0x000000e0 = 224)
            div 32     %310 = iadd %309 (0xe0), %214
                              @store_scratch_intel (%307, %310)
            div 32     %311 = umul_high %50, %78
            div 32     %312 = imul %50, %78
            div 32     %313 = imul %49, %78
            div 32     %314 = imul %50, %77
            div 32     %315 = iadd %314, %313
            div 32     %316 = iadd %311, %315
            div 32     %317 = umul_high %312, %234
            div 32     %318 = imul %312, %234
            div 32     %319 = imul %316, %234
            div 32     %320 = imul %312, %233
            div 32     %321 = iadd %320, %319
            div 32     %322 = iadd %317, %321
            con 32     %323 = load_const (0x00000100 = 256)
            div 32     %324 = iadd %323 (0x100), %214
                              @store_scratch_intel (%318, %324)
            con 32     %325 = load_const (0x00000120 = 288)
            div 32     %326 = iadd %325 (0x120), %214
                              @store_scratch_intel (%322, %326)
            div 32     %327 = umul_high %64, %78
            div 32     %328 = imul %64, %78
            div 32     %329 = imul %63, %78
            div 32     %330 = imul %64, %77
            div 32     %331 = iadd %330, %329
            div 32     %332 = iadd %327, %331
            div 32     %333 = umul_high %328, %234
            div 32     %334 = imul %328, %234
            div 32     %335 = imul %332, %234
            div 32     %336 = imul %328, %233
            div 32     %337 = iadd %336, %335
            div 32     %338 = iadd %333, %337
            con 32     %339 = load_const (0x00000140 = 320)
            div 32     %340 = iadd %339 (0x140), %214
                              @store_scratch_intel (%334, %340)
            con 32     %341 = load_const (0x00000160 = 352)
            div 32     %342 = iadd %341 (0x160), %214
                              @store_scratch_intel (%338, %342)
            div 32     %343 = umul_high %303, %273
            div 32     %344 = imul %303, %273
            div 32     %345 = imul %307, %273
            div 32     %346 = imul %303, %277
            div 32     %347 = iadd %346, %345
            div 32     %348 = iadd %343, %347
            div 32     %349 = ishl %348, %254 (0xc)
            div 32     %350 = ushr %344, %117 (0x14)
            div 32     %351 = ior %350, %349
            div 32     %352 = iadd %344, %26 (0x1)
            div 32     %353 = ult32 %352, %344
            div 32     %354 = b2i32 %353
            div 32     %355 = iadd %354, %348
            div 32     %356 = ineg %355
            div 32     %357 = ine32 %352, %9 (0x0)
            div 32     %358 = b2i32 %357
            div 32     %359 = ineg %358
            div 32     %360 = iadd %356, %359
            div 32     %361 = ishl %360, %254 (0xc)
            div 32     %362 = ineg %352
            div 32     %363 = ushr %362, %117 (0x14)
            div 32     %364 = ior %363, %361
            con 32     %365 = load_const (0xffffffff = -1 = 4294967295)
            div 32     %366 = ishr %360, %117 (0x14)
            div 32     %367 = ineg %366
            div 32     %368 = iadd %367, %365 (0xffffffff)
            div 32     %369 = ine32 %364, %9 (0x0)
            div 32     %370 = b2i32 %369
            div 32     %371 = ineg %370
            div 32     %372 = iadd %368, %371
            div 32     %373 = ineg %364
            div 32     %374 = iadd %365 (0xffffffff), %373
            div 32     %375 = ult32 %374, %365 (0xffffffff)
            div 32     %376 = b2i32 %375
            div 32     %377 = iadd %372, %376
            div 32     %378 = ige32 %348, %9 (0x0)
            div 32     %379 = ishr %348, %117 (0x14)
            div 32     %380 = b32csel %378, %379, %377
            div 32     %381 = b32csel %378, %351, %374
            con 32     %382 = load_const (0x00000180 = 384)
            div 32     %383 = iadd %382 (0x180), %214
                              @store_scratch_intel (%381, %383)
            con 32     %384 = load_const (0x000001a0 = 416)
            div 32     %385 = iadd %384 (0x1a0), %214
                              @store_scratch_intel (%380, %385)
            con 32     %386 = iadd %234, %234
            div 32     %387 = imul %297, %386
            div 32     %388 = imul %307, %387
            div 32     %389 = umul_high %303, %303
            div 32     %390 = iadd %389, %388
            div 32     %391 = ishl %390, %254 (0xc)
            div 32     %392 = imul %303, %303
            div 32     %393 = ushr %392, %117 (0x14)
            div 32     %394 = ior %393, %391
            div 32     %395 = iadd %392, %26 (0x1)
            div 32     %396 = ult32 %395, %392
            div 32     %397 = b2i32 %396
            div 32     %398 = iadd %397, %390
            div 32     %399 = ineg %398
            div 32     %400 = ine32 %395, %9 (0x0)
            div 32     %401 = b2i32 %400
            div 32     %402 = ineg %401
            div 32     %403 = iadd %399, %402
            div 32     %404 = ishl %403, %254 (0xc)
            div 32     %405 = ineg %395
            div 32     %406 = ushr %405, %117 (0x14)
            div 32     %407 = ior %406, %404
            div 32     %408 = ishr %403, %117 (0x14)
            div 32     %409 = ineg %408
            div 32     %410 = iadd %409, %365 (0xffffffff)
            div 32     %411 = ine32 %407, %9 (0x0)
            div 32     %412 = b2i32 %411
            div 32     %413 = ineg %412
            div 32     %414 = iadd %410, %413
            div 32     %415 = ineg %407
            div 32     %416 = iadd %365 (0xffffffff), %415
            div 32     %417 = ult32 %416, %365 (0xffffffff)
            div 32     %418 = b2i32 %417
            div 32     %419 = iadd %414, %418
            div 32     %420 = ige32 %390, %9 (0x0)
            div 32     %421 = ishr %390, %117 (0x14)
            div 32     %422 = b32csel %420, %421, %419
            div 32     %423 = b32csel %420, %394, %416
            con 32     %424 = load_const (0x00000280 = 640)
            div 32     %425 = iadd %424 (0x280), %214
                              @store_scratch_intel (%423, %425)
            con 32     %426 = load_const (0x000002a0 = 672)
            div 32     %427 = iadd %426 (0x2a0), %214
                              @store_scratch_intel (%422, %427)
            div 32     %428 = imul %312, %386
            div 32     %429 = imul %322, %428
            div 32     %430 = umul_high %318, %318
            div 32     %431 = iadd %430, %429
            div 32     %432 = ishl %431, %254 (0xc)
            div 32     %433 = imul %318, %318
            div 32     %434 = ushr %433, %117 (0x14)
            div 32     %435 = ior %434, %432
            div 32     %436 = iadd %433, %26 (0x1)
            div 32     %437 = ult32 %436, %433
            div 32     %438 = b2i32 %437
            div 32     %439 = iadd %438, %431
            div 32     %440 = ineg %439
            div 32     %441 = ine32 %436, %9 (0x0)
            div 32     %442 = b2i32 %441
            div 32     %443 = ineg %442
            div 32     %444 = iadd %440, %443
            div 32     %445 = ishl %444, %254 (0xc)
            div 32     %446 = ineg %436
            div 32     %447 = ushr %446, %117 (0x14)
            div 32     %448 = ior %447, %445
            div 32     %449 = ishr %444, %117 (0x14)
            div 32     %450 = ineg %449
            div 32     %451 = iadd %450, %365 (0xffffffff)
            div 32     %452 = ine32 %448, %9 (0x0)
            div 32     %453 = b2i32 %452
            div 32     %454 = ineg %453
            div 32     %455 = iadd %451, %454
            div 32     %456 = ineg %448
            div 32     %457 = iadd %365 (0xffffffff), %456
            div 32     %458 = ult32 %457, %365 (0xffffffff)
            div 32     %459 = b2i32 %458
            div 32     %460 = iadd %455, %459
            div 32     %461 = ige32 %431, %9 (0x0)
            div 32     %462 = ishr %431, %117 (0x14)
            div 32     %463 = b32csel %461, %462, %460
            div 32     %464 = b32csel %461, %435, %457
            con 32     %465 = load_const (0x000002c0 = 704)
            div 32     %466 = iadd %465 (0x2c0), %214
                              @store_scratch_intel (%464, %466)
            con 32     %467 = load_const (0x000002e0 = 736)
            div 32     %468 = iadd %467 (0x2e0), %214
                              @store_scratch_intel (%463, %468)
            div 32     %469 = imul %328, %386
            div 32     %470 = imul %338, %469
            div 32     %471 = umul_high %334, %334
            div 32     %472 = iadd %471, %470
            div 32     %473 = ishl %472, %254 (0xc)
            div 32     %474 = imul %334, %334
            div 32     %475 = ushr %474, %117 (0x14)
            div 32     %476 = ior %475, %473
            div 32     %477 = iadd %474, %26 (0x1)
            div 32     %478 = ult32 %477, %474
            div 32     %479 = b2i32 %478
            div 32     %480 = iadd %479, %472
            div 32     %481 = ineg %480
            div 32     %482 = ine32 %477, %9 (0x0)
            div 32     %483 = b2i32 %482
            div 32     %484 = ineg %483
            div 32     %485 = iadd %481, %484
            div 32     %486 = ishl %485, %254 (0xc)
            div 32     %487 = ineg %477
            div 32     %488 = ushr %487, %117 (0x14)
            div 32     %489 = ior %488, %486
            div 32     %490 = ishr %485, %117 (0x14)
            div 32     %491 = ineg %490
            div 32     %492 = iadd %491, %365 (0xffffffff)
            div 32     %493 = ine32 %489, %9 (0x0)
            div 32     %494 = b2i32 %493
            div 32     %495 = ineg %494
            div 32     %496 = iadd %492, %495
            div 32     %497 = ineg %489
            div 32     %498 = iadd %365 (0xffffffff), %497
            div 32     %499 = ult32 %498, %365 (0xffffffff)
            div 32     %500 = b2i32 %499
            div 32     %501 = iadd %496, %500
            div 32     %502 = ige32 %472, %9 (0x0)
            div 32     %503 = ishr %472, %117 (0x14)
            div 32     %504 = b32csel %502, %503, %501
            div 32     %505 = b32csel %502, %476, %498
            con 32     %506 = load_const (0x00000300 = 768)
            div 32     %507 = iadd %506 (0x300), %214
                              @store_scratch_intel (%505, %507)
            con 32     %508 = load_const (0x00000320 = 800)
            div 32     %509 = iadd %508 (0x320), %214
                              @store_scratch_intel (%504, %509)
            div 32     %510 = iadd %381, %381
            div 32     %511 = imul %380, %510
            div 32     %512 = umul_high %381, %381
            div 32     %513 = iadd %512, %511
            div 32     %514 = ishl %513, %254 (0xc)
            div 32     %515 = imul %381, %381
            div 32     %516 = ushr %515, %117 (0x14)
            div 32     %517 = ior %516, %514
            div 32     %518 = iadd %515, %26 (0x1)
            div 32     %519 = ult32 %518, %515
            div 32     %520 = b2i32 %519
            div 32     %521 = iadd %520, %513
            div 32     %522 = ineg %521
            div 32     %523 = ine32 %518, %9 (0x0)
            div 32     %524 = b2i32 %523
            div 32     %525 = ineg %524
            div 32     %526 = iadd %522, %525
            div 32     %527 = ishl %526, %254 (0xc)
            div 32     %528 = ineg %518
            div 32     %529 = ushr %528, %117 (0x14)
            div 32     %530 = ior %529, %527
            div 32     %531 = ishr %526, %117 (0x14)
            div 32     %532 = ineg %531
            div 32     %533 = iadd %532, %365 (0xffffffff)
            div 32     %534 = ine32 %530, %9 (0x0)
            div 32     %535 = b2i32 %534
            div 32     %536 = ineg %535
            div 32     %537 = iadd %533, %536
            div 32     %538 = ineg %530
            div 32     %539 = iadd %365 (0xffffffff), %538
            div 32     %540 = ult32 %539, %365 (0xffffffff)
            div 32     %541 = b2i32 %540
            div 32     %542 = iadd %537, %541
            div 32     %543 = ige32 %513, %9 (0x0)
            div 32     %544 = ishr %513, %117 (0x14)
            div 32     %545 = b32csel %543, %544, %542
            div 32     %546 = b32csel %543, %517, %539
            con 32     %547 = load_const (0x00000340 = 832)
            div 32     %548 = iadd %547 (0x340), %214
                              @store_scratch_intel (%546, %548)
            con 32     %549 = load_const (0x00000360 = 864)
            div 32     %550 = iadd %549 (0x360), %214
                              @store_scratch_intel (%545, %550)
            div 32     %551 = umul_high %209, %237
            div 32     %552 = imul %209, %237
            div 32     %553 = imul %213, %237
            div 32     %554 = imul %209, %241
            div 32     %555 = iadd %554, %553
            div 32     %556 = iadd %551, %555
            div 32     %557 = ishl %556, %254 (0xc)
            div 32     %558 = ushr %552, %117 (0x14)
            div 32     %559 = ior %558, %557
            div 32     %560 = iadd %552, %26 (0x1)
            div 32     %561 = ult32 %560, %552
            div 32     %562 = b2i32 %561
            div 32     %563 = iadd %562, %556
            div 32     %564 = ineg %563
            div 32     %565 = ine32 %560, %9 (0x0)
            div 32     %566 = b2i32 %565
            div 32     %567 = ineg %566
            div 32     %568 = iadd %564, %567
            div 32     %569 = ishl %568, %254 (0xc)
            div 32     %570 = ineg %560
            div 32     %571 = ushr %570, %117 (0x14)
            div 32     %572 = ior %571, %569
            div 32     %573 = ishr %568, %117 (0x14)
            div 32     %574 = ineg %573
            div 32     %575 = iadd %574, %365 (0xffffffff)
            div 32     %576 = ine32 %572, %9 (0x0)
            div 32     %577 = b2i32 %576
            div 32     %578 = ineg %577
            div 32     %579 = iadd %575, %578
            div 32     %580 = ineg %572
            div 32     %581 = iadd %365 (0xffffffff), %580
            div 32     %582 = ult32 %581, %365 (0xffffffff)
            div 32     %583 = b2i32 %582
            div 32     %584 = iadd %579, %583
            div 32     %585 = ige32 %556, %9 (0x0)
            div 32     %586 = ishr %556, %117 (0x14)
            div 32     %587 = b32csel %585, %586, %584
            div 32     %588 = b32csel %585, %559, %581
            con 32     %589 = load_const (0x00000380 = 896)
            div 32     %590 = iadd %589 (0x380), %214
                              @store_scratch_intel (%588, %590)
            con 32     %591 = load_const (0x000003a0 = 928)
            div 32     %592 = iadd %591 (0x3a0), %214
                              @store_scratch_intel (%587, %592)
            div 32     %593 = umul_high %247, %263
            div 32     %594 = imul %247, %263
            div 32     %595 = imul %251, %263
            div 32     %596 = imul %247, %267
            div 32     %597 = iadd %596, %595
            div 32     %598 = iadd %593, %597
            div 32     %599 = ishl %598, %254 (0xc)
            div 32     %600 = ushr %594, %117 (0x14)
            div 32     %601 = ior %600, %599
            div 32     %602 = iadd %594, %26 (0x1)
            div 32     %603 = ult32 %602, %594
            div 32     %604 = b2i32 %603
            div 32     %605 = iadd %604, %598
            div 32     %606 = ineg %605
            div 32     %607 = ine32 %602, %9 (0x0)
            div 32     %608 = b2i32 %607
            div 32     %609 = ineg %608
            div 32     %610 = iadd %606, %609
            div 32     %611 = ishl %610, %254 (0xc)
            div 32     %612 = ineg %602
            div 32     %613 = ushr %612, %117 (0x14)
            div 32     %614 = ior %613, %611
            div 32     %615 = ishr %610, %117 (0x14)
            div 32     %616 = ineg %615
            div 32     %617 = iadd %616, %365 (0xffffffff)
            div 32     %618 = ine32 %614, %9 (0x0)
            div 32     %619 = b2i32 %618
            div 32     %620 = ineg %619
            div 32     %621 = iadd %617, %620
            div 32     %622 = ineg %614
            div 32     %623 = iadd %365 (0xffffffff), %622
            div 32     %624 = ult32 %623, %365 (0xffffffff)
            div 32     %625 = b2i32 %624
            div 32     %626 = iadd %621, %625
            div 32     %627 = ige32 %598, %9 (0x0)
            div 32     %628 = ishr %598, %117 (0x14)
            div 32     %629 = b32csel %627, %628, %626
            div 32     %630 = b32csel %627, %601, %623
            con 32     %631 = load_const (0x000003c0 = 960)
            div 32     %632 = iadd %631 (0x3c0), %214
                              @store_scratch_intel (%630, %632)
            con 32     %633 = load_const (0x000003e0 = 992)
            div 32     %634 = iadd %633 (0x3e0), %214
                              @store_scratch_intel (%629, %634)
            div 32     %635 = umul_high %273, %287
            div 32     %636 = imul %273, %287
            div 32     %637 = imul %277, %287
            div 32     %638 = imul %273, %291
            div 32     %639 = iadd %638, %637
            div 32     %640 = iadd %635, %639
            div 32     %641 = ishl %640, %254 (0xc)
            div 32     %642 = ushr %636, %117 (0x14)
            div 32     %643 = ior %642, %641
            div 32     %644 = iadd %636, %26 (0x1)
            div 32     %645 = ult32 %644, %636
            div 32     %646 = b2i32 %645
            div 32     %647 = iadd %646, %640
            div 32     %648 = ineg %647
            div 32     %649 = ine32 %644, %9 (0x0)
            div 32     %650 = b2i32 %649
            div 32     %651 = ineg %650
            div 32     %652 = iadd %648, %651
            div 32     %653 = ishl %652, %254 (0xc)
            div 32     %654 = ineg %644
            div 32     %655 = ushr %654, %117 (0x14)
            div 32     %656 = ior %655, %653
            div 32     %657 = ishr %652, %117 (0x14)
            div 32     %658 = ineg %657
            div 32     %659 = iadd %658, %365 (0xffffffff)
            div 32     %660 = ine32 %656, %9 (0x0)
            div 32     %661 = b2i32 %660
            div 32     %662 = ineg %661
            div 32     %663 = iadd %659, %662
            div 32     %664 = ineg %656
            div 32     %665 = iadd %365 (0xffffffff), %664
            div 32     %666 = ult32 %665, %365 (0xffffffff)
            div 32     %667 = b2i32 %666
            div 32     %668 = iadd %663, %667
            div 32     %669 = ige32 %640, %9 (0x0)
            div 32     %670 = ishr %640, %117 (0x14)
            div 32     %671 = b32csel %669, %670, %668
            div 32     %672 = b32csel %669, %643, %665
            con 32     %673 = load_const (0x00000007)
            con 32     %674 = load_const (0x00000400 = 1024)
            div 32     %675 = iadd %674 (0x400), %214
                              @store_scratch_intel (%672, %675)
            con 32     %676 = load_const (0x00000420 = 1056)
            div 32     %677 = iadd %676 (0x420), %214
                              @store_scratch_intel (%671, %677)
            div 32     %678 = umul_high %303, %423
            div 32     %679 = imul %303, %423
            div 32     %680 = imul %307, %423
            div 32     %681 = imul %303, %422
            div 32     %682 = iadd %681, %680
            div 32     %683 = iadd %678, %682
            div 32     %684 = ishl %683, %254 (0xc)
            div 32     %685 = ushr %679, %117 (0x14)
            div 32     %686 = ior %685, %684
            div 32     %687 = iadd %679, %26 (0x1)
            div 32     %688 = ult32 %687, %679
            div 32     %689 = b2i32 %688
            div 32     %690 = iadd %689, %683
            div 32     %691 = ineg %690
            div 32     %692 = ine32 %687, %9 (0x0)
            div 32     %693 = b2i32 %692
            div 32     %694 = ineg %693
            div 32     %695 = iadd %691, %694
            div 32     %696 = ishl %695, %254 (0xc)
            div 32     %697 = ineg %687
            div 32     %698 = ushr %697, %117 (0x14)
            div 32     %699 = ior %698, %696
            div 32     %700 = ishr %695, %117 (0x14)
            div 32     %701 = ineg %700
            div 32     %702 = iadd %701, %365 (0xffffffff)
            div 32     %703 = ine32 %699, %9 (0x0)
            div 32     %704 = b2i32 %703
            div 32     %705 = ineg %704
            div 32     %706 = iadd %702, %705
            div 32     %707 = ineg %699
            div 32     %708 = iadd %365 (0xffffffff), %707
            div 32     %709 = ult32 %708, %365 (0xffffffff)
            div 32     %710 = b2i32 %709
            div 32     %711 = iadd %706, %710
            div 32     %712 = ige32 %683, %9 (0x0)
            div 32     %713 = ishr %683, %117 (0x14)
            div 32     %714 = b32csel %712, %713, %711
            div 32     %715 = b32csel %712, %686, %708
            con 32     %716 = load_const (0x00000440 = 1088)
            div 32     %717 = iadd %716 (0x440), %214
                              @store_scratch_intel (%715, %717)
            con 32     %718 = load_const (0x00000460 = 1120)
            div 32     %719 = iadd %718 (0x460), %214
                              @store_scratch_intel (%714, %719)
            div 32     %720 = umul_high %318, %464
            div 32     %721 = imul %318, %464
            div 32     %722 = imul %322, %464
            div 32     %723 = imul %318, %463
            div 32     %724 = iadd %723, %722
            div 32     %725 = iadd %720, %724
            div 32     %726 = ishl %725, %254 (0xc)
            div 32     %727 = ushr %721, %117 (0x14)
            div 32     %728 = ior %727, %726
            div 32     %729 = iadd %721, %26 (0x1)
            div 32     %730 = ult32 %729, %721
            div 32     %731 = b2i32 %730
            div 32     %732 = iadd %731, %725
            div 32     %733 = ineg %732
            div 32     %734 = ine32 %729, %9 (0x0)
            div 32     %735 = b2i32 %734
            div 32     %736 = ineg %735
            div 32     %737 = iadd %733, %736
            div 32     %738 = ishl %737, %254 (0xc)
            div 32     %739 = ineg %729
            div 32     %740 = ushr %739, %117 (0x14)
            div 32     %741 = ior %740, %738
            div 32     %742 = ishr %737, %117 (0x14)
            div 32     %743 = ineg %742
            div 32     %744 = iadd %743, %365 (0xffffffff)
            div 32     %745 = ine32 %741, %9 (0x0)
            div 32     %746 = b2i32 %745
            div 32     %747 = ineg %746
            div 32     %748 = iadd %744, %747
            div 32     %749 = ineg %741
            div 32     %750 = iadd %365 (0xffffffff), %749
            div 32     %751 = ult32 %750, %365 (0xffffffff)
            div 32     %752 = b2i32 %751
            div 32     %753 = iadd %748, %752
            div 32     %754 = ige32 %725, %9 (0x0)
            div 32     %755 = ishr %725, %117 (0x14)
            div 32     %756 = b32csel %754, %755, %753
            div 32     %757 = b32csel %754, %728, %750
            con 32     %758 = load_const (0x00000480 = 1152)
            div 32     %759 = iadd %758 (0x480), %214
                              @store_scratch_intel (%757, %759)
            con 32     %760 = load_const (0x000004a0 = 1184)
            div 32     %761 = iadd %760 (0x4a0), %214
                              @store_scratch_intel (%756, %761)
            div 32     %762 = umul_high %334, %505
            div 32     %763 = imul %334, %505
            div 32     %764 = imul %338, %505
            div 32     %765 = imul %334, %504
            div 32     %766 = iadd %765, %764
            div 32     %767 = iadd %762, %766
            div 32     %768 = ishl %767, %254 (0xc)
            div 32     %769 = ushr %763, %117 (0x14)
            div 32     %770 = ior %769, %768
            div 32     %771 = iadd %763, %26 (0x1)
            div 32     %772 = ult32 %771, %763
            div 32     %773 = b2i32 %772
            div 32     %774 = iadd %773, %767
            div 32     %775 = ineg %774
            div 32     %776 = ine32 %771, %9 (0x0)
            div 32     %777 = b2i32 %776
            div 32     %778 = ineg %777
            div 32     %779 = iadd %775, %778
            div 32     %780 = ishl %779, %254 (0xc)
            div 32     %781 = ineg %771
            div 32     %782 = ushr %781, %117 (0x14)
            div 32     %783 = ior %782, %780
            div 32     %784 = ishr %779, %117 (0x14)
            div 32     %785 = ineg %784
            div 32     %786 = iadd %785, %365 (0xffffffff)
            div 32     %787 = ine32 %783, %9 (0x0)
            div 32     %788 = b2i32 %787
            div 32     %789 = ineg %788
            div 32     %790 = iadd %786, %789
            div 32     %791 = ineg %783
            div 32     %792 = iadd %365 (0xffffffff), %791
            div 32     %793 = ult32 %792, %365 (0xffffffff)
            div 32     %794 = b2i32 %793
            div 32     %795 = iadd %790, %794
            div 32     %796 = ige32 %767, %9 (0x0)
            div 32     %797 = ishr %767, %117 (0x14)
            div 32     %798 = b32csel %796, %797, %795
            div 32     %799 = b32csel %796, %770, %792
            con 32     %800 = load_const (0x000004c0 = 1216)
            div 32     %801 = iadd %800 (0x4c0), %214
                              @store_scratch_intel (%799, %801)
            con 32     %802 = load_const (0x000004e0 = 1248)
            div 32     %803 = iadd %802 (0x4e0), %214
                              @store_scratch_intel (%798, %803)
            div 32     %804 = umul_high %381, %546
            div 32     %805 = imul %381, %546
            div 32     %806 = imul %380, %546
            div 32     %807 = imul %381, %545
            div 32     %808 = iadd %807, %806
            div 32     %809 = iadd %804, %808
            div 32     %810 = ishl %809, %254 (0xc)
            div 32     %811 = ushr %805, %117 (0x14)
            div 32     %812 = ior %811, %810
            div 32     %813 = iadd %805, %26 (0x1)
            div 32     %814 = ult32 %813, %805
            div 32     %815 = b2i32 %814
            div 32     %816 = iadd %815, %809
            div 32     %817 = ineg %816
            div 32     %818 = ine32 %813, %9 (0x0)
            div 32     %819 = b2i32 %818
            div 32     %820 = ineg %819
            div 32     %821 = iadd %817, %820
            div 32     %822 = ishl %821, %254 (0xc)
            div 32     %823 = ineg %813
            div 32     %824 = ushr %823, %117 (0x14)
            div 32     %825 = ior %824, %822
            div 32     %826 = ishr %821, %117 (0x14)
            div 32     %827 = ineg %826
            div 32     %828 = iadd %827, %365 (0xffffffff)
            div 32     %829 = ine32 %825, %9 (0x0)
            div 32     %830 = b2i32 %829
            div 32     %831 = ineg %830
            div 32     %832 = iadd %828, %831
            div 32     %833 = ineg %825
            div 32     %834 = iadd %365 (0xffffffff), %833
            div 32     %835 = ult32 %834, %365 (0xffffffff)
            div 32     %836 = b2i32 %835
            div 32     %837 = iadd %832, %836
            div 32     %838 = ige32 %809, %9 (0x0)
            div 32     %839 = ishr %809, %117 (0x14)
            div 32     %840 = b32csel %838, %839, %837
            div 32     %841 = b32csel %838, %812, %834
            con 32     %842 = load_const (0x00000500 = 1280)
            div 32     %843 = iadd %842 (0x500), %214
                              @store_scratch_intel (%841, %843)
            con 32     %844 = load_const (0x00000520 = 1312)
            div 32     %845 = iadd %844 (0x520), %214
                              @store_scratch_intel (%840, %845)
            con 32     %846 = load_const (0x00000128 = 296)
            div 32     %847 = iadd %109, %846 (0x128)
            div 32x2   %848 = @load_ssbo (%20 (0x2), %847) (access=readonly|reorderable, align_mul=64, align_offset=40, offset_shift=0)
            div 32     %849 = ushr %848.x, %254 (0xc)
            div 32     %850 = ishl %848.y, %117 (0x14)
            div 32     %851 = ior %850, %849
            div 32     %852 = ishl %848.x, %117 (0x14)
            div 64     %853 = pack_64_2x32_split %852, %851
                              @store_reg (%853, %6) (base=0, wrmask=x, legacy_fsat=0)
            con 32     %854 = load_const (0x00000150 = 336)
            con 32     %855 = mov %9 (0x0)
                              @store_reg (%855, %5) (base=0, wrmask=x, legacy_fsat=0)
                              // succs: b14
            div loop {
                div block b14:        // preds: b13 b17
                con 32     %856 = @load_reg (%5) (base=0, legacy_fabs=0, legacy_fneg=0)
                div 32     %857 = ige32 %856, %111.z
                                  // succs: b15 b16
                if %857 {
                    div block b15:// preds: b14
                    break
                    // succs: b18
                } else {
                    div block b16:  // preds: b14, succs: b17
                }
                div block b17:        // preds: b16
                con 32     %858 = @load_reg (%5) (base=0, legacy_fabs=0, legacy_fneg=0)
                con 32     %859 = imul_32x16 %858, %673 (0x7)
                div 32     %860 = iadd %122, %859
                con 32     %861 = @load_reg (%5) (base=0, legacy_fabs=0, legacy_fneg=0)
                con 32     %862 = imul_32x16 %861, %242 (0x1c0)
                div 32     %863 = iadd %862, %214
                div 32     %864 = @load_scratch_intel (%863) (access=none)
                con 32     %865 = iadd %862, %113 (0x20)
                div 32     %866 = iadd %865, %214
                div 32     %867 = @load_scratch_intel (%866) (access=none)
                div 32     %868 = ishl %860, %11 (0x3)
                div 32     %869 = iadd %868, %119 (0x130)
                div 32x4   %870 = @load_ssbo (%20 (0x2), %869) (access=readonly|reorderable, align_mul=8, align_offset=0, offset_shift=0)
                div 32     %871 = umul_high %870.x, %864
                div 32     %872 = imul %870.x, %864
                div 32     %873 = imul %870.y, %864
                div 32     %874 = imul %870.x, %867
                div 32     %875 = iadd %874, %873
                div 32     %876 = iadd %871, %875
                div 64     %877 = @load_reg (%6) (base=0, legacy_fabs=0, legacy_fneg=0)
                div 32     %878 = unpack_64_2x32_split_x %877
                div 64     %879 = @load_reg (%6) (base=0, legacy_fabs=0, legacy_fneg=0)
                div 32     %880 = unpack_64_2x32_split_y %879
                div 32     %881 = iadd %878, %872
                div 32     %882 = iadd %880, %876
                div 32     %883 = ult32 %881, %878
                div 32     %884 = b2i32 %883
                div 32     %885 = iadd %884, %882
                con 32     %886 = iadd %862, %252 (0x40)
                div 32     %887 = iadd %886, %214
                div 32     %888 = @load_scratch_intel (%887) (access=none)
                con 32     %889 = iadd %862, %255 (0x60)
                div 32     %890 = iadd %889, %214
                div 32     %891 = @load_scratch_intel (%890) (access=none)
                div 32     %892 = umul_high %870.z, %888
                div 32     %893 = imul %870.z, %888
                div 32     %894 = imul %870.w, %888
                div 32     %895 = imul %870.z, %891
                div 32     %896 = iadd %895, %894
                div 32     %897 = iadd %892, %896
                div 32     %898 = iadd %881, %893
                div 32     %899 = iadd %885, %897
                div 32     %900 = ult32 %898, %881
                div 32     %901 = b2i32 %900
                div 32     %902 = iadd %901, %899
                con 32     %903 = iadd %862, %278 (0x80)
                div 32     %904 = iadd %903, %214
                div 32     %905 = @load_scratch_intel (%904) (access=none)
                con 32     %906 = iadd %862, %79 (0xa0)
                div 32     %907 = iadd %906, %214
                div 32     %908 = @load_scratch_intel (%907) (access=none)
                div 32     %909 = iadd %339 (0x140), %868
                div 32x4   %910 = @load_ssbo (%20 (0x2), %909) (access=readonly|reorderable, align_mul=8, align_offset=0, offset_shift=0)
                div 32     %911 = umul_high %910.x, %905
                div 32     %912 = imul %910.x, %905
                div 32     %913 = imul %910.y, %905
                div 32     %914 = imul %910.x, %908
                div 32     %915 = iadd %914, %913
                div 32     %916 = iadd %911, %915
                div 32     %917 = iadd %898, %912
                div 32     %918 = iadd %902, %916
                div 32     %919 = ult32 %917, %898
                div 32     %920 = b2i32 %919
                div 32     %921 = iadd %920, %918
                con 32     %922 = iadd %862, %107 (0xc0)
                div 32     %923 = iadd %922, %214
                div 32     %924 = @load_scratch_intel (%923) (access=none)
                con 32     %925 = iadd %862, %309 (0xe0)
                div 32     %926 = iadd %925, %214
                div 32     %927 = @load_scratch_intel (%926) (access=none)
                div 32     %928 = umul_high %910.z, %924
                div 32     %929 = imul %910.z, %924
                div 32     %930 = imul %910.w, %924
                div 32     %931 = imul %910.z, %927
                div 32     %932 = iadd %931, %930
                div 32     %933 = iadd %928, %932
                div 32     %934 = iadd %917, %929
                div 32     %935 = iadd %921, %933
                div 32     %936 = ult32 %934, %917
                div 32     %937 = b2i32 %936
                div 32     %938 = iadd %937, %935
                con 32     %939 = iadd %862, %323 (0x100)
                div 32     %940 = iadd %939, %214
                div 32     %941 = @load_scratch_intel (%940) (access=none)
                con 32     %942 = iadd %862, %325 (0x120)
                div 32     %943 = iadd %942, %214
                div 32     %944 = @load_scratch_intel (%943) (access=none)
                div 32     %945 = iadd %854 (0x150), %868
                div 32x4   %946 = @load_ssbo (%20 (0x2), %945) (access=readonly|reorderable, align_mul=8, align_offset=0, offset_shift=0)
                div 32     %947 = umul_high %946.x, %941
                div 32     %948 = imul %946.x, %941
                div 32     %949 = imul %946.y, %941
                div 32     %950 = imul %946.x, %944
                div 32     %951 = iadd %950, %949
                div 32     %952 = iadd %947, %951
                div 32     %953 = iadd %934, %948
                div 32     %954 = iadd %938, %952
                div 32     %955 = ult32 %953, %934
                div 32     %956 = b2i32 %955
                div 32     %957 = iadd %956, %954
                con 32     %958 = iadd %862, %339 (0x140)
                div 32     %959 = iadd %958, %214
                div 32     %960 = @load_scratch_intel (%959) (access=none)
                con 32     %961 = iadd %862, %341 (0x160)
                div 32     %962 = iadd %961, %214
                div 32     %963 = @load_scratch_intel (%962) (access=none)
                div 32     %964 = umul_high %946.z, %960
                div 32     %965 = imul %946.z, %960
                div 32     %966 = imul %946.w, %960
                div 32     %967 = imul %946.z, %963
                div 32     %968 = iadd %967, %966
                div 32     %969 = iadd %964, %968
                div 32     %970 = iadd %953, %965
                div 32     %971 = iadd %957, %969
                div 32     %972 = ult32 %970, %953
                div 32     %973 = b2i32 %972
                div 32     %974 = iadd %973, %971
                con 32     %975 = iadd %862, %382 (0x180)
                div 32     %976 = iadd %975, %214
                div 32     %977 = @load_scratch_intel (%976) (access=none)
                con 32     %978 = iadd %862, %384 (0x1a0)
                div 32     %979 = iadd %978, %214
                div 32     %980 = @load_scratch_intel (%979) (access=none)
                div 32     %981 = iadd %341 (0x160), %868
                div 32x2   %982 = @load_ssbo (%20 (0x2), %981) (access=readonly|reorderable, align_mul=8, align_offset=0, offset_shift=0)
                div 32     %983 = umul_high %982.x, %977
                div 32     %984 = imul %982.x, %977
                div 32     %985 = imul %982.y, %977
                div 32     %986 = imul %982.x, %980
                div 32     %987 = iadd %986, %985
                div 32     %988 = iadd %983, %987
                div 32     %989 = iadd %970, %984
                div 32     %990 = iadd %974, %988
                div 32     %991 = ult32 %989, %970
                div 32     %992 = b2i32 %991
                div 32     %993 = iadd %992, %990
                con 32     %994 = @load_reg (%5) (base=0, legacy_fabs=0, legacy_fneg=0)
                con 32     %995 = iadd %994, %26 (0x1)
                                  @store_reg (%995, %5) (base=0, wrmask=x, legacy_fsat=0)
                div 64     %996 = pack_64_2x32_split %989, %993
                                  @store_reg (%996, %6) (base=0, wrmask=x, legacy_fsat=0)
                                  // succs: b14
            }
            div block b18:  // preds: b15, succs: b19
        }
        div block b19:        // preds: b12 b18
        div 64     %997 = @load_reg (%6) (base=0, legacy_fabs=0, legacy_fneg=0)
        div 32     %998 = unpack_64_2x32_split_y %997
        div 64     %999 = @load_reg (%6) (base=0, legacy_fabs=0, legacy_fneg=0)
        div 32    %1000 = unpack_64_2x32_split_x %999
        con 32    %1001 = load_const (0x00000028 = 40)
        con 32x2  %1002 = @load_ssbo (%20 (0x2), %1001 (0x28)) (access=readonly|reorderable, align_mul=1073741824, align_offset=40, offset_shift=0)
        con 32    %1003 = iadd %1002.x, %27 (0x4)
        con 32    %1004 = iand %1003, %17 (0x3f)
        div 32    %1005 = ushr %1000, %1004
        div 32    %1006 = ishr %998, %1004
        con 32    %1007 = iadd %1004, %120 (0xffffffe0)
        con 32    %1008 = iabs %1007
        div 32    %1009 = ishl %998, %1008
        div 32    %1010 = ior %1005, %1009
        div 32    %1011 = ishr %998, %1008
        con 32    %1012 = uge32 %1004, %113 (0x20)
        con 32    %1013 = load_const (0x0000001f = 31)
        div 32    %1014 = ishr %998, %1013 (0x1f)
        div 32    %1015 = b32csel %1012, %1014, %1006
        div 32    %1016 = b32csel %1012, %1011, %1010
        con 32    %1017 = ieq32 %1004, %9 (0x0)
        div 32    %1018 = b32csel %1017, %998, %1015
        div 32    %1019 = b32csel %1017, %1000, %1016
        div 32    %1020 = iadd %1000, %26 (0x1)
        div 32    %1021 = ult32 %1020, %1000
        div 32    %1022 = b2i32 %1021
        div 32    %1023 = iadd %1022, %998
        div 32    %1024 = ineg %1023
        div 32    %1025 = ine32 %1020, %9 (0x0)
        div 32    %1026 = b2i32 %1025
        div 32    %1027 = ineg %1026
        div 32    %1028 = iadd %1024, %1027
        div 32    %1029 = ineg %1020
        div 32    %1030 = ushr %1029, %1004
        div 32    %1031 = ishr %1028, %1004
        div 32    %1032 = ishl %1028, %1008
        div 32    %1033 = ior %1030, %1032
        div 32    %1034 = ishr %1028, %1008
        div 32    %1035 = ishr %1028, %1013 (0x1f)
        div 32    %1036 = b32csel %1012, %1035, %1031
        div 32    %1037 = b32csel %1012, %1034, %1033
        div 32    %1038 = b32csel %1017, %1028, %1036
        div 32    %1039 = b32csel %1017, %1029, %1037
        con 32    %1040 = load_const (0xffffffff = -1 = 4294967295)
        div 32    %1041 = ineg %1038
        div 32    %1042 = iadd %1041, %1040 (0xffffffff)
        div 32    %1043 = ine32 %1039, %9 (0x0)
        div 32    %1044 = b2i32 %1043
        div 32    %1045 = ineg %1044
        div 32    %1046 = iadd %1042, %1045
        div 32    %1047 = ineg %1039
        div 32    %1048 = iadd %1040 (0xffffffff), %1047
        div 32    %1049 = ult32 %1048, %1040 (0xffffffff)
        div 32    %1050 = b2i32 %1049
        div 32    %1051 = iadd %1046, %1050
        div 32    %1052 = ige32 %998, %9 (0x0)
        div 32    %1053 = b32csel %1052, %1018, %1051
        div 32    %1054 = b32csel %1052, %1019, %1048
        div 32    %1055 = ieq32 %9 (0x0), %1053
        con 32    %1056 = load_const (0x0000ffff = 65535)
        div 32    %1057 = ult32 %1056 (0xffff), %1054
        div 32    %1058 = iand %1055, %1057
        div 32    %1059 = ilt32 %9 (0x0), %1053
        div 32    %1060 = ior %1059, %1058
        div 32    %1061 = b32csel %1060, %1056 (0xffff), %1054
        div 32    %1062 = ilt32 %1053, %9 (0x0)
        div 32    %1063 = ior %1062, %1060
        div 32    %1064 = b32csel %1063, %9 (0x0), %1053
        div 32    %1065 = b32csel %1062, %9 (0x0), %1061
        con 32x2  %1066 = @load_ssbo (%20 (0x2), %118 (0x10)) (access=readonly|reorderable, align_mul=1073741824, align_offset=16, offset_shift=0)
        con 32    %1067 = ieq32 %1066.y, %9 (0x0)
        con 32    %1068 = ieq32 %1066.x, %26 (0x1)
        con 32    %1069 = iand %1067, %1068
                          // succs: b20 b24
        if %1069 {
            div block b20:        // preds: b19
            con 32    %1070 = load_const (0x00000038 = 56)
            con 32x2  %1071 = @load_ssbo (%20 (0x2), %1070 (0x38)) (access=readonly|reorderable, align_mul=1073741824, align_offset=56, offset_shift=0)
            con 32    %1072 = ineg %1071.y
            con 32    %1073 = ine32 %1071.x, %9 (0x0)
            con 32    %1074 = b2i32 %1073
            con 32    %1075 = ineg %1074
            con 32    %1076 = iadd %1072, %1075
            con 32    %1077 = ineg %1071.x
            div 32    %1078 = iadd %29.w, %1077
            div 32    %1079 = ult32 %1078, %29.w
            div 32    %1080 = b2i32 %1079
            div 32    %1081 = iadd %1080, %1076
            div 32    %1082 = ior %1078, %1081
            div 32    %1083 = ine32 %1082, %9 (0x0)
                              // succs: b21 b22
            if %1083 {
                div block b21:        // preds: b20
                div 32    %1084 = ieq32 %9 (0x0), %1081
                div 32    %1085 = ine32 %1078, %9 (0x0)
                div 32    %1086 = iand %1084, %1085
                div 32    %1087 = ilt32 %9 (0x0), %1081
                div 32    %1088 = ior %1087, %1086
                con 32    %1089 = load_const (0x00000030 = 48)
                con 32x2  %1090 = @load_ssbo (%20 (0x2), %1089 (0x30)) (access=readonly|reorderable, align_mul=1073741824, align_offset=48, offset_shift=0)
                con 32    %1091 = ineg %1090.x
                con 32    %1092 = load_const (0x0000000a = 10)
                con 32    %1093 = iadd %1092 (0xa), %1091
                con 32    %1094 = iand %1093, %17 (0x3f)
                con 32    %1095 = uge32 %1094, %113 (0x20)
                con 32    %1096 = iadd %1094, %120 (0xffffffe0)
                con 32    %1097 = iabs %1096
                con 32    %1098 = ushr %26 (0x1), %1097
                con 32    %1099 = ishl %26 (0x1), %1097
                con 32    %1100 = b32csel %1095, %1099, %1098
                con 32    %1101 = ishl %26 (0x1), %1094
                con 32    %1102 = b32csel %1095, %9 (0x0), %1101
                con 32    %1103 = ieq32 %1094, %9 (0x0)
                con 32    %1104 = b32csel %1103, %9 (0x0), %1100
                con 32    %1105 = b32csel %1103, %26 (0x1), %1102
                con 32    %1106 = ushr %1105, %1013 (0x1f)
                con 32    %1107 = ishl %1104, %26 (0x1)
                con 32    %1108 = ior %1107, %1106
                con 32    %1109 = load_const (0x00000050 = 80)
                con 32x2  %1110 = @load_ssbo (%20 (0x2), %1109 (0x50)) (access=readonly|reorderable, align_mul=1073741824, align_offset=80, offset_shift=0)
                con 32    %1111 = ishl %1105, %26 (0x1)
                con 32    %1112 = umul_high %1111, %1110.x
                con 32    %1113 = imul %1111, %1110.x
                con 32    %1114 = imul %1108, %1110.x
                con 32    %1115 = imul %1111, %1110.y
                con 32    %1116 = iadd %1115, %1114
                con 32    %1117 = iadd %1112, %1116
                div 32    %1118 = ushr %1078, %1013 (0x1f)
                div 32    %1119 = ishl %1081, %26 (0x1)
                div 32    %1120 = ior %1119, %1118
                div 32    %1121 = b32csel %1088, %1040 (0xffffffff), %26 (0x1)
                div 32    %1122 = ishl %1078, %26 (0x1)
                div 32    %1123 = iadd %1122, %1121
                div 32    %1124 = b2i32 %1088
                div 32    %1125 = ineg %1124
                div 32    %1126 = iadd %1120, %1125
                div 32    %1127 = ult32 %1123, %1122
                div 32    %1128 = b2i32 %1127
                div 32    %1129 = iadd %1128, %1126
                con 32    %1130 = load_const (0x00000040 = 64)
                con 32x4  %1131 = @load_ssbo_uniform_block_intel (%20 (0x2), %1130 (0x40)) (access=readonly|reorderable, align_mul=1073741824, align_offset=64, base=0)
                div 32    %1132 = umul_high %1123, %1131.x
                div 32    %1133 = imul %1123, %1131.x
                div 32    %1134 = imul %1129, %1131.x
                div 32    %1135 = imul %1123, %1131.y
                div 32    %1136 = iadd %1135, %1134
                div 32    %1137 = iadd %1132, %1136
                div 32    %1138 = b32csel %1088, %20 (0x2), %83 (0xfffffffe)
                div 32    %1139 = umul_high %1138, %1131.z
                div 32    %1140 = imul %1138, %1131.z
                div 32    %1141 = b32csel %1088, %9 (0x0), %1131.z
                div 32    %1142 = imul %1138, %1131.w
                div 32    %1143 = ineg %1141
                div 32    %1144 = iadd %1142, %1143
                div 32    %1145 = iadd %1139, %1144
                div 32    %1146 = iadd %1133, %1140
                div 32    %1147 = iadd %1137, %1145
                div 32    %1148 = ult32 %1146, %1133
                div 32    %1149 = b2i32 %1148
                div 32    %1150 = iadd %1149, %1147
                div 32    %1151 = umul_high %1146, %1105
                div 32    %1152 = imul %1146, %1105
                div 32    %1153 = imul %1150, %1105
                div 32    %1154 = imul %1146, %1104
                div 32    %1155 = iadd %1154, %1153
                div 32    %1156 = iadd %1151, %1155
                con 32    %1157 = ineg %1117
                con 32    %1158 = ine32 %1113, %9 (0x0)
                con 32    %1159 = b2i32 %1158
                con 32    %1160 = ineg %1159
                con 32    %1161 = iadd %1157, %1160
                div 32    %1162 = ieq32 %1156, %1161
                con 32    %1163 = ineg %1113
                div 32    %1164 = ult32 %1152, %1163
                div 32    %1165 = iand %1162, %1164
                div 32    %1166 = ilt32 %1156, %1161
                div 32    %1167 = ior %1166, %1165
                div 32    %1168 = ieq32 %1117, %1156
                div 32    %1169 = ult32 %1113, %1152
                div 32    %1170 = iand %1168, %1169
                div 32    %1171 = ilt32 %1117, %1156
                div 32    %1172 = ior %1171, %1170
                div 32    %1173 = b32csel %1172, %1117, %1156
                div 32    %1174 = b32csel %1172, %1113, %1152
                div 32    %1175 = b32csel %1167, %1161, %1173
                div 32    %1176 = b32csel %1167, %1163, %1174
                con 32    %1177 = load_const (0xfffffffb = -5 = 4294967291)
                con 32    %1178 = iadd %1002.x, %1177 (0xfffffffb)
                con 32    %1179 = iadd %1178, %1091
                con 32    %1180 = iand %1179, %17 (0x3f)
                div 32    %1181 = ushr %1176, %1180
                div 32    %1182 = ishr %1175, %1180
                con 32    %1183 = iadd %1180, %120 (0xffffffe0)
                con 32    %1184 = iabs %1183
                div 32    %1185 = ishl %1175, %1184
                div 32    %1186 = ior %1181, %1185
                div 32    %1187 = ishr %1175, %1184
                con 32    %1188 = uge32 %1180, %113 (0x20)
                div 32    %1189 = ishr %1175, %1013 (0x1f)
                div 32    %1190 = b32csel %1188, %1189, %1182
                div 32    %1191 = b32csel %1188, %1187, %1186
                con 32    %1192 = ieq32 %1180, %9 (0x0)
                div 32    %1193 = b32csel %1192, %1175, %1190
                div 32    %1194 = b32csel %1192, %1176, %1191
                div 32    %1195 = iadd %1176, %26 (0x1)
                div 32    %1196 = ult32 %1195, %1176
                div 32    %1197 = b2i32 %1196
                div 32    %1198 = iadd %1197, %1175
                div 32    %1199 = ineg %1198
                div 32    %1200 = ine32 %1195, %9 (0x0)
                div 32    %1201 = b2i32 %1200
                div 32    %1202 = ineg %1201
                div 32    %1203 = iadd %1199, %1202
                div 32    %1204 = ineg %1195
                div 32    %1205 = ushr %1204, %1180
                div 32    %1206 = ishr %1203, %1180
                div 32    %1207 = ishl %1203, %1184
                div 32    %1208 = ior %1205, %1207
                div 32    %1209 = ishr %1203, %1184
                div 32    %1210 = ishr %1203, %1013 (0x1f)
                div 32    %1211 = b32csel %1188, %1210, %1206
                div 32    %1212 = b32csel %1188, %1209, %1208
                div 32    %1213 = b32csel %1192, %1203, %1211
                div 32    %1214 = b32csel %1192, %1204, %1212
                div 32    %1215 = ineg %1213
                div 32    %1216 = iadd %1215, %1040 (0xffffffff)
                div 32    %1217 = ine32 %1214, %9 (0x0)
                div 32    %1218 = b2i32 %1217
                div 32    %1219 = ineg %1218
                div 32    %1220 = iadd %1216, %1219
                div 32    %1221 = ineg %1214
                div 32    %1222 = iadd %1040 (0xffffffff), %1221
                div 32    %1223 = ult32 %1222, %1040 (0xffffffff)
                div 32    %1224 = b2i32 %1223
                div 32    %1225 = iadd %1220, %1224
                div 32    %1226 = ige32 %1175, %9 (0x0)
                div 32    %1227 = b32csel %1226, %1193, %1225
                div 32    %1228 = b32csel %1226, %1194, %1222
                div 64    %1229 = pack_64_2x32_split %1228, %1227
                                  @store_reg (%1229, %7) (base=0, wrmask=x, legacy_fsat=0)
                                  // succs: b23
            } else {
                div block b22:        // preds: b20
                con 64    %1230 = mov %116 (0x0)
                                  @store_reg (%1230, %7) (base=0, wrmask=x, legacy_fsat=0)
                                  // succs: b23
            }
            div block b23:  // preds: b21 b22, succs: b25
        } else {
            div block b24:        // preds: b19
            con 64    %1231 = mov %116 (0x0)
                              @store_reg (%1231, %7) (base=0, wrmask=x, legacy_fsat=0)
                              // succs: b25
        }
        div block b25:        // preds: b23 b24
        div 64    %1232 = @load_reg (%7) (base=0, legacy_fabs=0, legacy_fneg=0)
        div 32    %1233 = unpack_64_2x32_split_x %1232
        div 64    %1234 = @load_reg (%7) (base=0, legacy_fabs=0, legacy_fneg=0)
        div 32    %1235 = unpack_64_2x32_split_y %1234
        div 32    %1236 = iadd %1065, %1233
        div 32    %1237 = iadd %1064, %1235
        div 32    %1238 = ult32 %1236, %1065
        div 32    %1239 = b2i32 %1238
        div 32    %1240 = iadd %1239, %1237
        con 32x2  %1241 = @load_ssbo (%20 (0x2), %115 (0x18)) (access=readonly|reorderable, align_mul=1073741824, align_offset=24, offset_shift=0)
        con 32    %1242 = ineg %1241.x
        con 32    %1243 = load_const (0x0000000f = 15)
        con 32    %1244 = iadd %1243 (0xf), %1242
        con 32    %1245 = iand %1244, %17 (0x3f)
        con 32    %1246 = uge32 %1245, %113 (0x20)
        con 32    %1247 = iadd %1245, %120 (0xffffffe0)
        con 32    %1248 = iabs %1247
        con 32    %1249 = ushr %26 (0x1), %1248
        con 32    %1250 = ishl %26 (0x1), %1248
        con 32    %1251 = b32csel %1246, %1250, %1249
        con 32    %1252 = ishl %26 (0x1), %1245
        con 32    %1253 = b32csel %1246, %9 (0x0), %1252
        con 32    %1254 = ieq32 %1245, %9 (0x0)
        con 32    %1255 = b32csel %1254, %9 (0x0), %1251
        con 32    %1256 = b32csel %1254, %26 (0x1), %1253
        div 32    %1257 = iadd %1236, %1256
        div 32    %1258 = iadd %1240, %1255
        div 32    %1259 = ult32 %1257, %1236
        div 32    %1260 = b2i32 %1259
        div 32    %1261 = iadd %1260, %1258
        con 32    %1262 = iadd %118 (0x10), %1242
        con 32    %1263 = iand %1262, %17 (0x3f)
        div 32    %1264 = ushr %1257, %1263
        div 32    %1265 = ishr %1261, %1263
        con 32    %1266 = iadd %1263, %120 (0xffffffe0)
        con 32    %1267 = iabs %1266
        div 32    %1268 = ishl %1261, %1267
        div 32    %1269 = ior %1264, %1268
        div 32    %1270 = ishr %1261, %1267
        con 32    %1271 = uge32 %1263, %113 (0x20)
        div 32    %1272 = ishr %1261, %1013 (0x1f)
        div 32    %1273 = b32csel %1271, %1272, %1265
        div 32    %1274 = b32csel %1271, %1270, %1269
        con 32    %1275 = ieq32 %1263, %9 (0x0)
        div 32    %1276 = b32csel %1275, %1261, %1273
        div 32    %1277 = b32csel %1275, %1257, %1274
        div 32    %1278 = iadd %1257, %26 (0x1)
        div 32    %1279 = ult32 %1278, %1257
        div 32    %1280 = b2i32 %1279
        div 32    %1281 = iadd %1280, %1261
        div 32    %1282 = ineg %1281
        div 32    %1283 = ine32 %1278, %9 (0x0)
        div 32    %1284 = b2i32 %1283
        div 32    %1285 = ineg %1284
        div 32    %1286 = iadd %1282, %1285
        div 32    %1287 = ineg %1278
        div 32    %1288 = ushr %1287, %1263
        div 32    %1289 = ishr %1286, %1263
        div 32    %1290 = ishl %1286, %1267
        div 32    %1291 = ior %1288, %1290
        div 32    %1292 = ishr %1286, %1267
        div 32    %1293 = ishr %1286, %1013 (0x1f)
        div 32    %1294 = b32csel %1271, %1293, %1289
        div 32    %1295 = b32csel %1271, %1292, %1291
        div 32    %1296 = b32csel %1275, %1286, %1294
        div 32    %1297 = b32csel %1275, %1287, %1295
        div 32    %1298 = ineg %1296
        div 32    %1299 = iadd %1298, %1040 (0xffffffff)
        div 32    %1300 = ine32 %1297, %9 (0x0)
        div 32    %1301 = b2i32 %1300
        div 32    %1302 = ineg %1301
        div 32    %1303 = iadd %1299, %1302
        div 32    %1304 = ineg %1297
        div 32    %1305 = iadd %1040 (0xffffffff), %1304
        div 32    %1306 = ult32 %1305, %1040 (0xffffffff)
        div 32    %1307 = b2i32 %1306
        div 32    %1308 = iadd %1303, %1307
        div 32    %1309 = ige32 %1261, %9 (0x0)
        div 32    %1310 = b32csel %1309, %1276, %1308
        div 32    %1311 = b32csel %1309, %1277, %1305
        con 32    %1312 = iand %1241.x, %17 (0x3f)
        con 32    %1313 = uge32 %1312, %113 (0x20)
        con 32    %1314 = iadd %1312, %120 (0xffffffe0)
        con 32    %1315 = iabs %1314
        con 32    %1316 = ushr %26 (0x1), %1315
        con 32    %1317 = ishl %26 (0x1), %1315
        con 32    %1318 = b32csel %1313, %1317, %1316
        con 32    %1319 = ishl %26 (0x1), %1312
        con 32    %1320 = b32csel %1313, %9 (0x0), %1319
        con 32    %1321 = ieq32 %1312, %9 (0x0)
        con 32    %1322 = b32csel %1321, %26 (0x1), %1320
        con 32    %1323 = iadd %1318, %1040 (0xffffffff)
        con 32    %1324 = b32csel %1321, %1040 (0xffffffff), %1323
        con 32    %1325 = iadd %1322, %1040 (0xffffffff)
        con 32    %1326 = ult32 %1325, %1322
        con 32    %1327 = b2i32 %1326
        con 32    %1328 = iadd %1327, %1324
        div 32    %1329 = ieq32 %1328, %1310
        div 32    %1330 = ult32 %1325, %1311
        div 32    %1331 = iand %1329, %1330
        div 32    %1332 = ilt32 %1328, %1310
        div 32    %1333 = ior %1332, %1331
        div 32    %1334 = b32csel %1333, %1325, %1311
        div 32    %1335 = ilt32 %1310, %9 (0x0)
        div 32    %1336 = b32csel %1335, %9 (0x0), %1334
        div 32x4  %1337 = vec4 %1065, %1233, %1236, %1336
                          @store_ssbo (%1337, %9 (0x0), %28) (wrmask=xyzw, access=writeonly, align_mul=16, align_offset=0, offset_shift=0)
                          // succs: b27
    } else {
        div block b26:  // preds: b0, succs: b27
    }
    con block b27:  // preds: b25 b26, succs: b28
    block b28:
}

NIR (SSA form) for compute shader:
shader: MESA_SHADER_COMPUTE
source_blake3: {0xcdb9fc45, 0x31b59d84, 0x07d0359d, 0x5467b91c, 0xd0948f88, 0x39bfb128, 0x4e0c01be, 0xa20d0eb0}
name: GLSL2
workgroup_size: 64, 1, 1
num_ssbos: 3
system_values_read: 0x00000000'00000000'00008400'00000000
max_subgroup_size: 16
min_subgroup_size: 16
bit_sizes_int: 0x61
first_ubo_is_default_ubo: true
flrp_lowered: true
writes_memory: true
scratch: 168
decl_var ssbo INTERP_MODE_NONE writeonly ivec4[] results (0, 0, 2)
decl_var ssbo INTERP_MODE_NONE readonly uvec4[] samples (0, 1, 1)
decl_var ssbo INTERP_MODE_NONE readonly int64_t[] m (0, 2, 0)
decl_function main () (entrypoint)

impl main {
    con block b0:         // preds:
    con 32x3     %0 = @load_workgroup_id
    con 32       %1 = load_const (0x00000000)
    con 32       %2 = @load_push_data_intel (%1 (0x0)) (base=0, range=4, access=none)
    con 32       %3 = load_const (0x00000004)
    con 32       %4 = ishl %2, %3 (0x4)
    div 32       %5 = @load_subgroup_invocation
    div 32       %6 = iadd %5, %4
    con 32       %7 = load_const (0x00000006)
    con 32       %8 = ishl %0.x, %7 (0x6)
    con 32       %9 = load_const (0x0000003f = 63)
    div 32      %10 = iand %6, %9 (0x3f)
    div 32      %11 = iadd %8, %10
    con 32      %12 = load_const (0x00000002)
    con 32x2    %13 = @load_ssbo (%12 (0x2), %1 (0x0)) (access=readonly|reorderable, align_mul=1073741824, align_offset=0, offset_shift=0)
    div 32      %14 = ult32 %11, %13.x
                      // succs: b1 b26
    if %14 {
        div block b1:         // preds: b0
        con 32      %15 = load_const (0x00000010 = 16)
        con 32      %16 = load_const (0x00000008)
        con 32x2    %17 = @load_ssbo (%12 (0x2), %16 (0x8)) (access=readonly|reorderable, align_mul=1073741824, align_offset=8, offset_shift=0)
        con 32      %18 = load_const (0x00000003)
        con 32      %19 = ilt32 %17.x, %18 (0x3)
        con 32      %20 = load_const (0x00000001)
        div 32      %21 = ishl %11, %3 (0x4)
        div 32x4    %22 = @load_ssbo (%20 (0x1), %21) (access=readonly|reorderable, align_mul=16, align_offset=0, offset_shift=0)
        div 32      %23 = b32csel %19, %22.z, %22.w
        con 32      %24 = ilt32 %17.x, %20 (0x1)
        div 32      %25 = b32csel %24, %22.x, %22.y
        con 32      %26 = ilt32 %17.x, %12 (0x2)
        div 32      %27 = b32csel %26, %25, %23
        con 32      %28 = load_const (0x00000058 = 88)
        con 32x16   %29 = @load_ssbo_uniform_block_intel (%12 (0x2), %28 (0x58)) (access=readonly|reorderable, align_mul=1073741824, align_offset=88, base=0)
        con 32      %30 = ieq32 %1 (0x0), %29.b
        div 32      %31 = ult32 %22.x, %29.a
        div 32      %32 = iand %30, %31
        con 32      %33 = ilt32 %1 (0x0), %29.b
        div 32      %34 = ior %33, %32
        con 32      %35 = ieq32 %29.d, %1 (0x0)
        div 32      %36 = ult32 %29.c, %22.x
        div 32      %37 = iand %35, %36
        con 32      %38 = ilt32 %29.d, %1 (0x0)
        div 32      %39 = ior %38, %37
        div 32      %40 = b32csel %39, %29.d, %1 (0x0)
        div 32      %41 = b32csel %39, %29.c, %22.x
        div 32      %42 = b32csel %34, %29.b, %40
        div 32      %43 = b32csel %34, %29.a, %41
        con 32      %44 = ieq32 %1 (0x0), %29.f
        div 32      %45 = ult32 %22.y, %29.e
        div 32      %46 = iand %44, %45
        con 32      %47 = ilt32 %1 (0x0), %29.f
        div 32      %48 = ior %47, %46
        con 32      %49 = ieq32 %29.h, %1 (0x0)
        div 32      %50 = ult32 %29.g, %22.y
        div 32      %51 = iand %49, %50
        con 32      %52 = ilt32 %29.h, %1 (0x0)
        div 32      %53 = ior %52, %51
        div 32      %54 = b32csel %53, %29.h, %1 (0x0)
        div 32      %55 = b32csel %53, %29.g, %22.y
        div 32      %56 = b32csel %48, %29.f, %54
        div 32      %57 = b32csel %48, %29.e, %55
        con 32      %58 = ieq32 %1 (0x0), %29.j
        div 32      %59 = ult32 %22.z, %29.i
        div 32      %60 = iand %58, %59
        con 32      %61 = ilt32 %1 (0x0), %29.j
        div 32      %62 = ior %61, %60
        con 32      %63 = ieq32 %29.l, %1 (0x0)
        div 32      %64 = ult32 %29.k, %22.z
        div 32      %65 = iand %63, %64
        con 32      %66 = ilt32 %29.l, %1 (0x0)
        div 32      %67 = ior %66, %65
        div 32      %68 = b32csel %67, %29.l, %1 (0x0)
        div 32      %69 = b32csel %67, %29.k, %22.z
        div 32      %70 = b32csel %62, %29.j, %68
        div 32      %71 = b32csel %62, %29.i, %69
        con 32      %72 = load_const (0x000000a0 = 160)
        con 32      %73 = load_const (0x00000088 = 136)
        con 32x2    %74 = @load_ssbo (%12 (0x2), %73 (0x88)) (access=readonly|reorderable, align_mul=1073741824, align_offset=136, offset_shift=0)
        con 32      %75 = load_const (0x00000098 = 152)
        con 32      %76 = load_const (0xfffffffe = -2 = 4294967294)
        con 32      %77 = iadd %74.x, %76 (0xfffffffe)
                          // succs: b2
        div loop {
            div block b2:         // preds: b1 b5
            con 32      %78 = phi b1: %1 (0x0), b5: %92
            con 32      %79 = phi b1: %75 (0x98), b5: %91
            con 32x2    %80 = @load_ssbo (%12 (0x2), %79) (access=readonly|reorderable, align_mul=8, align_offset=0, offset_shift=0)
            con 32      %81 = ieq32 %1 (0x0), %80.y
            div 32      %82 = ult32 %27, %80.x
            div 32      %83 = iand %81, %82
            con 32      %84 = ilt32 %1 (0x0), %80.y
            div 32      %85 = ior %84, %83
            div 32      %86 = inot %85
            con 32      %87 = ilt32 %78, %77
            div 32      %88 = iand %87, %86
            div 32      %89 = inot %88
                              // succs: b3 b4
            if %89 {
                div block b3:// preds: b2
                break
                // succs: b6
            } else {
                div block b4:  // preds: b2, succs: b5
            }
            div block b5:         // preds: b4
            con 32      %90 = ishl %78, %18 (0x3)
            con 32      %91 = iadd %90, %72 (0xa0)
            con 32      %92 = iadd %78, %20 (0x1)
                              // succs: b2
        }
        div block b6:         // preds: b3
        div 32      %93 = phi b3: %78
        con 32      %94 = load_const (0x00000118 = 280)
        con 32      %95 = load_const (0x000000c0 = 192)
        div 32      %96 = imul_32x16 %93, %95 (0xc0)
        div 32      %97 = iadd %96, %94 (0x118)
        div 32x4    %98 = @load_ssbo (%12 (0x2), %97) (access=readonly|reorderable, align_mul=64, align_offset=24, offset_shift=0)
        div 32      %99 = ior %98.x, %98.y
        con 32     %100 = load_const (0x00000020 = 32)
        con 32x2   %101 = @load_ssbo (%12 (0x2), %100 (0x20)) (access=readonly|reorderable, align_mul=1073741824, align_offset=32, offset_shift=0)
        con 32     %102 = load_const (0x00000018 = 24)
        con 64     %103 = load_const (0x0000000000000000)
        con 32     %104 = load_const (0x00000014 = 20)
        con 32     %105 = load_const (0x00000130 = 304)
        con 32     %106 = load_const (0xffffffe0 = -32 = 4294967264)
        div 32     %107 = imul_32x16 %93, %102 (0x18)
        div 32     %108 = ieq32 %99, %1 (0x0)
                          // succs: b7 b13
        if %108 {
            div block b7:         // preds: b6
            div 32     %109 = b32csel %26, %56, %70
            div 32     %110 = b32csel %26, %57, %71
            div 32     %111 = b32csel %24, %42, %109
            div 32     %112 = b32csel %24, %43, %110
            con 64     %113 = load_const (0x0000000000000001)
                              // succs: b8
            div loop {
                div block b8:         // preds: b7 b11
                div 64     %114 = phi b7: %113 (0x1), b11: %166
                con 32     %115 = phi b7: %1 (0x0), b11: %164
                div 64     %116 = phi b7: %103 (0x0), b11: %165
                div 32     %117 = ilt32 %98.z, %115
                                  // succs: b9 b10
                if %117 {
                    div block b9:// preds: b8
                    break
                    // succs: b12
                } else {
                    div block b10:  // preds: b8, succs: b11
                }
                div block b11:        // preds: b10
                div 32     %118 = iadd %107, %115
                div 32     %119 = unpack_64_2x32_split_x %114
                div 32     %120 = unpack_64_2x32_split_y %114
                div 32     %121 = ishl %118, %18 (0x3)
                div 32     %122 = iadd %121, %105 (0x130)
                div 32x2   %123 = @load_ssbo (%12 (0x2), %122) (access=readonly|reorderable, align_mul=8, align_offset=0, offset_shift=0)
                div 32     %124 = umul_high %123.x, %119
                div 32     %125 = imul %123.x, %119
                div 32     %126 = imul %123.y, %119
                div 32     %127 = imul %123.x, %120
                div 32     %128 = iadd %127, %126
                div 32     %129 = iadd %124, %128
                con 32     %130 = imul %101.x, %115
                con 32     %131 = ineg %130
                con 32     %132 = iadd %104 (0x14), %131
                con 32     %133 = iand %132, %9 (0x3f)
                con 32     %134 = uge32 %133, %100 (0x20)
                con 32     %135 = iadd %133, %106 (0xffffffe0)
                con 32     %136 = iabs %135
                con 32     %137 = ushr %20 (0x1), %136
                con 32     %138 = ishl %20 (0x1), %136
                con 32     %139 = b32csel %134, %138, %137
                con 32     %140 = ishl %20 (0x1), %133
                con 32     %141 = b32csel %134, %1 (0x0), %140
                con 32     %142 = ieq32 %133, %1 (0x0)
                con 32     %143 = b32csel %142, %1 (0x0), %139
                con 32     %144 = b32csel %142, %20 (0x1), %141
                div 32     %145 = umul_high %125, %144
                div 32     %146 = imul %125, %144
                div 32     %147 = imul %129, %144
                div 32     %148 = imul %125, %143
                div 32     %149 = iadd %148, %147
                div 32     %150 = iadd %145, %149
                div 32     %151 = unpack_64_2x32_split_x %116
                div 32     %152 = unpack_64_2x32_split_y %116
                div 32     %153 = iadd %151, %146
                div 32     %154 = iadd %152, %150
                div 32     %155 = ult32 %153, %151
                div 32     %156 = b2i32 %155
                div 32     %157 = iadd %156, %154
                div 32     %158 = umul_high %119, %112
                div 32     %159 = imul %119, %112
                div 32     %160 = imul %120, %112
                div 32     %161 = imul %119, %111
                div 32     %162 = iadd %161, %160
                div 32     %163 = iadd %158, %162
                con 32     %164 = iadd %115, %20 (0x1)
                div 64     %165 = pack_64_2x32_split %153, %157
                div 64     %166 = pack_64_2x32_split %159, %163
                                  // succs: b8
            }
            div block b12:        // preds: b9
            div 64     %167 = phi b9: %116
                              // succs: b19
        } else {
            div block b13:        // preds: b6
            con 32     %168 = ineg %101.x
            con 32     %169 = iadd %104 (0x14), %168
            con 32     %170 = iand %169, %9 (0x3f)
            con 32     %171 = uge32 %170, %100 (0x20)
            con 32     %172 = iadd %170, %106 (0xffffffe0)
            con 32     %173 = iabs %172
            con 32     %174 = ushr %20 (0x1), %173
            con 32     %175 = ishl %20 (0x1), %173
            con 32     %176 = b32csel %171, %175, %174
            con 32     %177 = ishl %20 (0x1), %170
            con 32     %178 = b32csel %171, %1 (0x0), %177
            con 32     %179 = ieq32 %170, %1 (0x0)
            con 32     %180 = b32csel %179, %1 (0x0), %176
            con 32     %181 = b32csel %179, %20 (0x1), %178
            div 32     %182 = umul_high %43, %181
            div 32     %183 = imul %43, %181
            div 32     %184 = imul %42, %181
            div 32     %185 = imul %43, %180
            div 32     %186 = iadd %185, %184
            div 32     %187 = iadd %182, %186
            div 32     %188 = ishl %5, %12 (0x2)
                              @store_scratch_intel (%183, %188)
            con 32     %189 = load_const (0x00000040 = 64)
            div 32     %190 = iadd %188, %189 (0x40)
                              @store_scratch_intel (%187, %190)
            div 32     %191 = iadd %43, %43
            div 32     %192 = imul %42, %191
            div 32     %193 = umul_high %43, %43
            div 32     %194 = iadd %193, %192
            con 32     %195 = ishl %101.x, %20 (0x1)
            con 32     %196 = ineg %195
            con 32     %197 = iadd %104 (0x14), %196
            con 32     %198 = iand %197, %9 (0x3f)
            con 32     %199 = uge32 %198, %100 (0x20)
            con 32     %200 = iadd %198, %106 (0xffffffe0)
            con 32     %201 = iabs %200
            con 32     %202 = ushr %20 (0x1), %201
            con 32     %203 = ishl %20 (0x1), %201
            con 32     %204 = b32csel %199, %203, %202
            con 32     %205 = ishl %20 (0x1), %198
            con 32     %206 = b32csel %199, %1 (0x0), %205
            con 32     %207 = ieq32 %198, %1 (0x0)
            con 32     %208 = b32csel %207, %1 (0x0), %204
            con 32     %209 = b32csel %207, %20 (0x1), %206
            div 32     %210 = imul %43, %43
            div 32     %211 = umul_high %210, %209
            div 32     %212 = imul %210, %209
            div 32     %213 = imul %194, %209
            div 32     %214 = imul %210, %208
            div 32     %215 = iadd %214, %213
            div 32     %216 = iadd %211, %215
            con 32     %217 = load_const (0x00000380 = 896)
            div 32     %218 = iadd %217 (0x380), %188
                              @store_scratch_intel (%212, %218)
            con 32     %219 = load_const (0x000003c0 = 960)
            div 32     %220 = iadd %219 (0x3c0), %188
                              @store_scratch_intel (%216, %220)
            div 32     %221 = umul_high %57, %181
            div 32     %222 = imul %57, %181
            div 32     %223 = imul %56, %181
            div 32     %224 = imul %57, %180
            div 32     %225 = iadd %224, %223
            div 32     %226 = iadd %221, %225
            con 32     %227 = load_const (0x00000080 = 128)
            div 32     %228 = iadd %227 (0x80), %188
                              @store_scratch_intel (%222, %228)
            con 32     %229 = load_const (0x0000000c = 12)
            div 32     %230 = iadd %95 (0xc0), %188
                              @store_scratch_intel (%226, %230)
            div 32     %231 = iadd %57, %57
            div 32     %232 = imul %56, %231
            div 32     %233 = umul_high %57, %57
            div 32     %234 = iadd %233, %232
            div 32     %235 = imul %57, %57
            div 32     %236 = umul_high %235, %209
            div 32     %237 = imul %235, %209
            div 32     %238 = imul %234, %209
            div 32     %239 = imul %235, %208
            div 32     %240 = iadd %239, %238
            div 32     %241 = iadd %236, %240
            con 32     %242 = load_const (0x00000400 = 1024)
            div 32     %243 = iadd %242 (0x400), %188
                              @store_scratch_intel (%237, %243)
            con 32     %244 = load_const (0x00000440 = 1088)
            div 32     %245 = iadd %244 (0x440), %188
                              @store_scratch_intel (%241, %245)
            div 32     %246 = umul_high %71, %181
            div 32     %247 = imul %71, %181
            div 32     %248 = imul %70, %181
            div 32     %249 = imul %71, %180
            div 32     %250 = iadd %249, %248
            div 32     %251 = iadd %246, %250
            con 32     %252 = load_const (0x00000100 = 256)
            div 32     %253 = iadd %252 (0x100), %188
                              @store_scratch_intel (%247, %253)
            con 32     %254 = load_const (0x00000140 = 320)
            div 32     %255 = iadd %254 (0x140), %188
                              @store_scratch_intel (%251, %255)
            div 32     %256 = iadd %71, %71
            div 32     %257 = imul %70, %256
            div 32     %258 = umul_high %71, %71
            div 32     %259 = iadd %258, %257
            div 32     %260 = imul %71, %71
            div 32     %261 = umul_high %260, %209
            div 32     %262 = imul %260, %209
            div 32     %263 = imul %259, %209
            div 32     %264 = imul %260, %208
            div 32     %265 = iadd %264, %263
            div 32     %266 = iadd %261, %265
            con 32     %267 = load_const (0x00000480 = 1152)
            div 32     %268 = iadd %267 (0x480), %188
                              @store_scratch_intel (%262, %268)
            con 32     %269 = load_const (0x000004c0 = 1216)
            div 32     %270 = iadd %269 (0x4c0), %188
                              @store_scratch_intel (%266, %270)
            div 32     %271 = umul_high %43, %57
            div 32     %272 = imul %43, %57
            div 32     %273 = imul %42, %57
            div 32     %274 = imul %43, %56
            div 32     %275 = iadd %274, %273
            div 32     %276 = iadd %271, %275
            div 32     %277 = umul_high %272, %209
            div 32     %278 = imul %272, %209
            div 32     %279 = imul %276, %209
            div 32     %280 = imul %272, %208
            div 32     %281 = iadd %280, %279
            div 32     %282 = iadd %277, %281
            con 32     %283 = load_const (0x00000180 = 384)
            div 32     %284 = iadd %283 (0x180), %188
                              @store_scratch_intel (%278, %284)
            con 32     %285 = load_const (0x000001c0 = 448)
            div 32     %286 = iadd %285 (0x1c0), %188
                              @store_scratch_intel (%282, %286)
            div 32     %287 = umul_high %43, %71
            div 32     %288 = imul %43, %71
            div 32     %289 = imul %42, %71
            div 32     %290 = imul %43, %70
            div 32     %291 = iadd %290, %289
            div 32     %292 = iadd %287, %291
            div 32     %293 = umul_high %288, %209
            div 32     %294 = imul %288, %209
            div 32     %295 = imul %292, %209
            div 32     %296 = imul %288, %208
            div 32     %297 = iadd %296, %295
            div 32     %298 = iadd %293, %297
            con 32     %299 = load_const (0x00000200 = 512)
            div 32     %300 = iadd %299 (0x200), %188
                              @store_scratch_intel (%294, %300)
            con 32     %301 = load_const (0x00000240 = 576)
            div 32     %302 = iadd %301 (0x240), %188
                              @store_scratch_intel (%298, %302)
            div 32     %303 = umul_high %57, %71
            div 32     %304 = imul %57, %71
            div 32     %305 = imul %56, %71
            div 32     %306 = imul %57, %70
            div 32     %307 = iadd %306, %305
            div 32     %308 = iadd %303, %307
            div 32     %309 = umul_high %304, %209
            div 32     %310 = imul %304, %209
            div 32     %311 = imul %308, %209
            div 32     %312 = imul %304, %208
            div 32     %313 = iadd %312, %311
            div 32     %314 = iadd %309, %313
            con 32     %315 = load_const (0x00000280 = 640)
            div 32     %316 = iadd %315 (0x280), %188
                              @store_scratch_intel (%310, %316)
            con 32     %317 = load_const (0x000002c0 = 704)
            div 32     %318 = iadd %317 (0x2c0), %188
                              @store_scratch_intel (%314, %318)
            div 32     %319 = umul_high %278, %247
            div 32     %320 = imul %278, %247
            div 32     %321 = imul %282, %247
            div 32     %322 = imul %278, %251
            div 32     %323 = iadd %322, %321
            div 32     %324 = iadd %319, %323
            div 32     %325 = ishl %324, %229 (0xc)
            div 32     %326 = ushr %320, %104 (0x14)
            div 32     %327 = ior %326, %325
            div 32     %328 = iadd %320, %20 (0x1)
            div 32     %329 = ult32 %328, %320
            div 32     %330 = b2i32 %329
            div 32     %331 = iadd %330, %324
            div 32     %332 = ineg %331
            div 32     %333 = ine32 %328, %1 (0x0)
            div 32     %334 = b2i32 %333
            div 32     %335 = ineg %334
            div 32     %336 = iadd %332, %335
            div 32     %337 = ishl %336, %229 (0xc)
            div 32     %338 = ineg %328
            div 32     %339 = ushr %338, %104 (0x14)
            div 32     %340 = ior %339, %337
            con 32     %341 = load_const (0xffffffff = -1 = 4294967295)
            div 32     %342 = ishr %336, %104 (0x14)
            div 32     %343 = ineg %342
            div 32     %344 = iadd %343, %341 (0xffffffff)
            div 32     %345 = ine32 %340, %1 (0x0)
            div 32     %346 = b2i32 %345
            div 32     %347 = ineg %346
            div 32     %348 = iadd %344, %347
            div 32     %349 = ineg %340
            div 32     %350 = iadd %341 (0xffffffff), %349
            div 32     %351 = ult32 %350, %341 (0xffffffff)
            div 32     %352 = b2i32 %351
            div 32     %353 = iadd %348, %352
            div 32     %354 = ige32 %324, %1 (0x0)
            div 32     %355 = ishr %324, %104 (0x14)
            div 32     %356 = b32csel %354, %355, %353
            div 32     %357 = b32csel %354, %327, %350
            con 32     %358 = load_const (0x00000300 = 768)
            div 32     %359 = iadd %358 (0x300), %188
                              @store_scratch_intel (%357, %359)
            con 32     %360 = load_const (0x00000340 = 832)
            div 32     %361 = iadd %360 (0x340), %188
                              @store_scratch_intel (%356, %361)
            con 32     %362 = iadd %209, %209
            div 32     %363 = imul %272, %362
            div 32     %364 = imul %282, %363
            div 32     %365 = umul_high %278, %278
            div 32     %366 = iadd %365, %364
            div 32     %367 = ishl %366, %229 (0xc)
            div 32     %368 = imul %278, %278
            div 32     %369 = ushr %368, %104 (0x14)
            div 32     %370 = ior %369, %367
            div 32     %371 = iadd %368, %20 (0x1)
            div 32     %372 = ult32 %371, %368
            div 32     %373 = b2i32 %372
            div 32     %374 = iadd %373, %366
            div 32     %375 = ineg %374
            div 32     %376 = ine32 %371, %1 (0x0)
            div 32     %377 = b2i32 %376
            div 32     %378 = ineg %377
            div 32     %379 = iadd %375, %378
            div 32     %380 = ishl %379, %229 (0xc)
            div 32     %381 = ineg %371
            div 32     %382 = ushr %381, %104 (0x14)
            div 32     %383 = ior %382, %380
            div 32     %384 = ishr %379, %104 (0x14)
            div 32     %385 = ineg %384
            div 32     %386 = iadd %385, %341 (0xffffffff)
            div 32     %387 = ine32 %383, %1 (0x0)
            div 32     %388 = b2i32 %387
            div 32     %389 = ineg %388
            div 32     %390 = iadd %386, %389
            div 32     %391 = ineg %383
            div 32     %392 = iadd %341 (0xffffffff), %391
            div 32     %393 = ult32 %392, %341 (0xffffffff)
            div 32     %394 = b2i32 %393
            div 32     %395 = iadd %390, %394
            div 32     %396 = ige32 %366, %1 (0x0)
            div 32     %397 = ishr %366, %104 (0x14)
            div 32     %398 = b32csel %396, %397, %395
            div 32     %399 = b32csel %396, %370, %392
            con 32     %400 = load_const (0x00000500 = 1280)
            div 32     %401 = iadd %400 (0x500), %188
                              @store_scratch_intel (%399, %401)
            con 32     %402 = load_const (0x00000540 = 1344)
            div 32     %403 = iadd %402 (0x540), %188
                              @store_scratch_intel (%398, %403)
            div 32     %404 = imul %288, %362
            div 32     %405 = imul %298, %404
            div 32     %406 = umul_high %294, %294
            div 32     %407 = iadd %406, %405
            div 32     %408 = ishl %407, %229 (0xc)
            div 32     %409 = imul %294, %294
            div 32     %410 = ushr %409, %104 (0x14)
            div 32     %411 = ior %410, %408
            div 32     %412 = iadd %409, %20 (0x1)
            div 32     %413 = ult32 %412, %409
            div 32     %414 = b2i32 %413
            div 32     %415 = iadd %414, %407
            div 32     %416 = ineg %415
            div 32     %417 = ine32 %412, %1 (0x0)
            div 32     %418 = b2i32 %417
            div 32     %419 = ineg %418
            div 32     %420 = iadd %416, %419
            div 32     %421 = ishl %420, %229 (0xc)
            div 32     %422 = ineg %412
            div 32     %423 = ushr %422, %104 (0x14)
            div 32     %424 = ior %423, %421
            div 32     %425 = ishr %420, %104 (0x14)
            div 32     %426 = ineg %425
            div 32     %427 = iadd %426, %341 (0xffffffff)
            div 32     %428 = ine32 %424, %1 (0x0)
            div 32     %429 = b2i32 %428
            div 32     %430 = ineg %429
            div 32     %431 = iadd %427, %430
            div 32     %432 = ineg %424
            div 32     %433 = iadd %341 (0xffffffff), %432
            div 32     %434 = ult32 %433, %341 (0xffffffff)
            div 32     %435 = b2i32 %434
            div 32     %436 = iadd %431, %435
            div 32     %437 = ige32 %407, %1 (0x0)
            div 32     %438 = ishr %407, %104 (0x14)
            div 32     %439 = b32csel %437, %438, %436
            div 32     %440 = b32csel %437, %411, %433
            con 32     %441 = load_const (0x00000580 = 1408)
            div 32     %442 = iadd %441 (0x580), %188
                              @store_scratch_intel (%440, %442)
            con 32     %443 = load_const (0x000005c0 = 1472)
            div 32     %444 = iadd %443 (0x5c0), %188
                              @store_scratch_intel (%439, %444)
            div 32     %445 = imul %304, %362
            div 32     %446 = imul %314, %445
            div 32     %447 = umul_high %310, %310
            div 32     %448 = iadd %447, %446
            div 32     %449 = ishl %448, %229 (0xc)
            div 32     %450 = imul %310, %310
            div 32     %451 = ushr %450, %104 (0x14)
            div 32     %452 = ior %451, %449
            div 32     %453 = iadd %450, %20 (0x1)
            div 32     %454 = ult32 %453, %450
            div 32     %455 = b2i32 %454
            div 32     %456 = iadd %455, %448
            div 32     %457 = ineg %456
            div 32     %458 = ine32 %453, %1 (0x0)
            div 32     %459 = b2i32 %458
            div 32     %460 = ineg %459
            div 32     %461 = iadd %457, %460
            div 32     %462 = ishl %461, %229 (0xc)
            div 32     %463 = ineg %453
            div 32     %464 = ushr %463, %104 (0x14)
            div 32     %465 = ior %464, %462
            div 32     %466 = ishr %461, %104 (0x14)
            div 32     %467 = ineg %466
            div 32     %468 = iadd %467, %341 (0xffffffff)
            div 32     %469 = ine32 %465, %1 (0x0)
            div 32     %470 = b2i32 %469
            div 32     %471 = ineg %470
            div 32     %472 = iadd %468, %471
            div 32     %473 = ineg %465
            div 32     %474 = iadd %341 (0xffffffff), %473
            div 32     %475 = ult32 %474, %341 (0xffffffff)
            div 32     %476 = b2i32 %475
            div 32     %477 = iadd %472, %476
            div 32     %478 = ige32 %448, %1 (0x0)
            div 32     %479 = ishr %448, %104 (0x14)
            div 32     %480 = b32csel %478, %479, %477
            div 32     %481 = b32csel %478, %452, %474
            con 32     %482 = load_const (0x00000600 = 1536)
            div 32     %483 = iadd %482 (0x600), %188
                              @store_scratch_intel (%481, %483)
            con 32     %484 = load_const (0x00000640 = 1600)
            div 32     %485 = iadd %484 (0x640), %188
                              @store_scratch_intel (%480, %485)
            div 32     %486 = iadd %357, %357
            div 32     %487 = imul %356, %486
            div 32     %488 = umul_high %357, %357
            div 32     %489 = iadd %488, %487
            div 32     %490 = ishl %489, %229 (0xc)
            div 32     %491 = imul %357, %357
            div 32     %492 = ushr %491, %104 (0x14)
            div 32     %493 = ior %492, %490
            div 32     %494 = iadd %491, %20 (0x1)
            div 32     %495 = ult32 %494, %491
            div 32     %496 = b2i32 %495
            div 32     %497 = iadd %496, %489
            div 32     %498 = ineg %497
            div 32     %499 = ine32 %494, %1 (0x0)
            div 32     %500 = b2i32 %499
            div 32     %501 = ineg %500
            div 32     %502 = iadd %498, %501
            div 32     %503 = ishl %502, %229 (0xc)
            div 32     %504 = ineg %494
            div 32     %505 = ushr %504, %104 (0x14)
            div 32     %506 = ior %505, %503
            div 32     %507 = ishr %502, %104 (0x14)
            div 32     %508 = ineg %507
            div 32     %509 = iadd %508, %341 (0xffffffff)
            div 32     %510 = ine32 %506, %1 (0x0)
            div 32     %511 = b2i32 %510
            div 32     %512 = ineg %511
            div 32     %513 = iadd %509, %512
            div 32     %514 = ineg %506
            div 32     %515 = iadd %341 (0xffffffff), %514
            div 32     %516 = ult32 %515, %341 (0xffffffff)
            div 32     %517 = b2i32 %516
            div 32     %518 = iadd %513, %517
            div 32     %519 = ige32 %489, %1 (0x0)
            div 32     %520 = ishr %489, %104 (0x14)
            div 32     %521 = b32csel %519, %520, %518
            div 32     %522 = b32csel %519, %493, %515
            con 32     %523 = load_const (0x00000680 = 1664)
            div 32     %524 = iadd %523 (0x680), %188
                              @store_scratch_intel (%522, %524)
            con 32     %525 = load_const (0x000006c0 = 1728)
            div 32     %526 = iadd %525 (0x6c0), %188
                              @store_scratch_intel (%521, %526)
            div 32     %527 = umul_high %183, %212
            div 32     %528 = imul %183, %212
            div 32     %529 = imul %187, %212
            div 32     %530 = imul %183, %216
            div 32     %531 = iadd %530, %529
            div 32     %532 = iadd %527, %531
            div 32     %533 = ishl %532, %229 (0xc)
            div 32     %534 = ushr %528, %104 (0x14)
            div 32     %535 = ior %534, %533
            div 32     %536 = iadd %528, %20 (0x1)
            div 32     %537 = ult32 %536, %528
            div 32     %538 = b2i32 %537
            div 32     %539 = iadd %538, %532
            div 32     %540 = ineg %539
            div 32     %541 = ine32 %536, %1 (0x0)
            div 32     %542 = b2i32 %541
            div 32     %543 = ineg %542
            div 32     %544 = iadd %540, %543
            div 32     %545 = ishl %544, %229 (0xc)
            div 32     %546 = ineg %536
            div 32     %547 = ushr %546, %104 (0x14)
            div 32     %548 = ior %547, %545
            div 32     %549 = ishr %544, %104 (0x14)
            div 32     %550 = ineg %549
            div 32     %551 = iadd %550, %341 (0xffffffff)
            div 32     %552 = ine32 %548, %1 (0x0)
            div 32     %553 = b2i32 %552
            div 32     %554 = ineg %553
            div 32     %555 = iadd %551, %554
            div 32     %556 = ineg %548
            div 32     %557 = iadd %341 (0xffffffff), %556
            div 32     %558 = ult32 %557, %341 (0xffffffff)
            div 32     %559 = b2i32 %558
            div 32     %560 = iadd %555, %559
            div 32     %561 = ige32 %532, %1 (0x0)
            div 32     %562 = ishr %532, %104 (0x14)
            div 32     %563 = b32csel %561, %562, %560
            div 32     %564 = b32csel %561, %535, %557
            con 32     %565 = load_const (0x00000700 = 1792)
            div 32     %566 = iadd %565 (0x700), %188
                              @store_scratch_intel (%564, %566)
            con 32     %567 = load_const (0x00000740 = 1856)
            div 32     %568 = iadd %567 (0x740), %188
                              @store_scratch_intel (%563, %568)
            div 32     %569 = umul_high %222, %237
            div 32     %570 = imul %222, %237
            div 32     %571 = imul %226, %237
            div 32     %572 = imul %222, %241
            div 32     %573 = iadd %572, %571
            div 32     %574 = iadd %569, %573
            div 32     %575 = ishl %574, %229 (0xc)
            div 32     %576 = ushr %570, %104 (0x14)
            div 32     %577 = ior %576, %575
            div 32     %578 = iadd %570, %20 (0x1)
            div 32     %579 = ult32 %578, %570
            div 32     %580 = b2i32 %579
            div 32     %581 = iadd %580, %574
            div 32     %582 = ineg %581
            div 32     %583 = ine32 %578, %1 (0x0)
            div 32     %584 = b2i32 %583
            div 32     %585 = ineg %584
            div 32     %586 = iadd %582, %585
            div 32     %587 = ishl %586, %229 (0xc)
            div 32     %588 = ineg %578
            div 32     %589 = ushr %588, %104 (0x14)
            div 32     %590 = ior %589, %587
            div 32     %591 = ishr %586, %104 (0x14)
            div 32     %592 = ineg %591
            div 32     %593 = iadd %592, %341 (0xffffffff)
            div 32     %594 = ine32 %590, %1 (0x0)
            div 32     %595 = b2i32 %594
            div 32     %596 = ineg %595
            div 32     %597 = iadd %593, %596
            div 32     %598 = ineg %590
            div 32     %599 = iadd %341 (0xffffffff), %598
            div 32     %600 = ult32 %599, %341 (0xffffffff)
            div 32     %601 = b2i32 %600
            div 32     %602 = iadd %597, %601
            div 32     %603 = ige32 %574, %1 (0x0)
            div 32     %604 = ishr %574, %104 (0x14)
            div 32     %605 = b32csel %603, %604, %602
            div 32     %606 = b32csel %603, %577, %599
            con 32     %607 = load_const (0x00000780 = 1920)
            div 32     %608 = iadd %607 (0x780), %188
                              @store_scratch_intel (%606, %608)
            con 32     %609 = load_const (0x000007c0 = 1984)
            div 32     %610 = iadd %609 (0x7c0), %188
                              @store_scratch_intel (%605, %610)
            div 32     %611 = umul_high %247, %262
            div 32     %612 = imul %247, %262
            div 32     %613 = imul %251, %262
            div 32     %614 = imul %247, %266
            div 32     %615 = iadd %614, %613
            div 32     %616 = iadd %611, %615
            div 32     %617 = ishl %616, %229 (0xc)
            div 32     %618 = ushr %612, %104 (0x14)
            div 32     %619 = ior %618, %617
            div 32     %620 = iadd %612, %20 (0x1)
            div 32     %621 = ult32 %620, %612
            div 32     %622 = b2i32 %621
            div 32     %623 = iadd %622, %616
            div 32     %624 = ineg %623
            div 32     %625 = ine32 %620, %1 (0x0)
            div 32     %626 = b2i32 %625
            div 32     %627 = ineg %626
            div 32     %628 = iadd %624, %627
            div 32     %629 = ishl %628, %229 (0xc)
            div 32     %630 = ineg %620
            div 32     %631 = ushr %630, %104 (0x14)
            div 32     %632 = ior %631, %629
            div 32     %633 = ishr %628, %104 (0x14)
            div 32     %634 = ineg %633
            div 32     %635 = iadd %634, %341 (0xffffffff)
            div 32     %636 = ine32 %632, %1 (0x0)
            div 32     %637 = b2i32 %636
            div 32     %638 = ineg %637
            div 32     %639 = iadd %635, %638
            div 32     %640 = ineg %632
            div 32     %641 = iadd %341 (0xffffffff), %640
            div 32     %642 = ult32 %641, %341 (0xffffffff)
            div 32     %643 = b2i32 %642
            div 32     %644 = iadd %639, %643
            div 32     %645 = ige32 %616, %1 (0x0)
            div 32     %646 = ishr %616, %104 (0x14)
            div 32     %647 = b32csel %645, %646, %644
            div 32     %648 = b32csel %645, %619, %641
            con 32     %649 = load_const (0x00000007)
            con 32     %650 = load_const (0x00000800 = 2048)
            div 32     %651 = iadd %650 (0x800), %188
                              @store_scratch_intel (%648, %651)
            con 32     %652 = load_const (0x00000840 = 2112)
            div 32     %653 = iadd %652 (0x840), %188
                              @store_scratch_intel (%647, %653)
            div 32     %654 = umul_high %278, %399
            div 32     %655 = imul %278, %399
            div 32     %656 = imul %282, %399
            div 32     %657 = imul %278, %398
            div 32     %658 = iadd %657, %656
            div 32     %659 = iadd %654, %658
            div 32     %660 = ishl %659, %229 (0xc)
            div 32     %661 = ushr %655, %104 (0x14)
            div 32     %662 = ior %661, %660
            div 32     %663 = iadd %655, %20 (0x1)
            div 32     %664 = ult32 %663, %655
            div 32     %665 = b2i32 %664
            div 32     %666 = iadd %665, %659
            div 32     %667 = ineg %666
            div 32     %668 = ine32 %663, %1 (0x0)
            div 32     %669 = b2i32 %668
            div 32     %670 = ineg %669
            div 32     %671 = iadd %667, %670
            div 32     %672 = ishl %671, %229 (0xc)
            div 32     %673 = ineg %663
            div 32     %674 = ushr %673, %104 (0x14)
            div 32     %675 = ior %674, %672
            div 32     %676 = ishr %671, %104 (0x14)
            div 32     %677 = ineg %676
            div 32     %678 = iadd %677, %341 (0xffffffff)
            div 32     %679 = ine32 %675, %1 (0x0)
            div 32     %680 = b2i32 %679
            div 32     %681 = ineg %680
            div 32     %682 = iadd %678, %681
            div 32     %683 = ineg %675
            div 32     %684 = iadd %341 (0xffffffff), %683
            div 32     %685 = ult32 %684, %341 (0xffffffff)
            div 32     %686 = b2i32 %685
            div 32     %687 = iadd %682, %686
            div 32     %688 = ige32 %659, %1 (0x0)
            div 32     %689 = ishr %659, %104 (0x14)
            div 32     %690 = b32csel %688, %689, %687
            div 32     %691 = b32csel %688, %662, %684
            con 32     %692 = load_const (0x00000880 = 2176)
            div 32     %693 = iadd %692 (0x880), %188
                              @store_scratch_intel (%691, %693)
            con 32     %694 = load_const (0x000008c0 = 2240)
            div 32     %695 = iadd %694 (0x8c0), %188
                              @store_scratch_intel (%690, %695)
            div 32     %696 = umul_high %294, %440
            div 32     %697 = imul %294, %440
            div 32     %698 = imul %298, %440
            div 32     %699 = imul %294, %439
            div 32     %700 = iadd %699, %698
            div 32     %701 = iadd %696, %700
            div 32     %702 = ishl %701, %229 (0xc)
            div 32     %703 = ushr %697, %104 (0x14)
            div 32     %704 = ior %703, %702
            div 32     %705 = iadd %697, %20 (0x1)
            div 32     %706 = ult32 %705, %697
            div 32     %707 = b2i32 %706
            div 32     %708 = iadd %707, %701
            div 32     %709 = ineg %708
            div 32     %710 = ine32 %705, %1 (0x0)
            div 32     %711 = b2i32 %710
            div 32     %712 = ineg %711
            div 32     %713 = iadd %709, %712
            div 32     %714 = ishl %713, %229 (0xc)
            div 32     %715 = ineg %705
            div 32     %716 = ushr %715, %104 (0x14)
            div 32     %717 = ior %716, %714
            div 32     %718 = ishr %713, %104 (0x14)
            div 32     %719 = ineg %718
            div 32     %720 = iadd %719, %341 (0xffffffff)
            div 32     %721 = ine32 %717, %1 (0x0)
            div 32     %722 = b2i32 %721
            div 32     %723 = ineg %722
            div 32     %724 = iadd %720, %723
            div 32     %725 = ineg %717
            div 32     %726 = iadd %341 (0xffffffff), %725
            div 32     %727 = ult32 %726, %341 (0xffffffff)
            div 32     %728 = b2i32 %727
            div 32     %729 = iadd %724, %728
            div 32     %730 = ige32 %701, %1 (0x0)
            div 32     %731 = ishr %701, %104 (0x14)
            div 32     %732 = b32csel %730, %731, %729
            div 32     %733 = b32csel %730, %704, %726
            con 32     %734 = load_const (0x00000900 = 2304)
            div 32     %735 = iadd %734 (0x900), %188
                              @store_scratch_intel (%733, %735)
            con 32     %736 = load_const (0x00000940 = 2368)
            div 32     %737 = iadd %736 (0x940), %188
                              @store_scratch_intel (%732, %737)
            div 32     %738 = umul_high %310, %481
            div 32     %739 = imul %310, %481
            div 32     %740 = imul %314, %481
            div 32     %741 = imul %310, %480
            div 32     %742 = iadd %741, %740
            div 32     %743 = iadd %738, %742
            div 32     %744 = ishl %743, %229 (0xc)
            div 32     %745 = ushr %739, %104 (0x14)
            div 32     %746 = ior %745, %744
            div 32     %747 = iadd %739, %20 (0x1)
            div 32     %748 = ult32 %747, %739
            div 32     %749 = b2i32 %748
            div 32     %750 = iadd %749, %743
            div 32     %751 = ineg %750
            div 32     %752 = ine32 %747, %1 (0x0)
            div 32     %753 = b2i32 %752
            div 32     %754 = ineg %753
            div 32     %755 = iadd %751, %754
            div 32     %756 = ishl %755, %229 (0xc)
            div 32     %757 = ineg %747
            div 32     %758 = ushr %757, %104 (0x14)
            div 32     %759 = ior %758, %756
            div 32     %760 = ishr %755, %104 (0x14)
            div 32     %761 = ineg %760
            div 32     %762 = iadd %761, %341 (0xffffffff)
            div 32     %763 = ine32 %759, %1 (0x0)
            div 32     %764 = b2i32 %763
            div 32     %765 = ineg %764
            div 32     %766 = iadd %762, %765
            div 32     %767 = ineg %759
            div 32     %768 = iadd %341 (0xffffffff), %767
            div 32     %769 = ult32 %768, %341 (0xffffffff)
            div 32     %770 = b2i32 %769
            div 32     %771 = iadd %766, %770
            div 32     %772 = ige32 %743, %1 (0x0)
            div 32     %773 = ishr %743, %104 (0x14)
            div 32     %774 = b32csel %772, %773, %771
            div 32     %775 = b32csel %772, %746, %768
            con 32     %776 = load_const (0x00000980 = 2432)
            div 32     %777 = iadd %776 (0x980), %188
                              @store_scratch_intel (%775, %777)
            con 32     %778 = load_const (0x000009c0 = 2496)
            div 32     %779 = iadd %778 (0x9c0), %188
                              @store_scratch_intel (%774, %779)
            div 32     %780 = umul_high %357, %522
            div 32     %781 = imul %357, %522
            div 32     %782 = imul %356, %522
            div 32     %783 = imul %357, %521
            div 32     %784 = iadd %783, %782
            div 32     %785 = iadd %780, %784
            div 32     %786 = ishl %785, %229 (0xc)
            div 32     %787 = ushr %781, %104 (0x14)
            div 32     %788 = ior %787, %786
            div 32     %789 = iadd %781, %20 (0x1)
            div 32     %790 = ult32 %789, %781
            div 32     %791 = b2i32 %790
            div 32     %792 = iadd %791, %785
            div 32     %793 = ineg %792
            div 32     %794 = ine32 %789, %1 (0x0)
            div 32     %795 = b2i32 %794
            div 32     %796 = ineg %795
            div 32     %797 = iadd %793, %796
            div 32     %798 = ishl %797, %229 (0xc)
            div 32     %799 = ineg %789
            div 32     %800 = ushr %799, %104 (0x14)
            div 32     %801 = ior %800, %798
            div 32     %802 = ishr %797, %104 (0x14)
            div 32     %803 = ineg %802
            div 32     %804 = iadd %803, %341 (0xffffffff)
            div 32     %805 = ine32 %801, %1 (0x0)
            div 32     %806 = b2i32 %805
            div 32     %807 = ineg %806
            div 32     %808 = iadd %804, %807
            div 32     %809 = ineg %801
            div 32     %810 = iadd %341 (0xffffffff), %809
            div 32     %811 = ult32 %810, %341 (0xffffffff)
            div 32     %812 = b2i32 %811
            div 32     %813 = iadd %808, %812
            div 32     %814 = ige32 %785, %1 (0x0)
            div 32     %815 = ishr %785, %104 (0x14)
            div 32     %816 = b32csel %814, %815, %813
            div 32     %817 = b32csel %814, %788, %810
            con 32     %818 = load_const (0x00000a00 = 2560)
            div 32     %819 = iadd %818 (0xa00), %188
                              @store_scratch_intel (%817, %819)
            con 32     %820 = load_const (0x00000a40 = 2624)
            div 32     %821 = iadd %820 (0xa40), %188
                              @store_scratch_intel (%816, %821)
            con 32     %822 = load_const (0x00000128 = 296)
            div 32     %823 = iadd %96, %822 (0x128)
            div 32x2   %824 = @load_ssbo (%12 (0x2), %823) (access=readonly|reorderable, align_mul=64, align_offset=40, offset_shift=0)
            div 32     %825 = ushr %824.x, %229 (0xc)
            div 32     %826 = ishl %824.y, %104 (0x14)
            div 32     %827 = ior %826, %825
            con 32     %828 = load_const (0x00000160 = 352)
            div 32     %829 = ishl %824.x, %104 (0x14)
            div 64     %830 = pack_64_2x32_split %829, %827
            con 32     %831 = load_const (0x00000150 = 336)
                              // succs: b14
            div loop {
                div block b14:        // preds: b13 b17
                con 32     %832 = phi b13: %1 (0x0), b17: %967
                div 64     %833 = phi b13: %830, b17: %968
                div 32     %834 = ige32 %832, %98.z
                                  // succs: b15 b16
                if %834 {
                    div block b15:// preds: b14
                    break
                    // succs: b18
                } else {
                    div block b16:  // preds: b14, succs: b17
                }
                div block b17:        // preds: b16
                con 32     %835 = imul_32x16 %832, %649 (0x7)
                div 32     %836 = iadd %107, %835
                con 32     %837 = imul_32x16 %832, %217 (0x380)
                div 32     %838 = iadd %837, %188
                div 32     %839 = @load_scratch_intel (%838) (access=none)
                con 32     %840 = iadd %837, %189 (0x40)
                div 32     %841 = iadd %840, %188
                div 32     %842 = @load_scratch_intel (%841) (access=none)
                div 32     %843 = ishl %836, %18 (0x3)
                div 32     %844 = iadd %843, %105 (0x130)
                div 32x4   %845 = @load_ssbo (%12 (0x2), %844) (access=readonly|reorderable, align_mul=8, align_offset=0, offset_shift=0)
                div 32     %846 = umul_high %845.x, %839
                div 32     %847 = imul %845.x, %839
                div 32     %848 = imul %845.y, %839
                div 32     %849 = imul %845.x, %842
                div 32     %850 = iadd %849, %848
                div 32     %851 = iadd %846, %850
                div 32     %852 = unpack_64_2x32_split_x %833
                div 32     %853 = unpack_64_2x32_split_y %833
                div 32     %854 = iadd %852, %847
                div 32     %855 = iadd %853, %851
                div 32     %856 = ult32 %854, %852
                div 32     %857 = b2i32 %856
                div 32     %858 = iadd %857, %855
                con 32     %859 = iadd %837, %227 (0x80)
                div 32     %860 = iadd %859, %188
                div 32     %861 = @load_scratch_intel (%860) (access=none)
                con 32     %862 = iadd %837, %95 (0xc0)
                div 32     %863 = iadd %862, %188
                div 32     %864 = @load_scratch_intel (%863) (access=none)
                div 32     %865 = umul_high %845.z, %861
                div 32     %866 = imul %845.z, %861
                div 32     %867 = imul %845.w, %861
                div 32     %868 = imul %845.z, %864
                div 32     %869 = iadd %868, %867
                div 32     %870 = iadd %865, %869
                div 32     %871 = iadd %854, %866
                div 32     %872 = iadd %858, %870
                div 32     %873 = ult32 %871, %854
                div 32     %874 = b2i32 %873
                div 32     %875 = iadd %874, %872
                con 32     %876 = iadd %837, %252 (0x100)
                div 32     %877 = iadd %876, %188
                div 32     %878 = @load_scratch_intel (%877) (access=none)
                con 32     %879 = iadd %837, %254 (0x140)
                div 32     %880 = iadd %879, %188
                div 32     %881 = @load_scratch_intel (%880) (access=none)
                div 32     %882 = iadd %254 (0x140), %843
                div 32x4   %883 = @load_ssbo (%12 (0x2), %882) (access=readonly|reorderable, align_mul=8, align_offset=0, offset_shift=0)
                div 32     %884 = umul_high %883.x, %878
                div 32     %885 = imul %883.x, %878
                div 32     %886 = imul %883.y, %878
                div 32     %887 = imul %883.x, %881
                div 32     %888 = iadd %887, %886
                div 32     %889 = iadd %884, %888
                div 32     %890 = iadd %871, %885
                div 32     %891 = iadd %875, %889
                div 32     %892 = ult32 %890, %871
                div 32     %893 = b2i32 %892
                div 32     %894 = iadd %893, %891
                con 32     %895 = iadd %837, %283 (0x180)
                div 32     %896 = iadd %895, %188
                div 32     %897 = @load_scratch_intel (%896) (access=none)
                con 32     %898 = iadd %837, %285 (0x1c0)
                div 32     %899 = iadd %898, %188
                div 32     %900 = @load_scratch_intel (%899) (access=none)
                div 32     %901 = umul_high %883.z, %897
                div 32     %902 = imul %883.z, %897
                div 32     %903 = imul %883.w, %897
                div 32     %904 = imul %883.z, %900
                div 32     %905 = iadd %904, %903
                div 32     %906 = iadd %901, %905
                div 32     %907 = iadd %890, %902
                div 32     %908 = iadd %894, %906
                div 32     %909 = ult32 %907, %890
                div 32     %910 = b2i32 %909
                div 32     %911 = iadd %910, %908
                con 32     %912 = iadd %837, %299 (0x200)
                div 32     %913 = iadd %912, %188
                div 32     %914 = @load_scratch_intel (%913) (access=none)
                con 32     %915 = iadd %837, %301 (0x240)
                div 32     %916 = iadd %915, %188
                div 32     %917 = @load_scratch_intel (%916) (access=none)
                div 32     %918 = iadd %831 (0x150), %843
                div 32x4   %919 = @load_ssbo (%12 (0x2), %918) (access=readonly|reorderable, align_mul=8, align_offset=0, offset_shift=0)
                div 32     %920 = umul_high %919.x, %914
                div 32     %921 = imul %919.x, %914
                div 32     %922 = imul %919.y, %914
                div 32     %923 = imul %919.x, %917
                div 32     %924 = iadd %923, %922
                div 32     %925 = iadd %920, %924
                div 32     %926 = iadd %907, %921
                div 32     %927 = iadd %911, %925
                div 32     %928 = ult32 %926, %907
                div 32     %929 = b2i32 %928
                div 32     %930 = iadd %929, %927
                con 32     %931 = iadd %837, %315 (0x280)
                div 32     %932 = iadd %931, %188
                div 32     %933 = @load_scratch_intel (%932) (access=none)
                con 32     %934 = iadd %837, %317 (0x2c0)
                div 32     %935 = iadd %934, %188
                div 32     %936 = @load_scratch_intel (%935) (access=none)
                div 32     %937 = umul_high %919.z, %933
                div 32     %938 = imul %919.z, %933
                div 32     %939 = imul %919.w, %933
                div 32     %940 = imul %919.z, %936
                div 32     %941 = iadd %940, %939
                div 32     %942 = iadd %937, %941
                div 32     %943 = iadd %926, %938
                div 32     %944 = iadd %930, %942
                div 32     %945 = ult32 %943, %926
                div 32     %946 = b2i32 %945
                div 32     %947 = iadd %946, %944
                con 32     %948 = iadd %837, %358 (0x300)
                div 32     %949 = iadd %948, %188
                div 32     %950 = @load_scratch_intel (%949) (access=none)
                con 32     %951 = iadd %837, %360 (0x340)
                div 32     %952 = iadd %951, %188
                div 32     %953 = @load_scratch_intel (%952) (access=none)
                div 32     %954 = iadd %828 (0x160), %843
                div 32x2   %955 = @load_ssbo (%12 (0x2), %954) (access=readonly|reorderable, align_mul=8, align_offset=0, offset_shift=0)
                div 32     %956 = umul_high %955.x, %950
                div 32     %957 = imul %955.x, %950
                div 32     %958 = imul %955.y, %950
                div 32     %959 = imul %955.x, %953
                div 32     %960 = iadd %959, %958
                div 32     %961 = iadd %956, %960
                div 32     %962 = iadd %943, %957
                div 32     %963 = iadd %947, %961
                div 32     %964 = ult32 %962, %943
                div 32     %965 = b2i32 %964
                div 32     %966 = iadd %965, %963
                con 32     %967 = iadd %832, %20 (0x1)
                div 64     %968 = pack_64_2x32_split %962, %966
                                  // succs: b14
            }
            div block b18:        // preds: b15
            div 64     %969 = phi b15: %833
                              // succs: b19
        }
        div block b19:        // preds: b12 b18
        div 64     %970 = phi b12: %167, b18: %969
        div 32     %971 = unpack_64_2x32_split_y %970
        div 32     %972 = unpack_64_2x32_split_x %970
        con 32     %973 = load_const (0x00000028 = 40)
        con 32x2   %974 = @load_ssbo (%12 (0x2), %973 (0x28)) (access=readonly|reorderable, align_mul=1073741824, align_offset=40, offset_shift=0)
        con 32     %975 = iadd %974.x, %3 (0x4)
        con 32     %976 = iand %975, %9 (0x3f)
        div 32     %977 = ushr %972, %976
        div 32     %978 = ishr %971, %976
        con 32     %979 = iadd %976, %106 (0xffffffe0)
        con 32     %980 = iabs %979
        div 32     %981 = ishl %971, %980
        div 32     %982 = ior %977, %981
        div 32     %983 = ishr %971, %980
        con 32     %984 = uge32 %976, %100 (0x20)
        con 32     %985 = load_const (0x0000001f = 31)
        div 32     %986 = ishr %971, %985 (0x1f)
        div 32     %987 = b32csel %984, %986, %978
        div 32     %988 = b32csel %984, %983, %982
        con 32     %989 = ieq32 %976, %1 (0x0)
        div 32     %990 = b32csel %989, %971, %987
        div 32     %991 = b32csel %989, %972, %988
        div 32     %992 = iadd %972, %20 (0x1)
        div 32     %993 = ult32 %992, %972
        div 32     %994 = b2i32 %993
        div 32     %995 = iadd %994, %971
        div 32     %996 = ineg %995
        div 32     %997 = ine32 %992, %1 (0x0)
        div 32     %998 = b2i32 %997
        div 32     %999 = ineg %998
        div 32    %1000 = iadd %996, %999
        div 32    %1001 = ineg %992
        div 32    %1002 = ushr %1001, %976
        div 32    %1003 = ishr %1000, %976
        div 32    %1004 = ishl %1000, %980
        div 32    %1005 = ior %1002, %1004
        div 32    %1006 = ishr %1000, %980
        div 32    %1007 = ishr %1000, %985 (0x1f)
        div 32    %1008 = b32csel %984, %1007, %1003
        div 32    %1009 = b32csel %984, %1006, %1005
        div 32    %1010 = b32csel %989, %1000, %1008
        div 32    %1011 = b32csel %989, %1001, %1009
        con 32    %1012 = load_const (0xffffffff = -1 = 4294967295)
        div 32    %1013 = ineg %1010
        div 32    %1014 = iadd %1013, %1012 (0xffffffff)
        div 32    %1015 = ine32 %1011, %1 (0x0)
        div 32    %1016 = b2i32 %1015
        div 32    %1017 = ineg %1016
        div 32    %1018 = iadd %1014, %1017
        div 32    %1019 = ineg %1011
        div 32    %1020 = iadd %1012 (0xffffffff), %1019
        div 32    %1021 = ult32 %1020, %1012 (0xffffffff)
        div 32    %1022 = b2i32 %1021
        div 32    %1023 = iadd %1018, %1022
        div 32    %1024 = ige32 %971, %1 (0x0)
        div 32    %1025 = b32csel %1024, %990, %1023
        div 32    %1026 = b32csel %1024, %991, %1020
        div 32    %1027 = ieq32 %1 (0x0), %1025
        con 32    %1028 = load_const (0x0000ffff = 65535)
        div 32    %1029 = ult32 %1028 (0xffff), %1026
        div 32    %1030 = iand %1027, %1029
        div 32    %1031 = ilt32 %1 (0x0), %1025
        div 32    %1032 = ior %1031, %1030
        div 32    %1033 = b32csel %1032, %1028 (0xffff), %1026
        div 32    %1034 = ilt32 %1025, %1 (0x0)
        div 32    %1035 = ior %1034, %1032
        div 32    %1036 = b32csel %1035, %1 (0x0), %1025
        div 32    %1037 = b32csel %1034, %1 (0x0), %1033
        con 32x2  %1038 = @load_ssbo (%12 (0x2), %15 (0x10)) (access=readonly|reorderable, align_mul=1073741824, align_offset=16, offset_shift=0)
        con 32    %1039 = ieq32 %1038.y, %1 (0x0)
        con 32    %1040 = ieq32 %1038.x, %20 (0x1)
        con 32    %1041 = iand %1039, %1040
                          // succs: b20 b24
        if %1041 {
            div block b20:        // preds: b19
            con 32    %1042 = load_const (0x00000038 = 56)
            con 32x2  %1043 = @load_ssbo (%12 (0x2), %1042 (0x38)) (access=readonly|reorderable, align_mul=1073741824, align_offset=56, offset_shift=0)
            con 32    %1044 = ineg %1043.y
            con 32    %1045 = ine32 %1043.x, %1 (0x0)
            con 32    %1046 = b2i32 %1045
            con 32    %1047 = ineg %1046
            con 32    %1048 = iadd %1044, %1047
            con 32    %1049 = ineg %1043.x
            div 32    %1050 = iadd %22.w, %1049
            div 32    %1051 = ult32 %1050, %22.w
            div 32    %1052 = b2i32 %1051
            div 32    %1053 = iadd %1052, %1048
            div 32    %1054 = ior %1050, %1053
            div 32    %1055 = ine32 %1054, %1 (0x0)
                              // succs: b21 b22
            if %1055 {
                div block b21:        // preds: b20
                div 32    %1056 = ieq32 %1 (0x0), %1053
                div 32    %1057 = ine32 %1050, %1 (0x0)
                div 32    %1058 = iand %1056, %1057
                div 32    %1059 = ilt32 %1 (0x0), %1053
                div 32    %1060 = ior %1059, %1058
                con 32    %1061 = load_const (0x00000030 = 48)
                con 32x2  %1062 = @load_ssbo (%12 (0x2), %1061 (0x30)) (access=readonly|reorderable, align_mul=1073741824, align_offset=48, offset_shift=0)
                con 32    %1063 = ineg %1062.x
                con 32    %1064 = load_const (0x0000000a = 10)
                con 32    %1065 = iadd %1064 (0xa), %1063
                con 32    %1066 = iand %1065, %9 (0x3f)
                con 32    %1067 = uge32 %1066, %100 (0x20)
                con 32    %1068 = iadd %1066, %106 (0xffffffe0)
                con 32    %1069 = iabs %1068
                con 32    %1070 = ushr %20 (0x1), %1069
                con 32    %1071 = ishl %20 (0x1), %1069
                con 32    %1072 = b32csel %1067, %1071, %1070
                con 32    %1073 = ishl %20 (0x1), %1066
                con 32    %1074 = b32csel %1067, %1 (0x0), %1073
                con 32    %1075 = ieq32 %1066, %1 (0x0)
                con 32    %1076 = b32csel %1075, %1 (0x0), %1072
                con 32    %1077 = b32csel %1075, %20 (0x1), %1074
                con 32    %1078 = ushr %1077, %985 (0x1f)
                con 32    %1079 = ishl %1076, %20 (0x1)
                con 32    %1080 = ior %1079, %1078
                con 32    %1081 = load_const (0x00000050 = 80)
                con 32x2  %1082 = @load_ssbo (%12 (0x2), %1081 (0x50)) (access=readonly|reorderable, align_mul=1073741824, align_offset=80, offset_shift=0)
                con 32    %1083 = ishl %1077, %20 (0x1)
                con 32    %1084 = umul_high %1083, %1082.x
                con 32    %1085 = imul %1083, %1082.x
                con 32    %1086 = imul %1080, %1082.x
                con 32    %1087 = imul %1083, %1082.y
                con 32    %1088 = iadd %1087, %1086
                con 32    %1089 = iadd %1084, %1088
                div 32    %1090 = ushr %1050, %985 (0x1f)
                div 32    %1091 = ishl %1053, %20 (0x1)
                div 32    %1092 = ior %1091, %1090
                div 32    %1093 = b32csel %1060, %1012 (0xffffffff), %20 (0x1)
                div 32    %1094 = ishl %1050, %20 (0x1)
                div 32    %1095 = iadd %1094, %1093
                div 32    %1096 = b2i32 %1060
                div 32    %1097 = ineg %1096
                div 32    %1098 = iadd %1092, %1097
                div 32    %1099 = ult32 %1095, %1094
                div 32    %1100 = b2i32 %1099
                div 32    %1101 = iadd %1100, %1098
                con 32    %1102 = load_const (0x00000040 = 64)
                con 32x4  %1103 = @load_ssbo_uniform_block_intel (%12 (0x2), %1102 (0x40)) (access=readonly|reorderable, align_mul=1073741824, align_offset=64, base=0)
                div 32    %1104 = umul_high %1095, %1103.x
                div 32    %1105 = imul %1095, %1103.x
                div 32    %1106 = imul %1101, %1103.x
                div 32    %1107 = imul %1095, %1103.y
                div 32    %1108 = iadd %1107, %1106
                div 32    %1109 = iadd %1104, %1108
                div 32    %1110 = b32csel %1060, %12 (0x2), %76 (0xfffffffe)
                div 32    %1111 = umul_high %1110, %1103.z
                div 32    %1112 = imul %1110, %1103.z
                div 32    %1113 = b32csel %1060, %1 (0x0), %1103.z
                div 32    %1114 = imul %1110, %1103.w
                div 32    %1115 = ineg %1113
                div 32    %1116 = iadd %1114, %1115
                div 32    %1117 = iadd %1111, %1116
                div 32    %1118 = iadd %1105, %1112
                div 32    %1119 = iadd %1109, %1117
                div 32    %1120 = ult32 %1118, %1105
                div 32    %1121 = b2i32 %1120
                div 32    %1122 = iadd %1121, %1119
                div 32    %1123 = umul_high %1118, %1077
                div 32    %1124 = imul %1118, %1077
                div 32    %1125 = imul %1122, %1077
                div 32    %1126 = imul %1118, %1076
                div 32    %1127 = iadd %1126, %1125
                div 32    %1128 = iadd %1123, %1127
                con 32    %1129 = ineg %1089
                con 32    %1130 = ine32 %1085, %1 (0x0)
                con 32    %1131 = b2i32 %1130
                con 32    %1132 = ineg %1131
                con 32    %1133 = iadd %1129, %1132
                div 32    %1134 = ieq32 %1128, %1133
                con 32    %1135 = ineg %1085
                div 32    %1136 = ult32 %1124, %1135
                div 32    %1137 = iand %1134, %1136
                div 32    %1138 = ilt32 %1128, %1133
                div 32    %1139 = ior %1138, %1137
                div 32    %1140 = ieq32 %1089, %1128
                div 32    %1141 = ult32 %1085, %1124
                div 32    %1142 = iand %1140, %1141
                div 32    %1143 = ilt32 %1089, %1128
                div 32    %1144 = ior %1143, %1142
                div 32    %1145 = b32csel %1144, %1089, %1128
                div 32    %1146 = b32csel %1144, %1085, %1124
                div 32    %1147 = b32csel %1139, %1133, %1145
                div 32    %1148 = b32csel %1139, %1135, %1146
                con 32    %1149 = load_const (0xfffffffb = -5 = 4294967291)
                con 32    %1150 = iadd %974.x, %1149 (0xfffffffb)
                con 32    %1151 = iadd %1150, %1063
                con 32    %1152 = iand %1151, %9 (0x3f)
                div 32    %1153 = ushr %1148, %1152
                div 32    %1154 = ishr %1147, %1152
                con 32    %1155 = iadd %1152, %106 (0xffffffe0)
                con 32    %1156 = iabs %1155
                div 32    %1157 = ishl %1147, %1156
                div 32    %1158 = ior %1153, %1157
                div 32    %1159 = ishr %1147, %1156
                con 32    %1160 = uge32 %1152, %100 (0x20)
                div 32    %1161 = ishr %1147, %985 (0x1f)
                div 32    %1162 = b32csel %1160, %1161, %1154
                div 32    %1163 = b32csel %1160, %1159, %1158
                con 32    %1164 = ieq32 %1152, %1 (0x0)
                div 32    %1165 = b32csel %1164, %1147, %1162
                div 32    %1166 = b32csel %1164, %1148, %1163
                div 32    %1167 = iadd %1148, %20 (0x1)
                div 32    %1168 = ult32 %1167, %1148
                div 32    %1169 = b2i32 %1168
                div 32    %1170 = iadd %1169, %1147
                div 32    %1171 = ineg %1170
                div 32    %1172 = ine32 %1167, %1 (0x0)
                div 32    %1173 = b2i32 %1172
                div 32    %1174 = ineg %1173
                div 32    %1175 = iadd %1171, %1174
                div 32    %1176 = ineg %1167
                div 32    %1177 = ushr %1176, %1152
                div 32    %1178 = ishr %1175, %1152
                div 32    %1179 = ishl %1175, %1156
                div 32    %1180 = ior %1177, %1179
                div 32    %1181 = ishr %1175, %1156
                div 32    %1182 = ishr %1175, %985 (0x1f)
                div 32    %1183 = b32csel %1160, %1182, %1178
                div 32    %1184 = b32csel %1160, %1181, %1180
                div 32    %1185 = b32csel %1164, %1175, %1183
                div 32    %1186 = b32csel %1164, %1176, %1184
                div 32    %1187 = ineg %1185
                div 32    %1188 = iadd %1187, %1012 (0xffffffff)
                div 32    %1189 = ine32 %1186, %1 (0x0)
                div 32    %1190 = b2i32 %1189
                div 32    %1191 = ineg %1190
                div 32    %1192 = iadd %1188, %1191
                div 32    %1193 = ineg %1186
                div 32    %1194 = iadd %1012 (0xffffffff), %1193
                div 32    %1195 = ult32 %1194, %1012 (0xffffffff)
                div 32    %1196 = b2i32 %1195
                div 32    %1197 = iadd %1192, %1196
                div 32    %1198 = ige32 %1147, %1 (0x0)
                div 32    %1199 = b32csel %1198, %1165, %1197
                div 32    %1200 = b32csel %1198, %1166, %1194
                div 64    %1201 = pack_64_2x32_split %1200, %1199
                                  // succs: b23
            } else {
                div block b22:  // preds: b20, succs: b23
            }
            div block b23:        // preds: b21 b22
            div 64    %1202 = phi b21: %1201, b22: %103 (0x0)
                              // succs: b25
        } else {
            div block b24:  // preds: b19, succs: b25
        }
        div block b25:        // preds: b23 b24
        div 64    %1203 = phi b23: %1202, b24: %103 (0x0)
        div 32    %1204 = unpack_64_2x32_split_x %1203
        div 32    %1205 = unpack_64_2x32_split_y %1203
        div 32    %1206 = iadd %1037, %1204
        div 32    %1207 = iadd %1036, %1205
        div 32    %1208 = ult32 %1206, %1037
        div 32    %1209 = b2i32 %1208
        div 32    %1210 = iadd %1209, %1207
        con 32x2  %1211 = @load_ssbo (%12 (0x2), %102 (0x18)) (access=readonly|reorderable, align_mul=1073741824, align_offset=24, offset_shift=0)
        con 32    %1212 = ineg %1211.x
        con 32    %1213 = load_const (0x0000000f = 15)
        con 32    %1214 = iadd %1213 (0xf), %1212
        con 32    %1215 = iand %1214, %9 (0x3f)
        con 32    %1216 = uge32 %1215, %100 (0x20)
        con 32    %1217 = iadd %1215, %106 (0xffffffe0)
        con 32    %1218 = iabs %1217
        con 32    %1219 = ushr %20 (0x1), %1218
        con 32    %1220 = ishl %20 (0x1), %1218
        con 32    %1221 = b32csel %1216, %1220, %1219
        con 32    %1222 = ishl %20 (0x1), %1215
        con 32    %1223 = b32csel %1216, %1 (0x0), %1222
        con 32    %1224 = ieq32 %1215, %1 (0x0)
        con 32    %1225 = b32csel %1224, %1 (0x0), %1221
        con 32    %1226 = b32csel %1224, %20 (0x1), %1223
        div 32    %1227 = iadd %1206, %1226
        div 32    %1228 = iadd %1210, %1225
        div 32    %1229 = ult32 %1227, %1206
        div 32    %1230 = b2i32 %1229
        div 32    %1231 = iadd %1230, %1228
        con 32    %1232 = iadd %15 (0x10), %1212
        con 32    %1233 = iand %1232, %9 (0x3f)
        div 32    %1234 = ushr %1227, %1233
        div 32    %1235 = ishr %1231, %1233
        con 32    %1236 = iadd %1233, %106 (0xffffffe0)
        con 32    %1237 = iabs %1236
        div 32    %1238 = ishl %1231, %1237
        div 32    %1239 = ior %1234, %1238
        div 32    %1240 = ishr %1231, %1237
        con 32    %1241 = uge32 %1233, %100 (0x20)
        div 32    %1242 = ishr %1231, %985 (0x1f)
        div 32    %1243 = b32csel %1241, %1242, %1235
        div 32    %1244 = b32csel %1241, %1240, %1239
        con 32    %1245 = ieq32 %1233, %1 (0x0)
        div 32    %1246 = b32csel %1245, %1231, %1243
        div 32    %1247 = b32csel %1245, %1227, %1244
        div 32    %1248 = iadd %1227, %20 (0x1)
        div 32    %1249 = ult32 %1248, %1227
        div 32    %1250 = b2i32 %1249
        div 32    %1251 = iadd %1250, %1231
        div 32    %1252 = ineg %1251
        div 32    %1253 = ine32 %1248, %1 (0x0)
        div 32    %1254 = b2i32 %1253
        div 32    %1255 = ineg %1254
        div 32    %1256 = iadd %1252, %1255
        div 32    %1257 = ineg %1248
        div 32    %1258 = ushr %1257, %1233
        div 32    %1259 = ishr %1256, %1233
        div 32    %1260 = ishl %1256, %1237
        div 32    %1261 = ior %1258, %1260
        div 32    %1262 = ishr %1256, %1237
        div 32    %1263 = ishr %1256, %985 (0x1f)
        div 32    %1264 = b32csel %1241, %1263, %1259
        div 32    %1265 = b32csel %1241, %1262, %1261
        div 32    %1266 = b32csel %1245, %1256, %1264
        div 32    %1267 = b32csel %1245, %1257, %1265
        div 32    %1268 = ineg %1266
        div 32    %1269 = iadd %1268, %1012 (0xffffffff)
        div 32    %1270 = ine32 %1267, %1 (0x0)
        div 32    %1271 = b2i32 %1270
        div 32    %1272 = ineg %1271
        div 32    %1273 = iadd %1269, %1272
        div 32    %1274 = ineg %1267
        div 32    %1275 = iadd %1012 (0xffffffff), %1274
        div 32    %1276 = ult32 %1275, %1012 (0xffffffff)
        div 32    %1277 = b2i32 %1276
        div 32    %1278 = iadd %1273, %1277
        div 32    %1279 = ige32 %1231, %1 (0x0)
        div 32    %1280 = b32csel %1279, %1246, %1278
        div 32    %1281 = b32csel %1279, %1247, %1275
        con 32    %1282 = iand %1211.x, %9 (0x3f)
        con 32    %1283 = uge32 %1282, %100 (0x20)
        con 32    %1284 = iadd %1282, %106 (0xffffffe0)
        con 32    %1285 = iabs %1284
        con 32    %1286 = ushr %20 (0x1), %1285
        con 32    %1287 = ishl %20 (0x1), %1285
        con 32    %1288 = b32csel %1283, %1287, %1286
        con 32    %1289 = ishl %20 (0x1), %1282
        con 32    %1290 = b32csel %1283, %1 (0x0), %1289
        con 32    %1291 = ieq32 %1282, %1 (0x0)
        con 32    %1292 = b32csel %1291, %20 (0x1), %1290
        con 32    %1293 = iadd %1288, %1012 (0xffffffff)
        con 32    %1294 = b32csel %1291, %1012 (0xffffffff), %1293
        con 32    %1295 = iadd %1292, %1012 (0xffffffff)
        con 32    %1296 = ult32 %1295, %1292
        con 32    %1297 = b2i32 %1296
        con 32    %1298 = iadd %1297, %1294
        div 32    %1299 = ieq32 %1298, %1280
        div 32    %1300 = ult32 %1295, %1281
        div 32    %1301 = iand %1299, %1300
        div 32    %1302 = ilt32 %1298, %1280
        div 32    %1303 = ior %1302, %1301
        div 32    %1304 = b32csel %1303, %1295, %1281
        div 32    %1305 = ilt32 %1280, %1 (0x0)
        div 32    %1306 = b32csel %1305, %1 (0x0), %1304
        div 32x4  %1307 = vec4 %1037, %1204, %1206, %1306
                          @store_ssbo (%1307, %1 (0x0), %21) (wrmask=xyzw, access=writeonly, align_mul=16, align_offset=0, offset_shift=0)
                          // succs: b27
    } else {
        div block b26:  // preds: b0, succs: b27
    }
    con block b27:  // preds: b25 b26, succs: b28
    block b28:
}

NIR (final form) for compute shader:
shader: MESA_SHADER_COMPUTE
source_blake3: {0xcdb9fc45, 0x31b59d84, 0x07d0359d, 0x5467b91c, 0xd0948f88, 0x39bfb128, 0x4e0c01be, 0xa20d0eb0}
name: GLSL2
workgroup_size: 64, 1, 1
num_ssbos: 3
system_values_read: 0x00000000'00000000'00008400'00000000
max_subgroup_size: 16
min_subgroup_size: 16
bit_sizes_int: 0x61
first_ubo_is_default_ubo: true
flrp_lowered: true
writes_memory: true
scratch: 168
decl_var ssbo INTERP_MODE_NONE writeonly ivec4[] results (0, 0, 2)
decl_var ssbo INTERP_MODE_NONE readonly uvec4[] samples (0, 1, 1)
decl_var ssbo INTERP_MODE_NONE readonly int64_t[] m (0, 2, 0)
decl_function main () (entrypoint)

impl main {
    con block b0:         // preds:
    con 32       %0 = @decl_reg (num_components=1, num_array_elems=0, bit_size=32, divergent=0)
    con 32       %1 = @decl_reg (num_components=1, num_array_elems=0, bit_size=32, divergent=0)
    div 32       %2 = @decl_reg (num_components=1, num_array_elems=0, bit_size=32, divergent=1)
    div 32       %3 = @decl_reg (num_components=1, num_array_elems=0, bit_size=64, divergent=1)
    con 32       %4 = @decl_reg (num_components=1, num_array_elems=0, bit_size=32, divergent=0)
    con 32       %5 = @decl_reg (num_components=1, num_array_elems=0, bit_size=32, divergent=0)
    div 32       %6 = @decl_reg (num_components=1, num_array_elems=0, bit_size=64, divergent=1)
    div 32       %7 = @decl_reg (num_components=1, num_array_elems=0, bit_size=64, divergent=1)
    con 32x3     %8 = @load_workgroup_id
    con 32       %9 = load_const (0x00000000)
    con 32      %10 = @load_push_data_intel (%9 (0x0)) (base=0, range=4, access=none)
    con 32      %11 = load_const (0x00000004)
    con 32      %12 = ishl %10, %11 (0x4)
    div 32      %13 = @load_subgroup_invocation
    div 32      %14 = iadd %13, %12
    con 32      %15 = load_const (0x00000006)
    con 32      %16 = ishl %8.x, %15 (0x6)
    con 32      %17 = load_const (0x0000003f = 63)
    div 32      %18 = iand %14, %17 (0x3f)
    div 32      %19 = iadd %16, %18
    con 32      %20 = load_const (0x00000002)
    con 32x2    %21 = @load_ssbo (%20 (0x2), %9 (0x0)) (access=readonly|reorderable, align_mul=1073741824, align_offset=0, offset_shift=0)
    div 32      %22 = ult32 %19, %21.x
                      // succs: b1 b26
    if %22 {
        div block b1:         // preds: b0
        con 32      %23 = load_const (0x00000010 = 16)
        con 32      %24 = load_const (0x00000008)
        con 32x2    %25 = @load_ssbo (%20 (0x2), %24 (0x8)) (access=readonly|reorderable, align_mul=1073741824, align_offset=8, offset_shift=0)
        con 32      %26 = load_const (0x00000003)
        con 32      %27 = ilt32 %25.x, %26 (0x3)
        con 32      %28 = load_const (0x00000001)
        div 32      %29 = ishl %19, %11 (0x4)
        div 32x4    %30 = @load_ssbo (%28 (0x1), %29) (access=readonly|reorderable, align_mul=16, align_offset=0, offset_shift=0)
        div 32      %31 = b32csel %27, %30.z, %30.w
        con 32      %32 = ilt32 %25.x, %28 (0x1)
        div 32      %33 = b32csel %32, %30.x, %30.y
        con 32      %34 = ilt32 %25.x, %20 (0x2)
        div 32      %35 = b32csel %34, %33, %31
        con 32      %36 = load_const (0x00000058 = 88)
        con 32x16   %37 = @load_ssbo_uniform_block_intel (%20 (0x2), %36 (0x58)) (access=readonly|reorderable, align_mul=1073741824, align_offset=88, base=0)
        con 32      %38 = ieq32 %9 (0x0), %37.b
        div 32      %39 = ult32 %30.x, %37.a
        div 32      %40 = iand %38, %39
        con 32      %41 = ilt32 %9 (0x0), %37.b
        div 32      %42 = ior %41, %40
        con 32      %43 = ieq32 %37.d, %9 (0x0)
        div 32      %44 = ult32 %37.c, %30.x
        div 32      %45 = iand %43, %44
        con 32      %46 = ilt32 %37.d, %9 (0x0)
        div 32      %47 = ior %46, %45
        div 32      %48 = b32csel %47, %37.d, %9 (0x0)
        div 32      %49 = b32csel %47, %37.c, %30.x
        div 32      %50 = b32csel %42, %37.b, %48
        div 32      %51 = b32csel %42, %37.a, %49
        con 32      %52 = ieq32 %9 (0x0), %37.f
        div 32      %53 = ult32 %30.y, %37.e
        div 32      %54 = iand %52, %53
        con 32      %55 = ilt32 %9 (0x0), %37.f
        div 32      %56 = ior %55, %54
        con 32      %57 = ieq32 %37.h, %9 (0x0)
        div 32      %58 = ult32 %37.g, %30.y
        div 32      %59 = iand %57, %58
        con 32      %60 = ilt32 %37.h, %9 (0x0)
        div 32      %61 = ior %60, %59
        div 32      %62 = b32csel %61, %37.h, %9 (0x0)
        div 32      %63 = b32csel %61, %37.g, %30.y
        div 32      %64 = b32csel %56, %37.f, %62
        div 32      %65 = b32csel %56, %37.e, %63
        con 32      %66 = ieq32 %9 (0x0), %37.j
        div 32      %67 = ult32 %30.z, %37.i
        div 32      %68 = iand %66, %67
        con 32      %69 = ilt32 %9 (0x0), %37.j
        div 32      %70 = ior %69, %68
        con 32      %71 = ieq32 %37.l, %9 (0x0)
        div 32      %72 = ult32 %37.k, %30.z
        div 32      %73 = iand %71, %72
        con 32      %74 = ilt32 %37.l, %9 (0x0)
        div 32      %75 = ior %74, %73
        div 32      %76 = b32csel %75, %37.l, %9 (0x0)
        div 32      %77 = b32csel %75, %37.k, %30.z
        div 32      %78 = b32csel %70, %37.j, %76
        div 32      %79 = b32csel %70, %37.i, %77
        con 32      %80 = load_const (0x000000a0 = 160)
        con 32      %81 = load_const (0x00000088 = 136)
        con 32x2    %82 = @load_ssbo (%20 (0x2), %81 (0x88)) (access=readonly|reorderable, align_mul=1073741824, align_offset=136, offset_shift=0)
        con 32      %83 = load_const (0x00000098 = 0.000000 = 152)
        con 32      %84 = load_const (0xfffffffe = -2 = 4294967294)
        con 32      %85 = iadd %82.x, %84 (0xfffffffe)
        con 32      %86 = mov %83 (0x98)
                          @store_reg (%86, %1) (base=0, wrmask=x, legacy_fsat=0)
        con 32      %87 = mov %9 (0x0)
                          @store_reg (%87, %0) (base=0, wrmask=x, legacy_fsat=0)
                          // succs: b2
        div loop {
            div block b2:         // preds: b1 b5
            con 32      %88 = @load_reg (%1) (base=0, legacy_fabs=0, legacy_fneg=0)
            con 32x2    %89 = @load_ssbo (%20 (0x2), %88) (access=readonly|reorderable, align_mul=8, align_offset=0, offset_shift=0)
            con 32      %90 = ieq32 %9 (0x0), %89.y
            div 32      %91 = ult32 %35, %89.x
            div 32      %92 = iand %90, %91
            con 32      %93 = ilt32 %9 (0x0), %89.y
            div 32      %94 = ior %93, %92
            div 32      %95 = inot %94
            con 32      %96 = @load_reg (%0) (base=0, legacy_fabs=0, legacy_fneg=0)
            con 32      %97 = ilt32 %96, %85
            div 32      %98 = iand %97, %95
            div 32      %99 = inot %98
                              // succs: b3 b4
            if %99 {
                div block b3:         // preds: b2
                con 32     %100 = @load_reg (%0) (base=0, legacy_fabs=0, legacy_fneg=0)
                con 32     %101 = mov %100
                                  @store_reg (%101, %2) (base=0, wrmask=x, legacy_fsat=0)
                                  break
                                  // succs: b6
            } else {
                div block b4:  // preds: b2, succs: b5
            }
            div block b5:         // preds: b4
            con 32     %102 = @load_reg (%0) (base=0, legacy_fabs=0, legacy_fneg=0)
            con 32     %103 = ishl %102, %26 (0x3)
            con 32     %104 = iadd %103, %80 (0xa0)
                              @store_reg (%104, %1) (base=0, wrmask=x, legacy_fsat=0)
            con 32     %105 = @load_reg (%0) (base=0, legacy_fabs=0, legacy_fneg=0)
            con 32     %106 = iadd %105, %28 (0x1)
                              @store_reg (%106, %0) (base=0, wrmask=x, legacy_fsat=0)
                              // succs: b2
        }
        div block b6:         // preds: b3
        con 32     %107 = load_const (0x00000118 = 280)
        con 32     %108 = load_const (0x000000c0 = 192)
        div 32     %109 = @load_reg (%2) (base=0, legacy_fabs=0, legacy_fneg=0)
        div 32     %110 = imul_32x16 %109, %108 (0xc0)
        div 32     %111 = iadd %110, %107 (0x118)
        div 32x4   %112 = @load_ssbo (%20 (0x2), %111) (access=readonly|reorderable, align_mul=64, align_offset=24, offset_shift=0)
        div 32     %113 = ior %112.x, %112.y
        con 32     %114 = load_const (0x00000020 = 32)
        con 32x2   %115 = @load_ssbo (%20 (0x2), %114 (0x20)) (access=readonly|reorderable, align_mul=1073741824, align_offset=32, offset_shift=0)
        con 32     %116 = load_const (0x00000018 = 24)
        con 64     %117 = load_const (0x0000000000000000 = 0.000000)
        con 32     %118 = load_const (0x00000014 = 20)
        con 32     %119 = load_const (0x00000130 = 304)
        con 32     %120 = load_const (0xffffffe0 = -32 = 4294967264)
        div 32     %121 = @load_reg (%2) (base=0, legacy_fabs=0, legacy_fneg=0)
        div 32     %122 = imul_32x16 %121, %116 (0x18)
        div 32     %123 = ieq32 %113, %9 (0x0)
                          // succs: b7 b13
        if %123 {
            div block b7:         // preds: b6
            con 32     %124 = ilt32 %25.x, %20 (0x2)
            div 32     %125 = b32csel %124, %64, %78
            con 32     %126 = ilt32 %25.x, %20 (0x2)
            div 32     %127 = b32csel %126, %65, %79
            con 32     %128 = ilt32 %25.x, %28 (0x1)
            div 32     %129 = b32csel %128, %50, %125
            con 32     %130 = ilt32 %25.x, %28 (0x1)
            div 32     %131 = b32csel %130, %51, %127
            con 64     %132 = load_const (0x0000000000000001 = 0.000000)
            con 64     %133 = mov %117 (0x0)
                              @store_reg (%133, %6) (base=0, wrmask=x, legacy_fsat=0)
            con 32     %134 = mov %9 (0x0)
                              @store_reg (%134, %4) (base=0, wrmask=x, legacy_fsat=0)
            con 64     %135 = mov %132 (0x1)
                              @store_reg (%135, %3) (base=0, wrmask=x, legacy_fsat=0)
                              // succs: b8
            div loop {
                div block b8:         // preds: b7 b11
                con 32     %136 = @load_reg (%4) (base=0, legacy_fabs=0, legacy_fneg=0)
                div 32     %137 = ilt32 %112.z, %136
                                  // succs: b9 b10
                if %137 {
                    div block b9:// preds: b8
                    break
                    // succs: b12
                } else {
                    div block b10:  // preds: b8, succs: b11
                }
                div block b11:        // preds: b10
                con 32     %138 = @load_reg (%4) (base=0, legacy_fabs=0, legacy_fneg=0)
                div 32     %139 = iadd %122, %138
                div 64     %140 = @load_reg (%3) (base=0, legacy_fabs=0, legacy_fneg=0)
                div 32     %141 = unpack_64_2x32_split_x %140
                div 64     %142 = @load_reg (%3) (base=0, legacy_fabs=0, legacy_fneg=0)
                div 32     %143 = unpack_64_2x32_split_y %142
                div 32     %144 = ishl %139, %26 (0x3)
                div 32     %145 = iadd %144, %119 (0x130)
                div 32x2   %146 = @load_ssbo (%20 (0x2), %145) (access=readonly|reorderable, align_mul=8, align_offset=0, offset_shift=0)
                div 32     %147 = umul_high %146.x, %141
                div 32     %148 = imul %146.x, %141
                div 32     %149 = imul %146.y, %141
                div 32     %150 = imul %146.x, %143
                div 32     %151 = iadd %150, %149
                div 32     %152 = iadd %147, %151
                con 32     %153 = @load_reg (%4) (base=0, legacy_fabs=0, legacy_fneg=0)
                con 32     %154 = imul %115.x, %153
                con 32     %155 = ineg %154
                con 32     %156 = iadd %118 (0x14), %155
                con 32     %157 = iand %156, %17 (0x3f)
                con 32     %158 = uge32 %157, %114 (0x20)
                con 32     %159 = iadd %157, %120 (0xffffffe0)
                con 32     %160 = iabs %159
                con 32     %161 = ushr %28 (0x1), %160
                con 32     %162 = ishl %28 (0x1), %160
                con 32     %163 = b32csel %158, %162, %161
                con 32     %164 = ishl %28 (0x1), %157
                con 32     %165 = b32csel %158, %9 (0x0), %164
                con 32     %166 = ieq32 %157, %9 (0x0)
                con 32     %167 = b32csel %166, %9 (0x0), %163
                con 32     %168 = b32csel %166, %28 (0x1), %165
                div 32     %169 = umul_high %148, %168
                div 32     %170 = imul %148, %168
                div 32     %171 = imul %152, %168
                div 32     %172 = imul %148, %167
                div 32     %173 = iadd %172, %171
                div 32     %174 = iadd %169, %173
                div 64     %175 = @load_reg (%6) (base=0, legacy_fabs=0, legacy_fneg=0)
                div 32     %176 = unpack_64_2x32_split_x %175
                div 64     %177 = @load_reg (%6) (base=0, legacy_fabs=0, legacy_fneg=0)
                div 32     %178 = unpack_64_2x32_split_y %177
                div 32     %179 = iadd %176, %170
                div 32     %180 = iadd %178, %174
                div 32     %181 = ult32 %179, %176
                div 32     %182 = b2i32 %181
                div 32     %183 = iadd %182, %180
                div 32     %184 = umul_high %141, %131
                div 32     %185 = imul %141, %131
                div 32     %186 = imul %143, %131
                div 32     %187 = imul %141, %129
                div 32     %188 = iadd %187, %186
                div 32     %189 = iadd %184, %188
                con 32     %190 = @load_reg (%4) (base=0, legacy_fabs=0, legacy_fneg=0)
                con 32     %191 = iadd %190, %28 (0x1)
                                  @store_reg (%191, %4) (base=0, wrmask=x, legacy_fsat=0)
                div 64     %192 = pack_64_2x32_split %179, %183
                                  @store_reg (%192, %6) (base=0, wrmask=x, legacy_fsat=0)
                div 64     %193 = pack_64_2x32_split %185, %189
                                  @store_reg (%193, %3) (base=0, wrmask=x, legacy_fsat=0)
                                  // succs: b8
            }
            div block b12:  // preds: b9, succs: b19
        } else {
            div block b13:        // preds: b6
            con 32     %194 = ineg %115.x
            con 32     %195 = iadd %118 (0x14), %194
            con 32     %196 = iand %195, %17 (0x3f)
            con 32     %197 = uge32 %196, %114 (0x20)
            con 32     %198 = iadd %196, %120 (0xffffffe0)
            con 32     %199 = iabs %198
            con 32     %200 = ushr %28 (0x1), %199
            con 32     %201 = ishl %28 (0x1), %199
            con 32     %202 = b32csel %197, %201, %200
            con 32     %203 = ishl %28 (0x1), %196
            con 32     %204 = b32csel %197, %9 (0x0), %203
            con 32     %205 = ieq32 %196, %9 (0x0)
            con 32     %206 = b32csel %205, %9 (0x0), %202
            con 32     %207 = b32csel %205, %28 (0x1), %204
            div 32     %208 = umul_high %51, %207
            div 32     %209 = imul %51, %207
            div 32     %210 = imul %50, %207
            div 32     %211 = imul %51, %206
            div 32     %212 = iadd %211, %210
            div 32     %213 = iadd %208, %212
            div 32     %214 = ishl %13, %20 (0x2)
                              @store_scratch_intel (%209, %214)
            con 32     %215 = load_const (0x00000040 = 64)
            div 32     %216 = iadd %214, %215 (0x40)
                              @store_scratch_intel (%213, %216)
            div 32     %217 = iadd %51, %51
            div 32     %218 = imul %50, %217
            div 32     %219 = umul_high %51, %51
            div 32     %220 = iadd %219, %218
            con 32     %221 = ishl %115.x, %28 (0x1)
            con 32     %222 = ineg %221
            con 32     %223 = iadd %118 (0x14), %222
            con 32     %224 = iand %223, %17 (0x3f)
            con 32     %225 = uge32 %224, %114 (0x20)
            con 32     %226 = iadd %224, %120 (0xffffffe0)
            con 32     %227 = iabs %226
            con 32     %228 = ushr %28 (0x1), %227
            con 32     %229 = ishl %28 (0x1), %227
            con 32     %230 = b32csel %225, %229, %228
            con 32     %231 = ishl %28 (0x1), %224
            con 32     %232 = b32csel %225, %9 (0x0), %231
            con 32     %233 = ieq32 %224, %9 (0x0)
            con 32     %234 = b32csel %233, %9 (0x0), %230
            con 32     %235 = b32csel %233, %28 (0x1), %232
            div 32     %236 = imul %51, %51
            div 32     %237 = umul_high %236, %235
            div 32     %238 = imul %236, %235
            div 32     %239 = imul %220, %235
            div 32     %240 = imul %236, %234
            div 32     %241 = iadd %240, %239
            div 32     %242 = iadd %237, %241
            con 32     %243 = load_const (0x00000380 = 896)
            div 32     %244 = iadd %243 (0x380), %214
                              @store_scratch_intel (%238, %244)
            con 32     %245 = load_const (0x000003c0 = 960)
            div 32     %246 = iadd %245 (0x3c0), %214
                              @store_scratch_intel (%242, %246)
            div 32     %247 = umul_high %65, %207
            div 32     %248 = imul %65, %207
            div 32     %249 = imul %64, %207
            div 32     %250 = imul %65, %206
            div 32     %251 = iadd %250, %249
            div 32     %252 = iadd %247, %251
            con 32     %253 = load_const (0x00000080 = 128)
            div 32     %254 = iadd %253 (0x80), %214
                              @store_scratch_intel (%248, %254)
            con 32     %255 = load_const (0x0000000c = 12)
            div 32     %256 = iadd %108 (0xc0), %214
                              @store_scratch_intel (%252, %256)
            div 32     %257 = iadd %65, %65
            div 32     %258 = imul %64, %257
            div 32     %259 = umul_high %65, %65
            div 32     %260 = iadd %259, %258
            div 32     %261 = imul %65, %65
            div 32     %262 = umul_high %261, %235
            div 32     %263 = imul %261, %235
            div 32     %264 = imul %260, %235
            div 32     %265 = imul %261, %234
            div 32     %266 = iadd %265, %264
            div 32     %267 = iadd %262, %266
            con 32     %268 = load_const (0x00000400 = 1024)
            div 32     %269 = iadd %268 (0x400), %214
                              @store_scratch_intel (%263, %269)
            con 32     %270 = load_const (0x00000440 = 1088)
            div 32     %271 = iadd %270 (0x440), %214
                              @store_scratch_intel (%267, %271)
            div 32     %272 = umul_high %79, %207
            div 32     %273 = imul %79, %207
            div 32     %274 = imul %78, %207
            div 32     %275 = imul %79, %206
            div 32     %276 = iadd %275, %274
            div 32     %277 = iadd %272, %276
            con 32     %278 = load_const (0x00000100 = 256)
            div 32     %279 = iadd %278 (0x100), %214
                              @store_scratch_intel (%273, %279)
            con 32     %280 = load_const (0x00000140 = 320)
            div 32     %281 = iadd %280 (0x140), %214
                              @store_scratch_intel (%277, %281)
            div 32     %282 = iadd %79, %79
            div 32     %283 = imul %78, %282
            div 32     %284 = umul_high %79, %79
            div 32     %285 = iadd %284, %283
            div 32     %286 = imul %79, %79
            div 32     %287 = umul_high %286, %235
            div 32     %288 = imul %286, %235
            div 32     %289 = imul %285, %235
            div 32     %290 = imul %286, %234
            div 32     %291 = iadd %290, %289
            div 32     %292 = iadd %287, %291
            con 32     %293 = load_const (0x00000480 = 1152)
            div 32     %294 = iadd %293 (0x480), %214
                              @store_scratch_intel (%288, %294)
            con 32     %295 = load_const (0x000004c0 = 1216)
            div 32     %296 = iadd %295 (0x4c0), %214
                              @store_scratch_intel (%292, %296)
            div 32     %297 = umul_high %51, %65
            div 32     %298 = imul %51, %65
            div 32     %299 = imul %50, %65
            div 32     %300 = imul %51, %64
            div 32     %301 = iadd %300, %299
            div 32     %302 = iadd %297, %301
            div 32     %303 = umul_high %298, %235
            div 32     %304 = imul %298, %235
            div 32     %305 = imul %302, %235
            div 32     %306 = imul %298, %234
            div 32     %307 = iadd %306, %305
            div 32     %308 = iadd %303, %307
            con 32     %309 = load_const (0x00000180 = 384)
            div 32     %310 = iadd %309 (0x180), %214
                              @store_scratch_intel (%304, %310)
            con 32     %311 = load_const (0x000001c0 = 448)
            div 32     %312 = iadd %311 (0x1c0), %214
                              @store_scratch_intel (%308, %312)
            div 32     %313 = umul_high %51, %79
            div 32     %314 = imul %51, %79
            div 32     %315 = imul %50, %79
            div 32     %316 = imul %51, %78
            div 32     %317 = iadd %316, %315
            div 32     %318 = iadd %313, %317
            div 32     %319 = umul_high %314, %235
            div 32     %320 = imul %314, %235
            div 32     %321 = imul %318, %235
            div 32     %322 = imul %314, %234
            div 32     %323 = iadd %322, %321
            div 32     %324 = iadd %319, %323
            con 32     %325 = load_const (0x00000200 = 512)
            div 32     %326 = iadd %325 (0x200), %214
                              @store_scratch_intel (%320, %326)
            con 32     %327 = load_const (0x00000240 = 576)
            div 32     %328 = iadd %327 (0x240), %214
                              @store_scratch_intel (%324, %328)
            div 32     %329 = umul_high %65, %79
            div 32     %330 = imul %65, %79
            div 32     %331 = imul %64, %79
            div 32     %332 = imul %65, %78
            div 32     %333 = iadd %332, %331
            div 32     %334 = iadd %329, %333
            div 32     %335 = umul_high %330, %235
            div 32     %336 = imul %330, %235
            div 32     %337 = imul %334, %235
            div 32     %338 = imul %330, %234
            div 32     %339 = iadd %338, %337
            div 32     %340 = iadd %335, %339
            con 32     %341 = load_const (0x00000280 = 640)
            div 32     %342 = iadd %341 (0x280), %214
                              @store_scratch_intel (%336, %342)
            con 32     %343 = load_const (0x000002c0 = 704)
            div 32     %344 = iadd %343 (0x2c0), %214
                              @store_scratch_intel (%340, %344)
            div 32     %345 = umul_high %304, %273
            div 32     %346 = imul %304, %273
            div 32     %347 = imul %308, %273
            div 32     %348 = imul %304, %277
            div 32     %349 = iadd %348, %347
            div 32     %350 = iadd %345, %349
            div 32     %351 = ishl %350, %255 (0xc)
            div 32     %352 = ushr %346, %118 (0x14)
            div 32     %353 = ior %352, %351
            div 32     %354 = iadd %346, %28 (0x1)
            div 32     %355 = ult32 %354, %346
            div 32     %356 = b2i32 %355
            div 32     %357 = iadd %356, %350
            div 32     %358 = ineg %357
            div 32     %359 = ine32 %354, %9 (0x0)
            div 32     %360 = b2i32 %359
            div 32     %361 = ineg %360
            div 32     %362 = iadd %358, %361
            div 32     %363 = ishl %362, %255 (0xc)
            div 32     %364 = ineg %354
            div 32     %365 = ushr %364, %118 (0x14)
            div 32     %366 = ior %365, %363
            con 32     %367 = load_const (0xffffffff = -1 = 4294967295)
            div 32     %368 = ishr %362, %118 (0x14)
            div 32     %369 = ineg %368
            div 32     %370 = iadd %369, %367 (0xffffffff)
            div 32     %371 = ine32 %366, %9 (0x0)
            div 32     %372 = b2i32 %371
            div 32     %373 = ineg %372
            div 32     %374 = iadd %370, %373
            div 32     %375 = ineg %366
            div 32     %376 = iadd %367 (0xffffffff), %375
            div 32     %377 = ult32 %376, %367 (0xffffffff)
            div 32     %378 = b2i32 %377
            div 32     %379 = iadd %374, %378
            div 32     %380 = ige32 %350, %9 (0x0)
            div 32     %381 = ishr %350, %118 (0x14)
            div 32     %382 = b32csel %380, %381, %379
            div 32     %383 = b32csel %380, %353, %376
            con 32     %384 = load_const (0x00000300 = 768)
            div 32     %385 = iadd %384 (0x300), %214
                              @store_scratch_intel (%383, %385)
            con 32     %386 = load_const (0x00000340 = 832)
            div 32     %387 = iadd %386 (0x340), %214
                              @store_scratch_intel (%382, %387)
            con 32     %388 = iadd %235, %235
            div 32     %389 = imul %298, %388
            div 32     %390 = imul %308, %389
            div 32     %391 = umul_high %304, %304
            div 32     %392 = iadd %391, %390
            div 32     %393 = ishl %392, %255 (0xc)
            div 32     %394 = imul %304, %304
            div 32     %395 = ushr %394, %118 (0x14)
            div 32     %396 = ior %395, %393
            div 32     %397 = iadd %394, %28 (0x1)
            div 32     %398 = ult32 %397, %394
            div 32     %399 = b2i32 %398
            div 32     %400 = iadd %399, %392
            div 32     %401 = ineg %400
            div 32     %402 = ine32 %397, %9 (0x0)
            div 32     %403 = b2i32 %402
            div 32     %404 = ineg %403
            div 32     %405 = iadd %401, %404
            div 32     %406 = ishl %405, %255 (0xc)
            div 32     %407 = ineg %397
            div 32     %408 = ushr %407, %118 (0x14)
            div 32     %409 = ior %408, %406
            div 32     %410 = ishr %405, %118 (0x14)
            div 32     %411 = ineg %410
            div 32     %412 = iadd %411, %367 (0xffffffff)
            div 32     %413 = ine32 %409, %9 (0x0)
            div 32     %414 = b2i32 %413
            div 32     %415 = ineg %414
            div 32     %416 = iadd %412, %415
            div 32     %417 = ineg %409
            div 32     %418 = iadd %367 (0xffffffff), %417
            div 32     %419 = ult32 %418, %367 (0xffffffff)
            div 32     %420 = b2i32 %419
            div 32     %421 = iadd %416, %420
            div 32     %422 = ige32 %392, %9 (0x0)
            div 32     %423 = ishr %392, %118 (0x14)
            div 32     %424 = b32csel %422, %423, %421
            div 32     %425 = b32csel %422, %396, %418
            con 32     %426 = load_const (0x00000500 = 1280)
            div 32     %427 = iadd %426 (0x500), %214
                              @store_scratch_intel (%425, %427)
            con 32     %428 = load_const (0x00000540 = 1344)
            div 32     %429 = iadd %428 (0x540), %214
                              @store_scratch_intel (%424, %429)
            div 32     %430 = imul %314, %388
            div 32     %431 = imul %324, %430
            div 32     %432 = umul_high %320, %320
            div 32     %433 = iadd %432, %431
            div 32     %434 = ishl %433, %255 (0xc)
            div 32     %435 = imul %320, %320
            div 32     %436 = ushr %435, %118 (0x14)
            div 32     %437 = ior %436, %434
            div 32     %438 = iadd %435, %28 (0x1)
            div 32     %439 = ult32 %438, %435
            div 32     %440 = b2i32 %439
            div 32     %441 = iadd %440, %433
            div 32     %442 = ineg %441
            div 32     %443 = ine32 %438, %9 (0x0)
            div 32     %444 = b2i32 %443
            div 32     %445 = ineg %444
            div 32     %446 = iadd %442, %445
            div 32     %447 = ishl %446, %255 (0xc)
            div 32     %448 = ineg %438
            div 32     %449 = ushr %448, %118 (0x14)
            div 32     %450 = ior %449, %447
            div 32     %451 = ishr %446, %118 (0x14)
            div 32     %452 = ineg %451
            div 32     %453 = iadd %452, %367 (0xffffffff)
            div 32     %454 = ine32 %450, %9 (0x0)
            div 32     %455 = b2i32 %454
            div 32     %456 = ineg %455
            div 32     %457 = iadd %453, %456
            div 32     %458 = ineg %450
            div 32     %459 = iadd %367 (0xffffffff), %458
            div 32     %460 = ult32 %459, %367 (0xffffffff)
            div 32     %461 = b2i32 %460
            div 32     %462 = iadd %457, %461
            div 32     %463 = ige32 %433, %9 (0x0)
            div 32     %464 = ishr %433, %118 (0x14)
            div 32     %465 = b32csel %463, %464, %462
            div 32     %466 = b32csel %463, %437, %459
            con 32     %467 = load_const (0x00000580 = 1408)
            div 32     %468 = iadd %467 (0x580), %214
                              @store_scratch_intel (%466, %468)
            con 32     %469 = load_const (0x000005c0 = 1472)
            div 32     %470 = iadd %469 (0x5c0), %214
                              @store_scratch_intel (%465, %470)
            div 32     %471 = imul %330, %388
            div 32     %472 = imul %340, %471
            div 32     %473 = umul_high %336, %336
            div 32     %474 = iadd %473, %472
            div 32     %475 = ishl %474, %255 (0xc)
            div 32     %476 = imul %336, %336
            div 32     %477 = ushr %476, %118 (0x14)
            div 32     %478 = ior %477, %475
            div 32     %479 = iadd %476, %28 (0x1)
            div 32     %480 = ult32 %479, %476
            div 32     %481 = b2i32 %480
            div 32     %482 = iadd %481, %474
            div 32     %483 = ineg %482
            div 32     %484 = ine32 %479, %9 (0x0)
            div 32     %485 = b2i32 %484
            div 32     %486 = ineg %485
            div 32     %487 = iadd %483, %486
            div 32     %488 = ishl %487, %255 (0xc)
            div 32     %489 = ineg %479
            div 32     %490 = ushr %489, %118 (0x14)
            div 32     %491 = ior %490, %488
            div 32     %492 = ishr %487, %118 (0x14)
            div 32     %493 = ineg %492
            div 32     %494 = iadd %493, %367 (0xffffffff)
            div 32     %495 = ine32 %491, %9 (0x0)
            div 32     %496 = b2i32 %495
            div 32     %497 = ineg %496
            div 32     %498 = iadd %494, %497
            div 32     %499 = ineg %491
            div 32     %500 = iadd %367 (0xffffffff), %499
            div 32     %501 = ult32 %500, %367 (0xffffffff)
            div 32     %502 = b2i32 %501
            div 32     %503 = iadd %498, %502
            div 32     %504 = ige32 %474, %9 (0x0)
            div 32     %505 = ishr %474, %118 (0x14)
            div 32     %506 = b32csel %504, %505, %503
            div 32     %507 = b32csel %504, %478, %500
            con 32     %508 = load_const (0x00000600 = 1536)
            div 32     %509 = iadd %508 (0x600), %214
                              @store_scratch_intel (%507, %509)
            con 32     %510 = load_const (0x00000640 = 1600)
            div 32     %511 = iadd %510 (0x640), %214
                              @store_scratch_intel (%506, %511)
            div 32     %512 = iadd %383, %383
            div 32     %513 = imul %382, %512
            div 32     %514 = umul_high %383, %383
            div 32     %515 = iadd %514, %513
            div 32     %516 = ishl %515, %255 (0xc)
            div 32     %517 = imul %383, %383
            div 32     %518 = ushr %517, %118 (0x14)
            div 32     %519 = ior %518, %516
            div 32     %520 = iadd %517, %28 (0x1)
            div 32     %521 = ult32 %520, %517
            div 32     %522 = b2i32 %521
            div 32     %523 = iadd %522, %515
            div 32     %524 = ineg %523
            div 32     %525 = ine32 %520, %9 (0x0)
            div 32     %526 = b2i32 %525
            div 32     %527 = ineg %526
            div 32     %528 = iadd %524, %527
            div 32     %529 = ishl %528, %255 (0xc)
            div 32     %530 = ineg %520
            div 32     %531 = ushr %530, %118 (0x14)
            div 32     %532 = ior %531, %529
            div 32     %533 = ishr %528, %118 (0x14)
            div 32     %534 = ineg %533
            div 32     %535 = iadd %534, %367 (0xffffffff)
            div 32     %536 = ine32 %532, %9 (0x0)
            div 32     %537 = b2i32 %536
            div 32     %538 = ineg %537
            div 32     %539 = iadd %535, %538
            div 32     %540 = ineg %532
            div 32     %541 = iadd %367 (0xffffffff), %540
            div 32     %542 = ult32 %541, %367 (0xffffffff)
            div 32     %543 = b2i32 %542
            div 32     %544 = iadd %539, %543
            div 32     %545 = ige32 %515, %9 (0x0)
            div 32     %546 = ishr %515, %118 (0x14)
            div 32     %547 = b32csel %545, %546, %544
            div 32     %548 = b32csel %545, %519, %541
            con 32     %549 = load_const (0x00000680 = 1664)
            div 32     %550 = iadd %549 (0x680), %214
                              @store_scratch_intel (%548, %550)
            con 32     %551 = load_const (0x000006c0 = 1728)
            div 32     %552 = iadd %551 (0x6c0), %214
                              @store_scratch_intel (%547, %552)
            div 32     %553 = umul_high %209, %238
            div 32     %554 = imul %209, %238
            div 32     %555 = imul %213, %238
            div 32     %556 = imul %209, %242
            div 32     %557 = iadd %556, %555
            div 32     %558 = iadd %553, %557
            div 32     %559 = ishl %558, %255 (0xc)
            div 32     %560 = ushr %554, %118 (0x14)
            div 32     %561 = ior %560, %559
            div 32     %562 = iadd %554, %28 (0x1)
            div 32     %563 = ult32 %562, %554
            div 32     %564 = b2i32 %563
            div 32     %565 = iadd %564, %558
            div 32     %566 = ineg %565
            div 32     %567 = ine32 %562, %9 (0x0)
            div 32     %568 = b2i32 %567
            div 32     %569 = ineg %568
            div 32     %570 = iadd %566, %569
            div 32     %571 = ishl %570, %255 (0xc)
            div 32     %572 = ineg %562
            div 32     %573 = ushr %572, %118 (0x14)
            div 32     %574 = ior %573, %571
            div 32     %575 = ishr %570, %118 (0x14)
            div 32     %576 = ineg %575
            div 32     %577 = iadd %576, %367 (0xffffffff)
            div 32     %578 = ine32 %574, %9 (0x0)
            div 32     %579 = b2i32 %578
            div 32     %580 = ineg %579
            div 32     %581 = iadd %577, %580
            div 32     %582 = ineg %574
            div 32     %583 = iadd %367 (0xffffffff), %582
            div 32     %584 = ult32 %583, %367 (0xffffffff)
            div 32     %585 = b2i32 %584
            div 32     %586 = iadd %581, %585
            div 32     %587 = ige32 %558, %9 (0x0)
            div 32     %588 = ishr %558, %118 (0x14)
            div 32     %589 = b32csel %587, %588, %586
            div 32     %590 = b32csel %587, %561, %583
            con 32     %591 = load_const (0x00000700 = 1792)
            div 32     %592 = iadd %591 (0x700), %214
                              @store_scratch_intel (%590, %592)
            con 32     %593 = load_const (0x00000740 = 1856)
            div 32     %594 = iadd %593 (0x740), %214
                              @store_scratch_intel (%589, %594)
            div 32     %595 = umul_high %248, %263
            div 32     %596 = imul %248, %263
            div 32     %597 = imul %252, %263
            div 32     %598 = imul %248, %267
            div 32     %599 = iadd %598, %597
            div 32     %600 = iadd %595, %599
            div 32     %601 = ishl %600, %255 (0xc)
            div 32     %602 = ushr %596, %118 (0x14)
            div 32     %603 = ior %602, %601
            div 32     %604 = iadd %596, %28 (0x1)
            div 32     %605 = ult32 %604, %596
            div 32     %606 = b2i32 %605
            div 32     %607 = iadd %606, %600
            div 32     %608 = ineg %607
            div 32     %609 = ine32 %604, %9 (0x0)
            div 32     %610 = b2i32 %609
            div 32     %611 = ineg %610
            div 32     %612 = iadd %608, %611
            div 32     %613 = ishl %612, %255 (0xc)
            div 32     %614 = ineg %604
            div 32     %615 = ushr %614, %118 (0x14)
            div 32     %616 = ior %615, %613
            div 32     %617 = ishr %612, %118 (0x14)
            div 32     %618 = ineg %617
            div 32     %619 = iadd %618, %367 (0xffffffff)
            div 32     %620 = ine32 %616, %9 (0x0)
            div 32     %621 = b2i32 %620
            div 32     %622 = ineg %621
            div 32     %623 = iadd %619, %622
            div 32     %624 = ineg %616
            div 32     %625 = iadd %367 (0xffffffff), %624
            div 32     %626 = ult32 %625, %367 (0xffffffff)
            div 32     %627 = b2i32 %626
            div 32     %628 = iadd %623, %627
            div 32     %629 = ige32 %600, %9 (0x0)
            div 32     %630 = ishr %600, %118 (0x14)
            div 32     %631 = b32csel %629, %630, %628
            div 32     %632 = b32csel %629, %603, %625
            con 32     %633 = load_const (0x00000780 = 1920)
            div 32     %634 = iadd %633 (0x780), %214
                              @store_scratch_intel (%632, %634)
            con 32     %635 = load_const (0x000007c0 = 1984)
            div 32     %636 = iadd %635 (0x7c0), %214
                              @store_scratch_intel (%631, %636)
            div 32     %637 = umul_high %273, %288
            div 32     %638 = imul %273, %288
            div 32     %639 = imul %277, %288
            div 32     %640 = imul %273, %292
            div 32     %641 = iadd %640, %639
            div 32     %642 = iadd %637, %641
            div 32     %643 = ishl %642, %255 (0xc)
            div 32     %644 = ushr %638, %118 (0x14)
            div 32     %645 = ior %644, %643
            div 32     %646 = iadd %638, %28 (0x1)
            div 32     %647 = ult32 %646, %638
            div 32     %648 = b2i32 %647
            div 32     %649 = iadd %648, %642
            div 32     %650 = ineg %649
            div 32     %651 = ine32 %646, %9 (0x0)
            div 32     %652 = b2i32 %651
            div 32     %653 = ineg %652
            div 32     %654 = iadd %650, %653
            div 32     %655 = ishl %654, %255 (0xc)
            div 32     %656 = ineg %646
            div 32     %657 = ushr %656, %118 (0x14)
            div 32     %658 = ior %657, %655
            div 32     %659 = ishr %654, %118 (0x14)
            div 32     %660 = ineg %659
            div 32     %661 = iadd %660, %367 (0xffffffff)
            div 32     %662 = ine32 %658, %9 (0x0)
            div 32     %663 = b2i32 %662
            div 32     %664 = ineg %663
            div 32     %665 = iadd %661, %664
            div 32     %666 = ineg %658
            div 32     %667 = iadd %367 (0xffffffff), %666
            div 32     %668 = ult32 %667, %367 (0xffffffff)
            div 32     %669 = b2i32 %668
            div 32     %670 = iadd %665, %669
            div 32     %671 = ige32 %642, %9 (0x0)
            div 32     %672 = ishr %642, %118 (0x14)
            div 32     %673 = b32csel %671, %672, %670
            div 32     %674 = b32csel %671, %645, %667
            con 32     %675 = load_const (0x00000007)
            con 32     %676 = load_const (0x00000800 = 2048)
            div 32     %677 = iadd %676 (0x800), %214
                              @store_scratch_intel (%674, %677)
            con 32     %678 = load_const (0x00000840 = 2112)
            div 32     %679 = iadd %678 (0x840), %214
                              @store_scratch_intel (%673, %679)
            div 32     %680 = umul_high %304, %425
            div 32     %681 = imul %304, %425
            div 32     %682 = imul %308, %425
            div 32     %683 = imul %304, %424
            div 32     %684 = iadd %683, %682
            div 32     %685 = iadd %680, %684
            div 32     %686 = ishl %685, %255 (0xc)
            div 32     %687 = ushr %681, %118 (0x14)
            div 32     %688 = ior %687, %686
            div 32     %689 = iadd %681, %28 (0x1)
            div 32     %690 = ult32 %689, %681
            div 32     %691 = b2i32 %690
            div 32     %692 = iadd %691, %685
            div 32     %693 = ineg %692
            div 32     %694 = ine32 %689, %9 (0x0)
            div 32     %695 = b2i32 %694
            div 32     %696 = ineg %695
            div 32     %697 = iadd %693, %696
            div 32     %698 = ishl %697, %255 (0xc)
            div 32     %699 = ineg %689
            div 32     %700 = ushr %699, %118 (0x14)
            div 32     %701 = ior %700, %698
            div 32     %702 = ishr %697, %118 (0x14)
            div 32     %703 = ineg %702
            div 32     %704 = iadd %703, %367 (0xffffffff)
            div 32     %705 = ine32 %701, %9 (0x0)
            div 32     %706 = b2i32 %705
            div 32     %707 = ineg %706
            div 32     %708 = iadd %704, %707
            div 32     %709 = ineg %701
            div 32     %710 = iadd %367 (0xffffffff), %709
            div 32     %711 = ult32 %710, %367 (0xffffffff)
            div 32     %712 = b2i32 %711
            div 32     %713 = iadd %708, %712
            div 32     %714 = ige32 %685, %9 (0x0)
            div 32     %715 = ishr %685, %118 (0x14)
            div 32     %716 = b32csel %714, %715, %713
            div 32     %717 = b32csel %714, %688, %710
            con 32     %718 = load_const (0x00000880 = 2176)
            div 32     %719 = iadd %718 (0x880), %214
                              @store_scratch_intel (%717, %719)
            con 32     %720 = load_const (0x000008c0 = 2240)
            div 32     %721 = iadd %720 (0x8c0), %214
                              @store_scratch_intel (%716, %721)
            div 32     %722 = umul_high %320, %466
            div 32     %723 = imul %320, %466
            div 32     %724 = imul %324, %466
            div 32     %725 = imul %320, %465
            div 32     %726 = iadd %725, %724
            div 32     %727 = iadd %722, %726
            div 32     %728 = ishl %727, %255 (0xc)
            div 32     %729 = ushr %723, %118 (0x14)
            div 32     %730 = ior %729, %728
            div 32     %731 = iadd %723, %28 (0x1)
            div 32     %732 = ult32 %731, %723
            div 32     %733 = b2i32 %732
            div 32     %734 = iadd %733, %727
            div 32     %735 = ineg %734
            div 32     %736 = ine32 %731, %9 (0x0)
            div 32     %737 = b2i32 %736
            div 32     %738 = ineg %737
            div 32     %739 = iadd %735, %738
            div 32     %740 = ishl %739, %255 (0xc)
            div 32     %741 = ineg %731
            div 32     %742 = ushr %741, %118 (0x14)
            div 32     %743 = ior %742, %740
            div 32     %744 = ishr %739, %118 (0x14)
            div 32     %745 = ineg %744
            div 32     %746 = iadd %745, %367 (0xffffffff)
            div 32     %747 = ine32 %743, %9 (0x0)
            div 32     %748 = b2i32 %747
            div 32     %749 = ineg %748
            div 32     %750 = iadd %746, %749
            div 32     %751 = ineg %743
            div 32     %752 = iadd %367 (0xffffffff), %751
            div 32     %753 = ult32 %752, %367 (0xffffffff)
            div 32     %754 = b2i32 %753
            div 32     %755 = iadd %750, %754
            div 32     %756 = ige32 %727, %9 (0x0)
            div 32     %757 = ishr %727, %118 (0x14)
            div 32     %758 = b32csel %756, %757, %755
            div 32     %759 = b32csel %756, %730, %752
            con 32     %760 = load_const (0x00000900 = 2304)
            div 32     %761 = iadd %760 (0x900), %214
                              @store_scratch_intel (%759, %761)
            con 32     %762 = load_const (0x00000940 = 2368)
            div 32     %763 = iadd %762 (0x940), %214
                              @store_scratch_intel (%758, %763)
            div 32     %764 = umul_high %336, %507
            div 32     %765 = imul %336, %507
            div 32     %766 = imul %340, %507
            div 32     %767 = imul %336, %506
            div 32     %768 = iadd %767, %766
            div 32     %769 = iadd %764, %768
            div 32     %770 = ishl %769, %255 (0xc)
            div 32     %771 = ushr %765, %118 (0x14)
            div 32     %772 = ior %771, %770
            div 32     %773 = iadd %765, %28 (0x1)
            div 32     %774 = ult32 %773, %765
            div 32     %775 = b2i32 %774
            div 32     %776 = iadd %775, %769
            div 32     %777 = ineg %776
            div 32     %778 = ine32 %773, %9 (0x0)
            div 32     %779 = b2i32 %778
            div 32     %780 = ineg %779
            div 32     %781 = iadd %777, %780
            div 32     %782 = ishl %781, %255 (0xc)
            div 32     %783 = ineg %773
            div 32     %784 = ushr %783, %118 (0x14)
            div 32     %785 = ior %784, %782
            div 32     %786 = ishr %781, %118 (0x14)
            div 32     %787 = ineg %786
            div 32     %788 = iadd %787, %367 (0xffffffff)
            div 32     %789 = ine32 %785, %9 (0x0)
            div 32     %790 = b2i32 %789
            div 32     %791 = ineg %790
            div 32     %792 = iadd %788, %791
            div 32     %793 = ineg %785
            div 32     %794 = iadd %367 (0xffffffff), %793
            div 32     %795 = ult32 %794, %367 (0xffffffff)
            div 32     %796 = b2i32 %795
            div 32     %797 = iadd %792, %796
            div 32     %798 = ige32 %769, %9 (0x0)
            div 32     %799 = ishr %769, %118 (0x14)
            div 32     %800 = b32csel %798, %799, %797
            div 32     %801 = b32csel %798, %772, %794
            con 32     %802 = load_const (0x00000980 = 2432)
            div 32     %803 = iadd %802 (0x980), %214
                              @store_scratch_intel (%801, %803)
            con 32     %804 = load_const (0x000009c0 = 2496)
            div 32     %805 = iadd %804 (0x9c0), %214
                              @store_scratch_intel (%800, %805)
            div 32     %806 = umul_high %383, %548
            div 32     %807 = imul %383, %548
            div 32     %808 = imul %382, %548
            div 32     %809 = imul %383, %547
            div 32     %810 = iadd %809, %808
            div 32     %811 = iadd %806, %810
            div 32     %812 = ishl %811, %255 (0xc)
            div 32     %813 = ushr %807, %118 (0x14)
            div 32     %814 = ior %813, %812
            div 32     %815 = iadd %807, %28 (0x1)
            div 32     %816 = ult32 %815, %807
            div 32     %817 = b2i32 %816
            div 32     %818 = iadd %817, %811
            div 32     %819 = ineg %818
            div 32     %820 = ine32 %815, %9 (0x0)
            div 32     %821 = b2i32 %820
            div 32     %822 = ineg %821
            div 32     %823 = iadd %819, %822
            div 32     %824 = ishl %823, %255 (0xc)
            div 32     %825 = ineg %815
            div 32     %826 = ushr %825, %118 (0x14)
            div 32     %827 = ior %826, %824
            div 32     %828 = ishr %823, %118 (0x14)
            div 32     %829 = ineg %828
            div 32     %830 = iadd %829, %367 (0xffffffff)
            div 32     %831 = ine32 %827, %9 (0x0)
            div 32     %832 = b2i32 %831
            div 32     %833 = ineg %832
            div 32     %834 = iadd %830, %833
            div 32     %835 = ineg %827
            div 32     %836 = iadd %367 (0xffffffff), %835
            div 32     %837 = ult32 %836, %367 (0xffffffff)
            div 32     %838 = b2i32 %837
            div 32     %839 = iadd %834, %838
            div 32     %840 = ige32 %811, %9 (0x0)
            div 32     %841 = ishr %811, %118 (0x14)
            div 32     %842 = b32csel %840, %841, %839
            div 32     %843 = b32csel %840, %814, %836
            con 32     %844 = load_const (0x00000a00 = 2560)
            div 32     %845 = iadd %844 (0xa00), %214
                              @store_scratch_intel (%843, %845)
            con 32     %846 = load_const (0x00000a40 = 2624)
            div 32     %847 = iadd %846 (0xa40), %214
                              @store_scratch_intel (%842, %847)
            con 32     %848 = load_const (0x00000128 = 296)
            div 32     %849 = iadd %110, %848 (0x128)
            div 32x2   %850 = @load_ssbo (%20 (0x2), %849) (access=readonly|reorderable, align_mul=64, align_offset=40, offset_shift=0)
            div 32     %851 = ushr %850.x, %255 (0xc)
            div 32     %852 = ishl %850.y, %118 (0x14)
            div 32     %853 = ior %852, %851
            con 32     %854 = load_const (0x00000160 = 352)
            div 32     %855 = ishl %850.x, %118 (0x14)
            div 64     %856 = pack_64_2x32_split %855, %853
                              @store_reg (%856, %6) (base=0, wrmask=x, legacy_fsat=0)
            con 32     %857 = load_const (0x00000150 = 336)
            con 32     %858 = mov %9 (0x0)
                              @store_reg (%858, %5) (base=0, wrmask=x, legacy_fsat=0)
                              // succs: b14
            div loop {
                div block b14:        // preds: b13 b17
                con 32     %859 = @load_reg (%5) (base=0, legacy_fabs=0, legacy_fneg=0)
                div 32     %860 = ige32 %859, %112.z
                                  // succs: b15 b16
                if %860 {
                    div block b15:// preds: b14
                    break
                    // succs: b18
                } else {
                    div block b16:  // preds: b14, succs: b17
                }
                div block b17:        // preds: b16
                con 32     %861 = @load_reg (%5) (base=0, legacy_fabs=0, legacy_fneg=0)
                con 32     %862 = imul_32x16 %861, %675 (0x7)
                div 32     %863 = iadd %122, %862
                con 32     %864 = @load_reg (%5) (base=0, legacy_fabs=0, legacy_fneg=0)
                con 32     %865 = imul_32x16 %864, %243 (0x380)
                div 32     %866 = iadd %865, %214
                div 32     %867 = @load_scratch_intel (%866) (access=none)
                con 32     %868 = iadd %865, %215 (0x40)
                div 32     %869 = iadd %868, %214
                div 32     %870 = @load_scratch_intel (%869) (access=none)
                div 32     %871 = ishl %863, %26 (0x3)
                div 32     %872 = iadd %871, %119 (0x130)
                div 32x4   %873 = @load_ssbo (%20 (0x2), %872) (access=readonly|reorderable, align_mul=8, align_offset=0, offset_shift=0)
                div 32     %874 = umul_high %873.x, %867
                div 32     %875 = imul %873.x, %867
                div 32     %876 = imul %873.y, %867
                div 32     %877 = imul %873.x, %870
                div 32     %878 = iadd %877, %876
                div 32     %879 = iadd %874, %878
                div 64     %880 = @load_reg (%6) (base=0, legacy_fabs=0, legacy_fneg=0)
                div 32     %881 = unpack_64_2x32_split_x %880
                div 64     %882 = @load_reg (%6) (base=0, legacy_fabs=0, legacy_fneg=0)
                div 32     %883 = unpack_64_2x32_split_y %882
                div 32     %884 = iadd %881, %875
                div 32     %885 = iadd %883, %879
                div 32     %886 = ult32 %884, %881
                div 32     %887 = b2i32 %886
                div 32     %888 = iadd %887, %885
                con 32     %889 = iadd %865, %253 (0x80)
                div 32     %890 = iadd %889, %214
                div 32     %891 = @load_scratch_intel (%890) (access=none)
                con 32     %892 = iadd %865, %108 (0xc0)
                div 32     %893 = iadd %892, %214
                div 32     %894 = @load_scratch_intel (%893) (access=none)
                div 32     %895 = umul_high %873.z, %891
                div 32     %896 = imul %873.z, %891
                div 32     %897 = imul %873.w, %891
                div 32     %898 = imul %873.z, %894
                div 32     %899 = iadd %898, %897
                div 32     %900 = iadd %895, %899
                div 32     %901 = iadd %884, %896
                div 32     %902 = iadd %888, %900
                div 32     %903 = ult32 %901, %884
                div 32     %904 = b2i32 %903
                div 32     %905 = iadd %904, %902
                con 32     %906 = iadd %865, %278 (0x100)
                div 32     %907 = iadd %906, %214
                div 32     %908 = @load_scratch_intel (%907) (access=none)
                con 32     %909 = iadd %865, %280 (0x140)
                div 32     %910 = iadd %909, %214
                div 32     %911 = @load_scratch_intel (%910) (access=none)
                div 32     %912 = iadd %280 (0x140), %871
                div 32x4   %913 = @load_ssbo (%20 (0x2), %912) (access=readonly|reorderable, align_mul=8, align_offset=0, offset_shift=0)
                div 32     %914 = umul_high %913.x, %908
                div 32     %915 = imul %913.x, %908
                div 32     %916 = imul %913.y, %908
                div 32     %917 = imul %913.x, %911
                div 32     %918 = iadd %917, %916
                div 32     %919 = iadd %914, %918
                div 32     %920 = iadd %901, %915
                div 32     %921 = iadd %905, %919
                div 32     %922 = ult32 %920, %901
                div 32     %923 = b2i32 %922
                div 32     %924 = iadd %923, %921
                con 32     %925 = iadd %865, %309 (0x180)
                div 32     %926 = iadd %925, %214
                div 32     %927 = @load_scratch_intel (%926) (access=none)
                con 32     %928 = iadd %865, %311 (0x1c0)
                div 32     %929 = iadd %928, %214
                div 32     %930 = @load_scratch_intel (%929) (access=none)
                div 32     %931 = umul_high %913.z, %927
                div 32     %932 = imul %913.z, %927
                div 32     %933 = imul %913.w, %927
                div 32     %934 = imul %913.z, %930
                div 32     %935 = iadd %934, %933
                div 32     %936 = iadd %931, %935
                div 32     %937 = iadd %920, %932
                div 32     %938 = iadd %924, %936
                div 32     %939 = ult32 %937, %920
                div 32     %940 = b2i32 %939
                div 32     %941 = iadd %940, %938
                con 32     %942 = iadd %865, %325 (0x200)
                div 32     %943 = iadd %942, %214
                div 32     %944 = @load_scratch_intel (%943) (access=none)
                con 32     %945 = iadd %865, %327 (0x240)
                div 32     %946 = iadd %945, %214
                div 32     %947 = @load_scratch_intel (%946) (access=none)
                div 32     %948 = iadd %857 (0x150), %871
                div 32x4   %949 = @load_ssbo (%20 (0x2), %948) (access=readonly|reorderable, align_mul=8, align_offset=0, offset_shift=0)
                div 32     %950 = umul_high %949.x, %944
                div 32     %951 = imul %949.x, %944
                div 32     %952 = imul %949.y, %944
                div 32     %953 = imul %949.x, %947
                div 32     %954 = iadd %953, %952
                div 32     %955 = iadd %950, %954
                div 32     %956 = iadd %937, %951
                div 32     %957 = iadd %941, %955
                div 32     %958 = ult32 %956, %937
                div 32     %959 = b2i32 %958
                div 32     %960 = iadd %959, %957
                con 32     %961 = iadd %865, %341 (0x280)
                div 32     %962 = iadd %961, %214
                div 32     %963 = @load_scratch_intel (%962) (access=none)
                con 32     %964 = iadd %865, %343 (0x2c0)
                div 32     %965 = iadd %964, %214
                div 32     %966 = @load_scratch_intel (%965) (access=none)
                div 32     %967 = umul_high %949.z, %963
                div 32     %968 = imul %949.z, %963
                div 32     %969 = imul %949.w, %963
                div 32     %970 = imul %949.z, %966
                div 32     %971 = iadd %970, %969
                div 32     %972 = iadd %967, %971
                div 32     %973 = iadd %956, %968
                div 32     %974 = iadd %960, %972
                div 32     %975 = ult32 %973, %956
                div 32     %976 = b2i32 %975
                div 32     %977 = iadd %976, %974
                con 32     %978 = iadd %865, %384 (0x300)
                div 32     %979 = iadd %978, %214
                div 32     %980 = @load_scratch_intel (%979) (access=none)
                con 32     %981 = iadd %865, %386 (0x340)
                div 32     %982 = iadd %981, %214
                div 32     %983 = @load_scratch_intel (%982) (access=none)
                div 32     %984 = iadd %854 (0x160), %871
                div 32x2   %985 = @load_ssbo (%20 (0x2), %984) (access=readonly|reorderable, align_mul=8, align_offset=0, offset_shift=0)
                div 32     %986 = umul_high %985.x, %980
                div 32     %987 = imul %985.x, %980
                div 32     %988 = imul %985.y, %980
                div 32     %989 = imul %985.x, %983
                div 32     %990 = iadd %989, %988
                div 32     %991 = iadd %986, %990
                div 32     %992 = iadd %973, %987
                div 32     %993 = iadd %977, %991
                div 32     %994 = ult32 %992, %973
                div 32     %995 = b2i32 %994
                div 32     %996 = iadd %995, %993
                con 32     %997 = @load_reg (%5) (base=0, legacy_fabs=0, legacy_fneg=0)
                con 32     %998 = iadd %997, %28 (0x1)
                                  @store_reg (%998, %5) (base=0, wrmask=x, legacy_fsat=0)
                div 64     %999 = pack_64_2x32_split %992, %996
                                  @store_reg (%999, %6) (base=0, wrmask=x, legacy_fsat=0)
                                  // succs: b14
            }
            div block b18:  // preds: b15, succs: b19
        }
        div block b19:        // preds: b12 b18
        div 64    %1000 = @load_reg (%6) (base=0, legacy_fabs=0, legacy_fneg=0)
        div 32    %1001 = unpack_64_2x32_split_y %1000
        div 64    %1002 = @load_reg (%6) (base=0, legacy_fabs=0, legacy_fneg=0)
        div 32    %1003 = unpack_64_2x32_split_x %1002
        con 32    %1004 = load_const (0x00000028 = 40)
        con 32x2  %1005 = @load_ssbo (%20 (0x2), %1004 (0x28)) (access=readonly|reorderable, align_mul=1073741824, align_offset=40, offset_shift=0)
        con 32    %1006 = iadd %1005.x, %11 (0x4)
        con 32    %1007 = iand %1006, %17 (0x3f)
        div 32    %1008 = ushr %1003, %1007
        div 32    %1009 = ishr %1001, %1007
        con 32    %1010 = iadd %1007, %120 (0xffffffe0)
        con 32    %1011 = iabs %1010
        div 32    %1012 = ishl %1001, %1011
        div 32    %1013 = ior %1008, %1012
        div 32    %1014 = ishr %1001, %1011
        con 32    %1015 = uge32 %1007, %114 (0x20)
        con 32    %1016 = load_const (0x0000001f = 31)
        div 32    %1017 = ishr %1001, %1016 (0x1f)
        div 32    %1018 = b32csel %1015, %1017, %1009
        div 32    %1019 = b32csel %1015, %1014, %1013
        con 32    %1020 = ieq32 %1007, %9 (0x0)
        div 32    %1021 = b32csel %1020, %1001, %1018
        div 32    %1022 = b32csel %1020, %1003, %1019
        div 32    %1023 = iadd %1003, %28 (0x1)
        div 32    %1024 = ult32 %1023, %1003
        div 32    %1025 = b2i32 %1024
        div 32    %1026 = iadd %1025, %1001
        div 32    %1027 = ineg %1026
        div 32    %1028 = ine32 %1023, %9 (0x0)
        div 32    %1029 = b2i32 %1028
        div 32    %1030 = ineg %1029
        div 32    %1031 = iadd %1027, %1030
        div 32    %1032 = ineg %1023
        div 32    %1033 = ushr %1032, %1007
        div 32    %1034 = ishr %1031, %1007
        div 32    %1035 = ishl %1031, %1011
        div 32    %1036 = ior %1033, %1035
        div 32    %1037 = ishr %1031, %1011
        div 32    %1038 = ishr %1031, %1016 (0x1f)
        div 32    %1039 = b32csel %1015, %1038, %1034
        div 32    %1040 = b32csel %1015, %1037, %1036
        div 32    %1041 = b32csel %1020, %1031, %1039
        div 32    %1042 = b32csel %1020, %1032, %1040
        con 32    %1043 = load_const (0xffffffff = -1 = 4294967295)
        div 32    %1044 = ineg %1041
        div 32    %1045 = iadd %1044, %1043 (0xffffffff)
        div 32    %1046 = ine32 %1042, %9 (0x0)
        div 32    %1047 = b2i32 %1046
        div 32    %1048 = ineg %1047
        div 32    %1049 = iadd %1045, %1048
        div 32    %1050 = ineg %1042
        div 32    %1051 = iadd %1043 (0xffffffff), %1050
        div 32    %1052 = ult32 %1051, %1043 (0xffffffff)
        div 32    %1053 = b2i32 %1052
        div 32    %1054 = iadd %1049, %1053
        div 32    %1055 = ige32 %1001, %9 (0x0)
        div 32    %1056 = b32csel %1055, %1021, %1054
        div 32    %1057 = b32csel %1055, %1022, %1051
        div 32    %1058 = ieq32 %9 (0x0), %1056
        con 32    %1059 = load_const (0x0000ffff = 65535)
        div 32    %1060 = ult32 %1059 (0xffff), %1057
        div 32    %1061 = iand %1058, %1060
        div 32    %1062 = ilt32 %9 (0x0), %1056
        div 32    %1063 = ior %1062, %1061
        div 32    %1064 = b32csel %1063, %1059 (0xffff), %1057
        div 32    %1065 = ilt32 %1056, %9 (0x0)
        div 32    %1066 = ior %1065, %1063
        div 32    %1067 = b32csel %1066, %9 (0x0), %1056
        div 32    %1068 = b32csel %1065, %9 (0x0), %1064
        con 32x2  %1069 = @load_ssbo (%20 (0x2), %23 (0x10)) (access=readonly|reorderable, align_mul=1073741824, align_offset=16, offset_shift=0)
        con 32    %1070 = ieq32 %1069.y, %9 (0x0)
        con 32    %1071 = ieq32 %1069.x, %28 (0x1)
        con 32    %1072 = iand %1070, %1071
                          // succs: b20 b24
        if %1072 {
            div block b20:        // preds: b19
            con 32    %1073 = load_const (0x00000038 = 56)
            con 32x2  %1074 = @load_ssbo (%20 (0x2), %1073 (0x38)) (access=readonly|reorderable, align_mul=1073741824, align_offset=56, offset_shift=0)
            con 32    %1075 = ineg %1074.y
            con 32    %1076 = ine32 %1074.x, %9 (0x0)
            con 32    %1077 = b2i32 %1076
            con 32    %1078 = ineg %1077
            con 32    %1079 = iadd %1075, %1078
            con 32    %1080 = ineg %1074.x
            div 32    %1081 = iadd %30.w, %1080
            div 32    %1082 = ult32 %1081, %30.w
            div 32    %1083 = b2i32 %1082
            div 32    %1084 = iadd %1083, %1079
            div 32    %1085 = ior %1081, %1084
            div 32    %1086 = ine32 %1085, %9 (0x0)
                              // succs: b21 b22
            if %1086 {
                div block b21:        // preds: b20
                div 32    %1087 = ieq32 %9 (0x0), %1084
                div 32    %1088 = ine32 %1081, %9 (0x0)
                div 32    %1089 = iand %1087, %1088
                div 32    %1090 = ilt32 %9 (0x0), %1084
                div 32    %1091 = ior %1090, %1089
                con 32    %1092 = load_const (0x00000030 = 48)
                con 32x2  %1093 = @load_ssbo (%20 (0x2), %1092 (0x30)) (access=readonly|reorderable, align_mul=1073741824, align_offset=48, offset_shift=0)
                con 32    %1094 = ineg %1093.x
                con 32    %1095 = load_const (0x0000000a = 10)
                con 32    %1096 = iadd %1095 (0xa), %1094
                con 32    %1097 = iand %1096, %17 (0x3f)
                con 32    %1098 = uge32 %1097, %114 (0x20)
                con 32    %1099 = iadd %1097, %120 (0xffffffe0)
                con 32    %1100 = iabs %1099
                con 32    %1101 = ushr %28 (0x1), %1100
                con 32    %1102 = ishl %28 (0x1), %1100
                con 32    %1103 = b32csel %1098, %1102, %1101
                con 32    %1104 = ishl %28 (0x1), %1097
                con 32    %1105 = b32csel %1098, %9 (0x0), %1104
                con 32    %1106 = ieq32 %1097, %9 (0x0)
                con 32    %1107 = b32csel %1106, %9 (0x0), %1103
                con 32    %1108 = b32csel %1106, %28 (0x1), %1105
                con 32    %1109 = ushr %1108, %1016 (0x1f)
                con 32    %1110 = ishl %1107, %28 (0x1)
                con 32    %1111 = ior %1110, %1109
                con 32    %1112 = load_const (0x00000050 = 80)
                con 32x2  %1113 = @load_ssbo (%20 (0x2), %1112 (0x50)) (access=readonly|reorderable, align_mul=1073741824, align_offset=80, offset_shift=0)
                con 32    %1114 = ishl %1108, %28 (0x1)
                con 32    %1115 = umul_high %1114, %1113.x
                con 32    %1116 = imul %1114, %1113.x
                con 32    %1117 = imul %1111, %1113.x
                con 32    %1118 = imul %1114, %1113.y
                con 32    %1119 = iadd %1118, %1117
                con 32    %1120 = iadd %1115, %1119
                div 32    %1121 = ushr %1081, %1016 (0x1f)
                div 32    %1122 = ishl %1084, %28 (0x1)
                div 32    %1123 = ior %1122, %1121
                div 32    %1124 = b32csel %1091, %1043 (0xffffffff), %28 (0x1)
                div 32    %1125 = ishl %1081, %28 (0x1)
                div 32    %1126 = iadd %1125, %1124
                div 32    %1127 = b2i32 %1091
                div 32    %1128 = ineg %1127
                div 32    %1129 = iadd %1123, %1128
                div 32    %1130 = ult32 %1126, %1125
                div 32    %1131 = b2i32 %1130
                div 32    %1132 = iadd %1131, %1129
                con 32    %1133 = load_const (0x00000040 = 64)
                con 32x4  %1134 = @load_ssbo_uniform_block_intel (%20 (0x2), %1133 (0x40)) (access=readonly|reorderable, align_mul=1073741824, align_offset=64, base=0)
                div 32    %1135 = umul_high %1126, %1134.x
                div 32    %1136 = imul %1126, %1134.x
                div 32    %1137 = imul %1132, %1134.x
                div 32    %1138 = imul %1126, %1134.y
                div 32    %1139 = iadd %1138, %1137
                div 32    %1140 = iadd %1135, %1139
                div 32    %1141 = b32csel %1091, %20 (0x2), %84 (0xfffffffe)
                div 32    %1142 = umul_high %1141, %1134.z
                div 32    %1143 = imul %1141, %1134.z
                div 32    %1144 = b32csel %1091, %9 (0x0), %1134.z
                div 32    %1145 = imul %1141, %1134.w
                div 32    %1146 = ineg %1144
                div 32    %1147 = iadd %1145, %1146
                div 32    %1148 = iadd %1142, %1147
                div 32    %1149 = iadd %1136, %1143
                div 32    %1150 = iadd %1140, %1148
                div 32    %1151 = ult32 %1149, %1136
                div 32    %1152 = b2i32 %1151
                div 32    %1153 = iadd %1152, %1150
                div 32    %1154 = umul_high %1149, %1108
                div 32    %1155 = imul %1149, %1108
                div 32    %1156 = imul %1153, %1108
                div 32    %1157 = imul %1149, %1107
                div 32    %1158 = iadd %1157, %1156
                div 32    %1159 = iadd %1154, %1158
                con 32    %1160 = ineg %1120
                con 32    %1161 = ine32 %1116, %9 (0x0)
                con 32    %1162 = b2i32 %1161
                con 32    %1163 = ineg %1162
                con 32    %1164 = iadd %1160, %1163
                div 32    %1165 = ieq32 %1159, %1164
                con 32    %1166 = ineg %1116
                div 32    %1167 = ult32 %1155, %1166
                div 32    %1168 = iand %1165, %1167
                div 32    %1169 = ilt32 %1159, %1164
                div 32    %1170 = ior %1169, %1168
                div 32    %1171 = ieq32 %1120, %1159
                div 32    %1172 = ult32 %1116, %1155
                div 32    %1173 = iand %1171, %1172
                div 32    %1174 = ilt32 %1120, %1159
                div 32    %1175 = ior %1174, %1173
                div 32    %1176 = b32csel %1175, %1120, %1159
                div 32    %1177 = b32csel %1175, %1116, %1155
                div 32    %1178 = b32csel %1170, %1164, %1176
                div 32    %1179 = b32csel %1170, %1166, %1177
                con 32    %1180 = load_const (0xfffffffb = -5 = 4294967291)
                con 32    %1181 = iadd %1005.x, %1180 (0xfffffffb)
                con 32    %1182 = iadd %1181, %1094
                con 32    %1183 = iand %1182, %17 (0x3f)
                div 32    %1184 = ushr %1179, %1183
                div 32    %1185 = ishr %1178, %1183
                con 32    %1186 = iadd %1183, %120 (0xffffffe0)
                con 32    %1187 = iabs %1186
                div 32    %1188 = ishl %1178, %1187
                div 32    %1189 = ior %1184, %1188
                div 32    %1190 = ishr %1178, %1187
                con 32    %1191 = uge32 %1183, %114 (0x20)
                div 32    %1192 = ishr %1178, %1016 (0x1f)
                div 32    %1193 = b32csel %1191, %1192, %1185
                div 32    %1194 = b32csel %1191, %1190, %1189
                con 32    %1195 = ieq32 %1183, %9 (0x0)
                div 32    %1196 = b32csel %1195, %1178, %1193
                div 32    %1197 = b32csel %1195, %1179, %1194
                div 32    %1198 = iadd %1179, %28 (0x1)
                div 32    %1199 = ult32 %1198, %1179
                div 32    %1200 = b2i32 %1199
                div 32    %1201 = iadd %1200, %1178
                div 32    %1202 = ineg %1201
                div 32    %1203 = ine32 %1198, %9 (0x0)
                div 32    %1204 = b2i32 %1203
                div 32    %1205 = ineg %1204
                div 32    %1206 = iadd %1202, %1205
                div 32    %1207 = ineg %1198
                div 32    %1208 = ushr %1207, %1183
                div 32    %1209 = ishr %1206, %1183
                div 32    %1210 = ishl %1206, %1187
                div 32    %1211 = ior %1208, %1210
                div 32    %1212 = ishr %1206, %1187
                div 32    %1213 = ishr %1206, %1016 (0x1f)
                div 32    %1214 = b32csel %1191, %1213, %1209
                div 32    %1215 = b32csel %1191, %1212, %1211
                div 32    %1216 = b32csel %1195, %1206, %1214
                div 32    %1217 = b32csel %1195, %1207, %1215
                div 32    %1218 = ineg %1216
                div 32    %1219 = iadd %1218, %1043 (0xffffffff)
                div 32    %1220 = ine32 %1217, %9 (0x0)
                div 32    %1221 = b2i32 %1220
                div 32    %1222 = ineg %1221
                div 32    %1223 = iadd %1219, %1222
                div 32    %1224 = ineg %1217
                div 32    %1225 = iadd %1043 (0xffffffff), %1224
                div 32    %1226 = ult32 %1225, %1043 (0xffffffff)
                div 32    %1227 = b2i32 %1226
                div 32    %1228 = iadd %1223, %1227
                div 32    %1229 = ige32 %1178, %9 (0x0)
                div 32    %1230 = b32csel %1229, %1196, %1228
                div 32    %1231 = b32csel %1229, %1197, %1225
                div 64    %1232 = pack_64_2x32_split %1231, %1230
                                  @store_reg (%1232, %7) (base=0, wrmask=x, legacy_fsat=0)
                                  // succs: b23
            } else {
                div block b22:        // preds: b20
                con 64    %1233 = mov %117 (0x0)
                                  @store_reg (%1233, %7) (base=0, wrmask=x, legacy_fsat=0)
                                  // succs: b23
            }
            div block b23:  // preds: b21 b22, succs: b25
        } else {
            div block b24:        // preds: b19
            con 64    %1234 = mov %117 (0x0)
                              @store_reg (%1234, %7) (base=0, wrmask=x, legacy_fsat=0)
                              // succs: b25
        }
        div block b25:        // preds: b23 b24
        div 64    %1235 = @load_reg (%7) (base=0, legacy_fabs=0, legacy_fneg=0)
        div 32    %1236 = unpack_64_2x32_split_x %1235
        div 64    %1237 = @load_reg (%7) (base=0, legacy_fabs=0, legacy_fneg=0)
        div 32    %1238 = unpack_64_2x32_split_y %1237
        div 32    %1239 = iadd %1068, %1236
        div 32    %1240 = iadd %1067, %1238
        div 32    %1241 = ult32 %1239, %1068
        div 32    %1242 = b2i32 %1241
        div 32    %1243 = iadd %1242, %1240
        con 32x2  %1244 = @load_ssbo (%20 (0x2), %116 (0x18)) (access=readonly|reorderable, align_mul=1073741824, align_offset=24, offset_shift=0)
        con 32    %1245 = ineg %1244.x
        con 32    %1246 = load_const (0x0000000f = 15)
        con 32    %1247 = iadd %1246 (0xf), %1245
        con 32    %1248 = iand %1247, %17 (0x3f)
        con 32    %1249 = uge32 %1248, %114 (0x20)
        con 32    %1250 = iadd %1248, %120 (0xffffffe0)
        con 32    %1251 = iabs %1250
        con 32    %1252 = ushr %28 (0x1), %1251
        con 32    %1253 = ishl %28 (0x1), %1251
        con 32    %1254 = b32csel %1249, %1253, %1252
        con 32    %1255 = ishl %28 (0x1), %1248
        con 32    %1256 = b32csel %1249, %9 (0x0), %1255
        con 32    %1257 = ieq32 %1248, %9 (0x0)
        con 32    %1258 = b32csel %1257, %9 (0x0), %1254
        con 32    %1259 = b32csel %1257, %28 (0x1), %1256
        div 32    %1260 = iadd %1239, %1259
        div 32    %1261 = iadd %1243, %1258
        div 32    %1262 = ult32 %1260, %1239
        div 32    %1263 = b2i32 %1262
        div 32    %1264 = iadd %1263, %1261
        con 32    %1265 = iadd %23 (0x10), %1245
        con 32    %1266 = iand %1265, %17 (0x3f)
        div 32    %1267 = ushr %1260, %1266
        div 32    %1268 = ishr %1264, %1266
        con 32    %1269 = iadd %1266, %120 (0xffffffe0)
        con 32    %1270 = iabs %1269
        div 32    %1271 = ishl %1264, %1270
        div 32    %1272 = ior %1267, %1271
        div 32    %1273 = ishr %1264, %1270
        con 32    %1274 = uge32 %1266, %114 (0x20)
        div 32    %1275 = ishr %1264, %1016 (0x1f)
        div 32    %1276 = b32csel %1274, %1275, %1268
        div 32    %1277 = b32csel %1274, %1273, %1272
        con 32    %1278 = ieq32 %1266, %9 (0x0)
        div 32    %1279 = b32csel %1278, %1264, %1276
        div 32    %1280 = b32csel %1278, %1260, %1277
        div 32    %1281 = iadd %1260, %28 (0x1)
        div 32    %1282 = ult32 %1281, %1260
        div 32    %1283 = b2i32 %1282
        div 32    %1284 = iadd %1283, %1264
        div 32    %1285 = ineg %1284
        div 32    %1286 = ine32 %1281, %9 (0x0)
        div 32    %1287 = b2i32 %1286
        div 32    %1288 = ineg %1287
        div 32    %1289 = iadd %1285, %1288
        div 32    %1290 = ineg %1281
        div 32    %1291 = ushr %1290, %1266
        div 32    %1292 = ishr %1289, %1266
        div 32    %1293 = ishl %1289, %1270
        div 32    %1294 = ior %1291, %1293
        div 32    %1295 = ishr %1289, %1270
        div 32    %1296 = ishr %1289, %1016 (0x1f)
        div 32    %1297 = b32csel %1274, %1296, %1292
        div 32    %1298 = b32csel %1274, %1295, %1294
        div 32    %1299 = b32csel %1278, %1289, %1297
        div 32    %1300 = b32csel %1278, %1290, %1298
        div 32    %1301 = ineg %1299
        div 32    %1302 = iadd %1301, %1043 (0xffffffff)
        div 32    %1303 = ine32 %1300, %9 (0x0)
        div 32    %1304 = b2i32 %1303
        div 32    %1305 = ineg %1304
        div 32    %1306 = iadd %1302, %1305
        div 32    %1307 = ineg %1300
        div 32    %1308 = iadd %1043 (0xffffffff), %1307
        div 32    %1309 = ult32 %1308, %1043 (0xffffffff)
        div 32    %1310 = b2i32 %1309
        div 32    %1311 = iadd %1306, %1310
        div 32    %1312 = ige32 %1264, %9 (0x0)
        div 32    %1313 = b32csel %1312, %1279, %1311
        div 32    %1314 = b32csel %1312, %1280, %1308
        con 32    %1315 = iand %1244.x, %17 (0x3f)
        con 32    %1316 = uge32 %1315, %114 (0x20)
        con 32    %1317 = iadd %1315, %120 (0xffffffe0)
        con 32    %1318 = iabs %1317
        con 32    %1319 = ushr %28 (0x1), %1318
        con 32    %1320 = ishl %28 (0x1), %1318
        con 32    %1321 = b32csel %1316, %1320, %1319
        con 32    %1322 = ishl %28 (0x1), %1315
        con 32    %1323 = b32csel %1316, %9 (0x0), %1322
        con 32    %1324 = ieq32 %1315, %9 (0x0)
        con 32    %1325 = b32csel %1324, %28 (0x1), %1323
        con 32    %1326 = iadd %1321, %1043 (0xffffffff)
        con 32    %1327 = b32csel %1324, %1043 (0xffffffff), %1326
        con 32    %1328 = iadd %1325, %1043 (0xffffffff)
        con 32    %1329 = ult32 %1328, %1325
        con 32    %1330 = b2i32 %1329
        con 32    %1331 = iadd %1330, %1327
        div 32    %1332 = ieq32 %1331, %1313
        div 32    %1333 = ult32 %1328, %1314
        div 32    %1334 = iand %1332, %1333
        div 32    %1335 = ilt32 %1331, %1313
        div 32    %1336 = ior %1335, %1334
        div 32    %1337 = b32csel %1336, %1328, %1314
        div 32    %1338 = ilt32 %1313, %9 (0x0)
        div 32    %1339 = b32csel %1338, %9 (0x0), %1337
        div 32x4  %1340 = vec4 %1068, %1236, %1239, %1339
                          @store_ssbo (%1340, %9 (0x0), %29) (wrmask=xyzw, access=writeonly, align_mul=16, align_offset=0, offset_shift=0)
                          // succs: b27
    } else {
        div block b26:  // preds: b0, succs: b27
    }
    con block b27:  // preds: b25 b26, succs: b28
    block b28:
}

SIMD16 CS compile failed: Failure to register allocate.  Reduce number of live scalar values to avoid this.
SIMD16 shader failed to compile: SIMD16 CS compile failed: Failure to register allocate.  Reduce number of live scalar values to avoid this.

Native code for unnamed compute shader GLSL2 (src_hash 0x00000000cdb9fc45) (blake3 8cbd13a1868e72dae4ad444d532387bfc9d36a050a174012d019c122b1a93939)
SIMD8 shader: 1582 instructions. 3 loops. 20424 cycles. 42:14 spills:fills, 23 sends, scheduled with mode non-lifo. Promoted 2 constants. GRF registers: 128. Non-SSA regs (after NIR): 36. Compacted 27584 to 23152 bytes (16%)
(W)     shl (8)                   r104:d        r1<0>:d           0x00000003
(W)     mov (8)                   r122          r0.1<0>
        mov (8)                   r45:d         0:d
(W)     mov (8)                   r105:uw       0x76543210:v
(W)     shl (8)                   r107:d        r122<0>:d         0x00000006      {@3}
        send.hdc1 (8)             r110    r45    null    0x00000000  0x02206C02   {@3,$0}  // wr:1+0, rd:2; untyped_read:xy simd8 (8) bti(2)
(W)     mov (8)                   r105          r105:uw                           {@2}
(W)     sync.nop (1)                            null                              {@1}
        add (8)                   r106:d        r105:d            r104<0>:d       {Compacted}
        and (8)                   r108          r106              0x0000003f      {Compacted,@1}
(W)     sync.nop (1)                            null                              {@1}
        add (8)                   r109:d        r107<0>:d         r108:d          {Compacted}
        cmp (8)        (lt)f0.0   null          r109              r110            {@1,$0.dst}
(f0.0)  if (8)                                jip:L14             uip:L14
        mov (8)                   r46:d         8:d
        shl (8)                   r113:d        r109:d            0x00000004
(W)     mov (8)                   r47           0x00000000
        mov (8)                   r48:d         136:d
(W)     sync.nop (1)                            null                              {$0.dst}
        send.hdc1 (8)             r111    r46    null    0x00000000  0x02206C02   {@4,$1}  // wr:1+0, rd:2; untyped_read:xy simd8 (8) bti(2)
        send.hdc1 (8)             r3      r113   null    0x00000000  0x02406001   {@3,$2}  // wr:1+0, rd:4; untyped_read:xyzw simd8 (8) bti(1)
(W)     mov (1)                   r47.2         88:d                              {@2}
        send.hdc1 (8)             r44     r48    null    0x00000000  0x02206C02   {@2,$3}  // wr:1+0, rd:2; untyped_read:xy simd8 (8) bti(2)
(W)     send.hdc0 (16)            r117    r47    null    0x00000000  0x02284302   {@1,$1}  // wr:1h+0, rd:2; oword_unaligned_block_read:owords4 (16) bti(2)
        cmp (8)        (lt)f0.0   null:d        r111:d            3:d             {$1.dst}
        add (8)                   r45:d         r44:d             -2:d            {Compacted,$3.dst}
(f0.0)  sel (8)                   r114          r5                r6              {$2.dst}
        cmp (8)        (lt)f0.0   null:d        r111:d            1:d
(f0.0)  sel (8)                   r115          r3                r4
        cmp (8)        (lt)f0.0   null:d        r111:d            2:d
(f0.0)  sel (8)                   r116          r115              r114            {@2}
(W)     cmp (8)        (eq)f0.1   r119:d        r117.1<0>:d       0:d             {$1.dst}
        cmp (8)        (lt)f0.1   r120          r3                r117<0>
(W)     cmp (8)        (gt)f0.1   r122:d        r117.1<0>:d       0:d
(W)     cmp (8)        (eq)f0.0   null:d        r117.3<0>:d       0:d
(W)     sync.nop (1)                            null                              {@3}
        and (8)                   r121          r119<0>           r120            {Compacted}
(f0.0)  cmp (8)        (lt)f0.0   null          r117.2<0>         r3
(W)     sync.nop (1)                            null                              {@2}
        or (8)                    r123          r122<0>           r121            {Compacted}
(W&~f0.0) cmp (8)      (lt)f0.0   null:d        r117.3<0>:d       0:d
(f0.0)  sel (8)                   r124          r117.3<0>         0x00000000
(f0.0)  sel (8)                   r125          r117.2<0>         r3
        cmp (8)        (ne)f0.0   null:d        r123:d            0:d             {@4}
        mov (8)                   r123          0x00000098
(f0.0)  sel (8)                   r126          r117.1<0>         r124            {@4}
(f0.0)  sel (8)                   r127          r117<0>           r125            {@4}
        mov (8)                   r124          0x00000000
(W)     cmp (8)        (eq)f0.1   r1:d          r117.5<0>:d       0:d
        cmp (8)        (lt)f0.1   r2            r4                r117.4<0>
(W)     cmp (8)        (gt)f0.1   r8:d          r117.5<0>:d       0:d
(W)     cmp (8)        (eq)f0.0   null:d        r117.7<0>:d       0:d
(W)     sync.nop (1)                            null                              {@3}
        and (8)                   r7            r1<0>             r2              {Compacted}
(f0.0)  cmp (8)        (lt)f0.0   null          r117.6<0>         r4
(W)     sync.nop (1)                            null                              {@2}
        or (8)                    r9            r8<0>             r7              {Compacted}
(W&~f0.0) cmp (8)      (lt)f0.0   null:d        r117.7<0>:d       0:d
(f0.0)  sel (8)                   r10           r117.7<0>         0x00000000
(f0.0)  sel (8)                   r11           r117.6<0>         r4
        cmp (8)        (ne)f0.0   null:d        r9:d              0:d             {@4}
(f0.0)  sel (8)                   r13           r117.5<0>         r10             {@3}
(f0.0)  sel (8)                   r14           r117.4<0>         r11             {@3}
(W)     cmp (8)        (eq)f0.1   r15:d         r118.1<0>:d       0:d
        cmp (8)        (lt)f0.1   r16           r5                r118<0>
(W)     cmp (8)        (gt)f0.1   r18:d         r118.1<0>:d       0:d
(W)     cmp (8)        (eq)f0.0   null:d        r118.3<0>:d       0:d
(W)     sync.nop (1)                            null                              {@3}
        and (8)                   r17           r15<0>            r16             {Compacted}
(f0.0)  cmp (8)        (lt)f0.0   null          r118.2<0>         r5
(W)     sync.nop (1)                            null                              {@2}
        or (8)                    r19           r18<0>            r17             {Compacted}
(W&~f0.0) cmp (8)      (lt)f0.0   null:d        r118.3<0>:d       0:d
(f0.0)  sel (8)                   r20           r118.3<0>         0x00000000
(f0.0)  sel (8)                   r21           r118.2<0>         r5
        cmp (8)        (ne)f0.0   null:d        r19:d             0:d             {@4}
(f0.0)  sel (8)                   r42           r118.1<0>         r20             {@3}
(f0.0)  sel (8)                   r43           r118<0>           r21             {@3}

L0:
(W)     sync.nop (1)                            null                              {$1.src}
(W)     sync.nop (1)                            null                              {@2}
        send.hdc1 (8)             r46     r123   null    0x00000000  0x02206C02   {@2,$4}  // wr:1+0, rd:2; untyped_read:xy simd8 (8) bti(2)
(W)     sync.nop (1)                            null                              {$3.src}
        cmp (8)        (eq)f0.1   r48:d         r47:d             0:d             {$4.dst}
        cmp (8)        (lt)f0.1   r49           r116              r46             {@7}
        cmp (8)        (gt)f0.1   r51:d         r47:d             0:d
        cmp (8)        (lt)f0.0   null:d        r124:d            r45:d           {@6}
        and (8)                   r50           r48               r49             {Compacted,@3}
        or (8)                    r52           r51               r50             {Compacted,@1}
(f0.0)  mov (8)        (eq)f0.0   null          r52:d                             {@1}
(~f0.0) if (8)                                jip:L1              uip:L1
        break (8)                             jip:L1              uip:L2

L1:
        endif (8)                             L2
        shl (8)                   r53:d         r124:d            0x00000003
        add (8)                   r124:d        r124:d            1:d             {Compacted}
(W)     sync.nop (1)                            null                              {$4.src}
        add (8)                   r123:d        r53:d             160:d           {Compacted,@2}

L2:
        while (8)                             L0
        mul (8)                   r98:d         r124:d            192:w           {Compacted,@6}
        mov (8)                   r49:d         32:d
        mul (8)                   r108:d        r124:d            24:w            {Compacted}
(W)     mov (1)                   r101:d        1:d
        add (8)                   r99:d         r98:d             280:d           {Compacted,@4}
(W)     mov (8)                   r11.1<2>:f    0x00000000:f
        send.hdc1 (8)             r106    r49    null    0x00000000  0x02206C02   {@5,$5}  // wr:1+0, rd:2; untyped_read:xy simd8 (8) bti(2)
        send.hdc1 (8)             r7      r99    null    0x00000000  0x02406002   {@2,$6}  // wr:1+0, rd:4; untyped_read:xyzw simd8 (8) bti(2)
(W)     mov (8)                   r11<2>:f      0x00000000:f                      {@1}
        or (8)         (eq)f0.0   null          r7                r8              {$6.dst}
(f0.0)  if (8)                                jip:L5              uip:L8
        cmp (8)        (lt)f0.0   null:d        r111:d            2:d
        mov (8)                   r44           0x00000000
(f0.0)  sel (8)                   r109          r13               r42
(f0.0)  sel (8)                   r110          r14               r43
(W)     mov (8)                   r102.1<2>:f   0x00000000:f
(W)     sync.nop (1)                            null                              {@7}
        mov (8)                   r1.1<2>       r11.1<2>
        cmp (8)        (lt)f0.0   null:d        r111:d            1:d
(W)     mov (8)                   r102<2>:f     0x00000001:f                      {@3}
        mov (8)                   r1<2>         r11<2>                            {@3}
(f0.0)  sel (8)                   r111          r126              r109            {@7}
(f0.0)  sel (8)                   r112          r127              r110            {@7,$1.dst}

L3:
        cmp (8)        (lt)f0.0   null:d        r9:d              r44:d           {@2,$6.dst}
(f0.0)  break (8)                             jip:L4              uip:L4
        mul (8)                   r125:d        r106:d            r44<2>:uw       {$5.dst}
        mul (8)                   r69:d         r106:d            r44.1<2>:uw
        add (8)                   r114:d        r108:d            r44:d           {Compacted}
(W)     sync.nop (1)                            null                              {@6}
        mul (8)                   r38:d         r102.1<2>:d       r112<2>:uw
        mul (8)                   r74:d         r102.1<2>:d       r112.1<2>:uw
        mul (8)                   r39:d         r102<2>:d         r111<2>:uw      {@7}
        mul (8)                   r75:d         r102<2>:d         r111.1<2>:uw
        mul (8)                   r37:d         r102<2>:d         r112<2>:uw
        mul (8)                   r73:d         r102<2>:d         r112.1<2>:uw
        add (8)                   r44:d         r44:d             1:d             {Compacted}
        add (8)                   r125.1<2>:uw  r125.1<2>:uw      r69<2>:uw       {@7}
        shl (8)                   r115:d        r114:d            0x00000003      {@7}
        add (8)                   r38.1<2>:uw   r38.1<2>:uw       r74<2>:uw       {@7}
        add (8)                   r39.1<2>:uw   r39.1<2>:uw       r75<2>:uw       {@7}
        add (8)                   r37.1<2>:uw   r37.1<2>:uw       r73<2>:uw       {@6}
        add (8)                   r15:d         -r125:d           20:d            {Compacted,@5}
(W)     sync.nop (1)                            null                              {$7.src}
        add (8)                   r116:d        r115:d            304:d           {Compacted,@5}
        add (8)                   r40:d         r39:d             r38:d           {Compacted,@4}
        and (8)                   r16           r15               0x0000003f      {Compacted,@3}
        send.hdc1 (8)             r117    r116   null    0x00000000  0x02206C02   {@3,$7}  // wr:1+0, rd:2; untyped_read:xy simd8 (8) bti(2)
        add (8)                   r17:d         r16:d             -32:d           {Compacted,@1}
        cmp (8)        (ge)f0.0   null          r16               0x00000020
        shl (8)                   r22:d         r101<0>:d         r16
        mov (8)                   r18:d         (abs)r17:d                        {@3}
(~f0.0) sel (8)                   r23           r22               0x00000000      {@2}
        shr (8)                   r19           r101<0>           r18             {Compacted,@2}
        shl (8)                   r20:d         r101<0>:d         r18
(f0.0)  sel (8)                   r21           r20               r19             {@1}
        cmp (8)        (eq)f0.0   null:d        r16:d             0:d
(~f0.0) sel (8)                   r24           r21               0x00000000      {@2}
(~f0.0) sel (8)                   r25           r23               0x00000001      {@6}
        mul (8)                   r121:d        r118:d            r102<4>:uw      {$7.dst}
        mul (8)                   r67:d         r118:d            r102.1<4>:uw
        mul (8)                   r122:d        r117:d            r102.2<4>:uw
        mul (8)                   r68:d         r117:d            r102.3<4>:uw
        mul (8)                   acc0          r117              r102<4>:uw
        mul (8)                   r120:d        r117:d            r102<4>:uw
        mul (8)                   r66:d         r117:d            r102.1<4>:uw
        add (8)                   r121.1<2>:uw  r121.1<2>:uw      r67<2>:uw       {@6}
        add (8)                   r122.1<2>:uw  r122.1<2>:uw      r68<2>:uw       {@5}
        mach (8)                  r119          r117              r102<2>         {AccWrEn}
        add (8)                   r120.1<2>:uw  r120.1<2>:uw      r66<2>:uw       {@4}
(W)     sync.nop (1)                            null                              {$4.src}
        add (8)                   r123:d        r122:d            r121:d          {Compacted,@3}
        mul (8)                   r29:d         r120:d            r24<2>:uw       {@2}
        mul (8)                   r72:d         r120:d            r24.1<2>:uw
        mul (8)                   acc0          r120              r25<2>:uw
        mul (8)                   r27:d         r120:d            r25<2>:uw
        mul (8)                   r70:d         r120:d            r25.1<2>:uw
        add (8)                   r124:d        r119:d            r123:d          {Compacted,@6}
        add (8)                   r29.1<2>:uw   r29.1<2>:uw       r72<2>:uw       {@5}
        mach (8)                  r26           r120              r25             {AccWrEn,Compacted}
        add (8)                   r27.1<2>:uw   r27.1<2>:uw       r70<2>:uw       {@4}
        mul (8)                   r28:d         r124:d            r25<2>:uw       {@4}
        mul (8)                   r71:d         r124:d            r25.1<2>:uw
        mul (8)                   acc0          r102<2>           r112<2>:uw
        add (8)                   r32:d         r1<2>:d           r27:d           {@4}
        add (8)                   r28.1<2>:uw   r28.1<2>:uw       r71<2>:uw       {@3}
        mach (8)                  r36           r102<2>           r112            {AccWrEn}
        cmp (8)        (lt)f0.0   r34           r32               r1<2>           {@3}
        add (8)                   r30:d         r29:d             r28:d           {Compacted,@3}
        add (8)                   r41:d         r36:d             r40:d           {Compacted,@3}
        mov (8)                   r102<2>       r37
        add (8)                   r31:d         r26:d             r30:d           {Compacted,@3}
        mov (8)                   r102.1<2>     r41                               {@2}
        add (8)                   r33:d         r1.1<2>:d         r31:d           {@2}
        add (8)                   r35:d         -r34:d            r33:d           {Compacted,@1}
        mov (8)                   r1<2>         r32
        mov (8)                   r1.1<2>       r35                               {@1}

L4:
        while (8)                             L3
        else (8)                              jip:L8              uip:L8

L5:
        add (8)                   r44:d         -r106:d           20:d            {Compacted,@3,$5.dst}
        shl (8)                   r88:d         r106:d            0x00000001
(W)     sync.nop (1)                            null                              {@4}
        mul (8)                   r102:d        r127:d            r127<2>:uw
        mul (8)                   r85:d         r127:d            r127.1<2>:uw
        mul (8)                   r118:d        r14:d             r14<2>:uw
        mul (8)                   r20:d         r43:d             r43<2>:uw
        mul (8)                   r110:d        r43:d             r43.1<2>:uw
        mul (8)                   r115:d        r127:d            r14.1<2>:uw
        mul (8)                   r117:d        r126:d            r14.1<2>:uw
        mul (8)                   r120:d        r127:d            r13.1<2>:uw
        mul (8)                   r63:d         r127:d            r43<2>:uw
        mul (8)                   r125:d        r127:d            r43.1<2>:uw
        mul (8)                   r73:d         r14:d             r43<2>:uw
        mul (8)                   r25:d         r14:d             r43.1<2>:uw
        mul (8)                   r64:d         r126:d            r43<2>:uw
        mul (8)                   r65:d         r127:d            r42<2>:uw
        mul (8)                   r74:d         r13:d             r43<2>:uw
        mul (8)                   r75:d         r14:d             r42<2>:uw
        and (8)                   r45           r44               0x0000003f      {Compacted}
        add (8)                   r89:d         -r88:d            20:d            {Compacted}
        add (8)                   r102.1<2>:uw  r102.1<2>:uw      r85<2>:uw
        add (8)                   r20.1<2>:uw   r20.1<2>:uw       r110<2>:uw
        add (8)                   r63.1<2>:uw   r63.1<2>:uw       r125<2>:uw
        add (8)                   r73.1<2>:uw   r73.1<2>:uw       r25<2>:uw       {@7}
(W)     sync.nop (1)                            null                              {$1.src}
        add (8)                   r46:d         r45:d             -32:d           {Compacted,@6}
        cmp (8)        (ge)f0.0   null          r45               0x00000020
        shl (8)                   r51:d         r101<0>:d         r45
        and (8)                   r90           r89               0x0000003f      {Compacted,@7}
        mov (8)                   r47:d         (abs)r46:d                        {@4}
(~f0.0) sel (8)                   r52           r51               0x00000000      {@3}
        mul (8)                   r51:d         r126:d            r14<2>:uw
        add (8)                   r91:d         r90:d             -32:d           {Compacted,@4}
        shl (8)                   r96:d         r101<0>:d         r90
(W)     sync.nop (1)                            null                              {$3.src}
        shr (8)                   r48           r101<0>           r47             {Compacted,@5}
        shl (8)                   r49:d         r101<0>:d         r47
        add (8)                   r51.1<2>:uw   r51.1<2>:uw       r117<2>:uw      {@5}
        mov (8)                   r92:d         (abs)r91:d                        {@5}
(f0.0)  sel (8)                   r50           r49               r48             {@3}
        shr (8)                   r93           r101<0>           r92             {Compacted,@2}
        shl (8)                   r94:d         r101<0>:d         r92
        cmp (8)        (eq)f0.0   null:d        r45:d             0:d
(~f0.0) sel (8)                   r78           r50               0x00000000      {@4}
(~f0.0) sel (8)                   r79           r52               0x00000001
        mul (8)                   r50:d         r127:d            r14<2>:uw
        mul (8)                   r52:d         r127:d            r13<2>:uw
        mul (8)                   r125:d        r43:d             r78<2>:uw       {@4}
        mul (8)                   r107:d        r43:d             r78.1<2>:uw
        mul (8)                   acc0          r127              r79<2>:uw       {@5}
        mul (8)                   r106:d        r42:d             r79.1<2>:uw
        mul (8)                   r39:d         r43:d             r79<2>:uw
        mul (8)                   r104:d        r43:d             r79.1<2>:uw
        cmp (8)        (ge)f0.0   null          r90               0x00000020
        add (8)                   r50.1<2>:uw   r50.1<2>:uw       r115<2>:uw      {@7}
        add (8)                   r52.1<2>:uw   r52.1<2>:uw       r120<2>:uw      {@7}
        add (8)                   r125.1<2>:uw  r125.1<2>:uw      r107<2>:uw      {@7}
        mach (8)                  r80           r127              r79             {AccWrEn,Compacted}
        add (8)                   r39.1<2>:uw   r39.1<2>:uw       r104<2>:uw      {@6}
(f0.0)  sel (8)                   r95           r94               r93
(~f0.0) sel (8)                   r97           r96               0x00000000
        mul (8)                   r96:d         r14:d             r14.1<2>:uw
        add (8)                   r53:d         r52:d             r51:d           {Compacted,@7}
        mul (8)                   acc0          r127              r127<2>:uw
        cmp (8)        (eq)f0.0   null:d        r90:d             0:d
        add (8)                   r118.1<2>:uw  r118.1<2>:uw      r96<2>:uw       {@4}
        mach (8)                  r86           r127              r127            {AccWrEn,Compacted}
(~f0.0) sel (8)                   r100          r97               0x00000001      {@7}
(W)     sync.nop (1)                            null                              {$6.src}
(~f0.0) sel (8)                   r99           r95               0x00000000      {@7}
        mul (8)                   acc0          r102              r100<2>:uw      {@2}
        mul (8)                   r47:d         r50:d             r100<2>:uw
        mul (8)                   r121:d        r50:d             r100.1<2>:uw
        mul (8)                   r51:d         r63:d             r100<2>:uw
        mul (8)                   r57:d         r50:d             r99<2>:uw       {@5}
        mul (8)                   r124:d        r50:d             r99.1<2>:uw
        mul (8)                   r70:d         r63:d             r99<2>:uw
        mul (8)                   r24:d         r63:d             r99.1<2>:uw
        mach (8)                  r103          r102              r100            {AccWrEn,Compacted}
        add (8)                   r47.1<2>:uw   r47.1<2>:uw       r121<2>:uw      {@7}
        add (8)                   r57.1<2>:uw   r57.1<2>:uw       r124<2>:uw      {@5}
        mul (8)                   r124:d        r42:d             r79<2>:uw
        add (8)                   r70.1<2>:uw   r70.1<2>:uw       r24<2>:uw       {@5}
        mul (8)                   acc0          r14               r79<2>:uw
        mul (8)                   r87:d         r47:d             r39<2>:uw       {@5}
        mul (8)                   r31:d         r47:d             r39.1<2>:uw
        mul (8)                   r23:d         r47:d             r47<2>:uw
        mul (8)                   r36:d         r47:d             r47.1<2>:uw
        add (8)                   r124.1<2>:uw  r124.1<2>:uw      r106<2>:uw      {@7}
        mach (8)                  r109          r14               r79             {AccWrEn,Compacted}
        add (8)                   r87.1<2>:uw   r87.1<2>:uw       r31<2>:uw       {@5}
        add (8)                   r23.1<2>:uw   r23.1<2>:uw       r36<2>:uw       {@4}
        add (8)                   r15:d         r125:d            r124:d          {Compacted,@4}
        add (8)                   r125:d        r100:d            r100:d          {Compacted}
        mul (8)                   acc0          r14               r14<2>:uw
        add (8)                   r95:d         r87:d             1:d             {Compacted,@5}
        shr (8)                   r93           r87               0x00000014      {Compacted}
        add (8)                   r26:d         r23:d             1:d             {Compacted,@6}
        shr (8)                   r24           r23               0x00000014      {Compacted}
        mul (8)                   r34:d         r50:d             r125.1<2>:uw    {@6}
        mach (8)                  r116          r14               r14             {AccWrEn,Compacted,$7.src}
        cmp (8)        (lt)f0.1   r96           r95               r87             {@6}
        mov (8)                   r110:d        -r95:d
        asr (8)                   r104:d        -(abs)r95:d       31:w            {Compacted}
        mul (8)                   acc0          r118              r100<2>:uw
        shr (8)                   r111          r110              0x00000014      {Compacted,@3}
        mach (8)                  r119          r118              r100            {AccWrEn,Compacted}
        mul (8)                   acc0          r43               r79<2>:uw
        mach (8)                  r123          r43               r79             {AccWrEn,Compacted,$4.src}
        mul (8)                   acc0          r43               r43<2>:uw
        add (8)                   r41:d         r123:d            r15:d           {Compacted,@2}
        mul (8)                   r15:d         r50:d             r125<2>:uw
        mach (8)                  r18           r43               r43             {AccWrEn,Compacted}
        mul (8)                   r89:d         r47:d             r41<2>:uw       {@3}
        mul (8)                   r33:d         r47:d             r41.1<2>:uw
        add (8)                   r15.1<2>:uw   r15.1<2>:uw       r34<2>:uw       {@4}
        mul (8)                   acc0          r20               r100<2>:uw
        add (8)                   r89.1<2>:uw   r89.1<2>:uw       r33<2>:uw       {@3}
        mach (8)                  r21           r20               r100            {AccWrEn,Compacted}
        mul (8)                   acc0          r127              r14<2>:uw
        mach (8)                  r45           r127              r14             {AccWrEn,Compacted}
        mul (8)                   acc0          r50               r100<2>:uw
        add (8)                   r54:d         r45:d             r53:d           {Compacted,@2}
        mach (8)                  r55           r50               r100            {AccWrEn,Compacted}
        mul (8)                   r56:d         r54:d             r100<2>:uw      {@2}
        mul (8)                   r122:d        r54:d             r100.1<2>:uw
        mul (8)                   acc0          r127              r43<2>:uw
        add (8)                   r56.1<2>:uw   r56.1<2>:uw       r122<2>:uw      {@2}
        mach (8)                  r62           r127              r43             {AccWrEn,Compacted}
        add (8)                   r58:d         r57:d             r56:d           {Compacted,@2}
        mul (8)                   r56:d         r63:d             r125<2>:uw
        mul (8)                   acc0          r63               r100<2>:uw
        add (8)                   r49:d         r55:d             r58:d           {Compacted,@3}
        mach (8)                  r68           r63               r100            {AccWrEn,Compacted}
        mul (8)                   r88:d         r49:d             r39<2>:uw       {@2}
        mul (8)                   r32:d         r49:d             r39.1<2>:uw
        mul (8)                   r16:d         r49:d             r15<2>:uw
        mul (8)                   r35:d         r49:d             r15.1<2>:uw
        mul (8)                   r15:d         r126:d            r43.1<2>:uw
        mul (8)                   acc0          r14               r43<2>:uw
        add (8)                   r88.1<2>:uw   r88.1<2>:uw       r32<2>:uw       {@5}
        mov (8)                   r32:d         -r26:d
        add (8)                   r16.1<2>:uw   r16.1<2>:uw       r35<2>:uw       {@5}
        add (8)                   r64.1<2>:uw   r64.1<2>:uw       r15<2>:uw       {@5}
        mach (8)                  r72           r14               r43             {AccWrEn,Compacted}
        add (8)                   r90:d         r89:d             r88:d           {Compacted,@5}
        shr (8)                   r33           r32               0x00000014      {Compacted,@5}
        mul (8)                   acc0          r73               r100<2>:uw
        mach (8)                  r81           r73               r100            {AccWrEn,Compacted}
        mul (8)                   acc0          r47               r39<2>:uw
        mach (8)                  r85           r47               r39             {AccWrEn,Compacted}
        add (8)        (ge)f0.0   r91:d         r85:d             r90:d           {Compacted,@1}
        mul (8)                   acc0          r47               r47<2>:uw
        add (8)                   r97:d         -r96:d            r91:d           {Compacted,@2}
        shl (8)                   r92:d         r91:d             0x0000000c
        asr (8)                   r124:d        r91:d             0x00000014
        mach (8)                  r17           r47               r47             {AccWrEn,Compacted}
        add (8)                   r106:d        -r97:d            r104:d          {Compacted,@4}
        or (8)                    r94           r93               r92             {Compacted,@4}
        add (8)                   r19:d         r17:d             r16:d           {Compacted,@3}
        mul (8)                   r17:d         r63:d             r100.1<2>:uw
        mul (8)                   r16:d         r127:d            r42.1<2>:uw
        shl (8)                   r107:d        r106:d            0x0000000c      {@5}
        asr (8)                   r114:d        r106:d            0x00000014
        asr (8)                   r55:d         r19:d             0x00000014      {@5}
        add (8)                   r51.1<2>:uw   r51.1<2>:uw       r17<2>:uw       {@5}
        add (8)                   r65.1<2>:uw   r65.1<2>:uw       r16<2>:uw       {@5}
        or (8)                    r112          r111              r107            {Compacted,@5,$1.dst}
        mul (8)                   r107:d        r73:d             r125<2>:uw
        add (8)                   r115:d        -r114:d           -1:d            {Compacted,@6}
        mul (8)                   acc0          r51               r51<2>:uw       {@5}
        add (8)                   r66:d         r65:d             r64:d           {Compacted,@5}
        asr (8)                   r117:d        -(abs)r112:d      31:w            {Compacted,@5}
        add (8)                   r121:d        -r112:d           -1:d            {Compacted}
        add (8)                   r67:d         r62:d             r66:d           {Compacted,@3}
        mach (8)                  r62           r51               r51             {AccWrEn,Compacted}
        add (8)                   r120:d        r115:d            r117:d          {Compacted,@4}
        cmp (8)        (lt)f0.1   r122          r121              0xffffffff      {@4}
        mul (8)                   r69:d         r67:d             r100<2>:uw      {@4}
        mul (8)                   r22:d         r67:d             r100.1<2>:uw
        add (8)                   r123:d        r120:d            -r122:d         {Compacted,@3}
(f0.0)  sel (8)                   r59           r94               r121
        add (8)                   r69.1<2>:uw   r69.1<2>:uw       r22<2>:uw       {@3}
        shl (8)                   r22:d         r19:d             0x0000000c
(f0.0)  sel (8)                   r61           r124              r123            {@4}
        add (8)                   r71:d         r70:d             r69:d           {Compacted,@3}
        mul (8)                   r69:d         r51:d             r51<2>:uw
        or (8)                    r25           r24               r22             {Compacted,@4}
        cmp (8)        (lt)f0.1   r27           r26               r23
        asr (8)                   r29:d         -(abs)r26:d       31:w            {Compacted}
        mul (8)                   r26:d         r13:d             r43.1<2>:uw
        add (8)                   r53:d         r68:d             r71:d           {Compacted,@6}
        add (8)                   r28:d         -r27:d            r19:d           {Compacted,@4}
        mul (8)                   r27:d         r14:d             r42.1<2>:uw
        add (8)                   r74.1<2>:uw   r74.1<2>:uw       r26<2>:uw       {@4}
        add (8)                   r30:d         -r28:d            r29:d           {Compacted,@3}
        mul (8)                   r28:d         r73:d             r100.1<2>:uw
        add (8)                   r75.1<2>:uw   r75.1<2>:uw       r27<2>:uw       {@4}
        shl (8)                   r31:d         r30:d             0x0000000c      {@3}
        asr (8)                   r35:d         r30:d             0x00000014
        mul (8)                   r30:d         r73:d             r99.1<2>:uw
        add (8)                   r76:d         r75:d             r74:d           {Compacted,@4}
        or (8)                    r34           r33               r31             {Compacted,@4}
        add (8)                   r36:d         -r35:d            -1:d            {Compacted,@4}
        mul (8)                   r35:d         r59:d             r59<2>:uw
        add (8)                   r77:d         r72:d             r76:d           {Compacted,@4}
        asr (8)                   r37:d         -(abs)r34:d       31:w            {Compacted,@4}
        add (8)                   r45:d         -r34:d            -1:d            {Compacted}
        mul (8)                   r29:d         r77:d             r100.1<2>:uw    {@3}
        add (8)                   r44:d         r36:d             r37:d           {Compacted,@3}
        mul (8)                   r37:d         r63:d             r125.1<2>:uw
        cmp (8)        (lt)f0.1   r52           r45               0xffffffff      {@4}
        cmp (8)        (ge)f0.0   null:d        r19:d             0:d
        add (8)                   r56.1<2>:uw   r56.1<2>:uw       r37<2>:uw       {@3}
        add (8)                   r54:d         r44:d             -r52:d          {Compacted,@3}
        mul (8)                   r52:d         r51:d             r51.1<2>:uw
(f0.0)  sel (8)                   r63           r25               r45
        mul (8)                   r44:d         r53:d             r56.1<2>:uw     {@4}
        mul (8)                   r57:d         r53:d             r56<2>:uw
(f0.0)  sel (8)                   r65           r55               r54             {@5}
        mul (8)                   r56:d         r73:d             r125.1<2>:uw
        add (8)                   r69.1<2>:uw   r69.1<2>:uw       r52<2>:uw       {@6}
        mul (8)                   r55:d         r73:d             r100<2>:uw
        add (8)                   r57.1<2>:uw   r57.1<2>:uw       r44<2>:uw       {@5}
        add (8)                   r107.1<2>:uw  r107.1<2>:uw      r56<2>:uw       {@4}
        add (8)                   r82:d         r69:d             1:d             {Compacted,@4}
        shr (8)                   r70           r69               0x00000014      {Compacted}
        add (8)                   r55.1<2>:uw   r55.1<2>:uw       r28<2>:uw       {@5}
        add (8)        (ge)f0.0   r66:d         r62:d             r57:d           {Compacted,@5}
        cmp (8)        (lt)f0.1   r83           r82               r69             {@4}
        mov (8)                   r89:d         -r82:d
        asr (8)                   r85:d         -(abs)r82:d       31:w            {Compacted}
        mul (8)                   r115:d        r55:d             r55<2>:uw       {@5}
        mul (8)                   r68:d         r55:d             r55.1<2>:uw
        mul (8)                   acc0          r55               r55<2>:uw
        mul (8)                   r82:d         r77:d             r100<2>:uw
        shl (8)                   r67:d         r66:d             0x0000000c      {@7}
        asr (8)                   r106:d        r66:d             0x00000014
        mul (8)                   r77:d         r126:d            r79.1<2>:uw
        add (8)                   r84:d         -r83:d            r66:d           {Compacted,@7}
        shr (8)                   r90           r89               0x00000014      {Compacted,@7}
        mul (8)                   r83:d         r73:d             r99<2>:uw
        add (8)                   r115.1<2>:uw  r115.1<2>:uw      r68<2>:uw       {@7}
        mach (8)                  r111          r55               r55             {AccWrEn,Compacted}
        add (8)                   r82.1<2>:uw   r82.1<2>:uw       r29<2>:uw       {@7}
        or (8)                    r71           r70               r67             {Compacted,@7}
        add (8)                   r87:d         -r84:d            r85:d           {Compacted,@7}
        add (8)                   r83.1<2>:uw   r83.1<2>:uw       r30<2>:uw       {@6}
        add (8)                   r30:d         r59:d             r59:d           {Compacted}
        add (8)                   r121:d        r115:d            1:d             {Compacted,@7}
        shr (8)                   r117          r115              0x00000014      {Compacted}
        mul (8)                   acc0          r59               r59<2>:uw
        shl (8)                   r88:d         r87:d             0x0000000c      {@6}
        asr (8)                   r92:d         r87:d             0x00000014
        add (8)                   r84:d         r83:d             r82:d           {Compacted,@7}
        mul (8)                   r83:d         r127:d            r78.1<2>:uw
        mul (8)                   r82:d         r127:d            r78<2>:uw
        mul (8)                   r31:d         r61:d             r30<2>:uw       {@7}
        mul (8)                   r70:d         r61:d             r30.1<2>:uw
        mov (8)                   r16:d         -r121:d                           {@7}
        mach (8)                  r32           r59               r59             {AccWrEn,Compacted}
        or (8)                    r91           r90               r88             {Compacted,@7}
        add (8)                   r93:d         -r92:d            -1:d            {Compacted,@7}
        mul (8)                   r90:d         r102:d            r99.1<2>:uw
        mul (8)                   r88:d         r102:d            r100.1<2>:uw
        add (8)                   r57:d         r81:d             r84:d           {Compacted}
        add (8)                   r82.1<2>:uw   r82.1<2>:uw       r83<2>:uw       {@7}
        mul (8)                   r81:d         r126:d            r79<2>:uw
        add (8)                   r84:d         r127:d            r127:d          {Compacted}
        add (8)                   r31.1<2>:uw   r31.1<2>:uw       r70<2>:uw
        shr (8)                   r17           r16               0x00000014      {Compacted}
        asr (8)                   r94:d         -(abs)r91:d       31:w            {Compacted,@7}
        add (8)                   r96:d         -r91:d            -1:d            {Compacted}
        mul (8)                   r110:d        r57:d             r107<2>:uw      {@7}
        mul (8)                   r67:d         r57:d             r107.1<2>:uw
        add (8)                   r81.1<2>:uw   r81.1<2>:uw       r77<2>:uw       {@7}
        mul (8)                   r85:d         r126:d            r84<2>:uw       {@7}
        mul (8)                   r84:d         r126:d            r84.1<2>:uw
        add (8)                   r33:d         r32:d             r31:d           {Compacted,@7}
        mul (8)                   r31:d         r14:d             r79<2>:uw
        add (8)                   r95:d         r93:d             r94:d           {Compacted,@7}
        cmp (8)        (lt)f0.1   r97           r96               0xffffffff      {@7}
        add (8)                   r110.1<2>:uw  r110.1<2>:uw      r67<2>:uw       {@7}
        add (8)                   r83:d         r82:d             r81:d           {Compacted,@7}
        add (8)                   r85.1<2>:uw   r85.1<2>:uw       r84<2>:uw       {@7}
        asr (8)                   r94:d         r33:d             0x00000014      {@7}
        shl (8)                   r34:d         r33:d             0x0000000c
        add (8)                   r104:d        r95:d             -r97:d          {Compacted,@6}
(f0.0)  sel (8)                   r67           r71               r96
        mul (8)                   r71:d         r59:d             r59.1<2>:uw
        add (8)                   r112:d        r111:d            r110:d          {Compacted,@7}
        add (8)                   r87:d         r86:d             r85:d           {Compacted,@7}
(f0.0)  sel (8)                   r69           r106              r104            {@5}
        mul (8)                   r106:d        r102:d            r99<2>:uw
        add (8)                   r35.1<2>:uw   r35.1<2>:uw       r71<2>:uw       {@5}
        shl (8)                   r114:d        r112:d            0x0000000c      {@5}
        asr (8)                   r29:d         r112:d            0x00000014
        mul (8)                   r104:d        r87:d             r100<2>:uw      {@6}
        mul (8)                   r89:d         r87:d             r100.1<2>:uw
        cmp (8)        (lt)f0.1   r122          r121              r115
        asr (8)                   r124:d        -(abs)r121:d      31:w            {Compacted}
        add (8)                   r106.1<2>:uw  r106.1<2>:uw      r90<2>:uw       {@7}
        mul (8)                   r121:d        r118:d            r99<2>:uw
        add (8)                   r44:d         r35:d             1:d             {Compacted,@7}
        shr (8)                   r36           r35               0x00000014      {Compacted}
        or (8)                    r120          r117              r114            {Compacted,@7}
        add (8)                   r104.1<2>:uw  r104.1<2>:uw      r89<2>:uw       {@7}
        add (8)                   r114:d        r14:d             r14:d           {Compacted}
        add (8)                   r123:d        -r122:d           r112:d          {Compacted,@7}
        mov (8)                   r84:d         -r44:d                            {@6}
        or (8)                    r37           r36               r34             {Compacted,@6}
        add (8)                   r107:d        r106:d            r104:d          {Compacted,@5}
        mul (8)                   r115:d        r13:d             r114<2>:uw      {@5}
        mul (8)                   r95:d         r13:d             r114.1<2>:uw
        add (8)                   r125:d        -r123:d           r124:d          {Compacted,@6}
        shr (8)                   r85           r84               0x00000014      {Compacted,@6}
        add (8)                   r115.1<2>:uw  r115.1<2>:uw      r95<2>:uw       {@3}
        shl (8)                   r15:d         r125:d            0x0000000c      {@3}
        asr (8)                   r22:d         r125:d            0x00000014
        add (8)                   r117:d        r116:d            r115:d          {Compacted,@3}
        or (8)                    r19           r17               r15             {Compacted,@3}
        add (8)                   r23:d         -r22:d            -1:d            {Compacted,@3}
        shl (8)                   r22:d         r105:d            0x00000002
        asr (8)                   r24:d         -(abs)r19:d       31:w            {Compacted,@3}
        add (8)                   r26:d         -r19:d            -1:d            {Compacted}
        add (8)                   r30:d         r22:d             64:d            {Compacted,@3}
        add (8)                   r32:d         r22:d             96:d            {Compacted}
        add (8)                   r34:d         r22:d             512:d           {Compacted}
        add (8)                   r36:d         r22:d             544:d           {Compacted}
        add (8)                   r38:d         r22:d             128:d           {Compacted}
        add (8)                   r40:d         r22:d             160:d           {Compacted}
        add (8)                   r46:d         r22:d             192:d           {Compacted}
        add (8)                   r48:d         r22:d             224:d           {Compacted}
        add (8)                   r50:d         r22:d             256:d           {Compacted}
        add (8)                   r52:d         r22:d             288:d           {Compacted}
        add (8)                   r54:d         r22:d             320:d           {Compacted}
        add (8)                   r56:d         r22:d             352:d           {Compacted}
        add (8)                   r58:d         r22:d             384:d           {Compacted}
        add (8)                   r60:d         r22:d             416:d           {Compacted}
        add (8)                   r62:d         r22:d             640:d           {Compacted}
        add (8)                   r64:d         r22:d             672:d           {Compacted}
        add (8)                   r66:d         r22:d             704:d           {Compacted}
        add (8)                   r68:d         r22:d             736:d           {Compacted}
        add (8)                   r70:d         r22:d             768:d           {Compacted}
        add (8)                   r72:d         r22:d             800:d           {Compacted}
        add (8)                   r25:d         r23:d             r24:d           {Compacted}
        cmp (8)        (lt)f0.1   r27           r26               0xffffffff
        mul (8)                   r23:d         r127:d            r79<2>:uw
        add (8)                   r24:d         r22:d             32:d            {Compacted}
        cmp (8)        (ge)f0.0   null:d        r112:d            0:d
        add (8)                   r28:d         r25:d             -r27:d          {Compacted,@4}
        add (8)                   r25:d         r80:d             r83:d           {Compacted}
        mul (8)                   r27:d         r102:d            r100<2>:uw
(f0.0)  sel (8)                   r71           r120              r26
        mul (8)                   r120:d        r117:d            r100<2>:uw
        add (8)                   r26:d         r22:d             448:d           {Compacted}
(f0.0)  sel (8)                   r73           r29               r28             {@6}
        add (8)                   r29:d         r103:d            r107:d          {Compacted}
        add (8)                   r28:d         r22:d             480:d           {Compacted}
        add (8)                   r27.1<2>:uw   r27.1<2>:uw       r88<2>:uw       {@7}
        cmp (8)        (lt)f0.1   r45           r44               r35
        asr (8)                   r75:d         -(abs)r44:d       31:w            {Compacted}
        mul (8)                   r35:d         r118:d            r100<2>:uw
        mul (8)                   r97:d         r25:d             r27<2>:uw       {@4}
        add (8)                   r74:d         -r45:d            r33:d           {Compacted,@4}
        add (8)                   r76:d         -r74:d            r75:d           {Compacted,@1}
        mul (8)                   r75:d         r25:d             r27.1<2>:uw
        shl (8)                   r77:d         r76:d             0x0000000c      {@2}
        asr (8)                   r87:d         r76:d             0x00000014
        add (8)                   r97.1<2>:uw   r97.1<2>:uw       r75<2>:uw       {@3}
        mul (8)                   r76:d         r127:d            r79.1<2>:uw
        or (8)                    r86           r85               r77             {Compacted,@4}
        add (8)                   r88:d         -r87:d            -1:d            {Compacted,@4}
        add (8)                   r23.1<2>:uw   r23.1<2>:uw       r76<2>:uw       {@3}
        asr (8)                   r89:d         -(abs)r86:d       31:w            {Compacted,@3}
        add (8)                   r91:d         -r86:d            -1:d            {Compacted}
        mul (8)                   r102:d        r23:d             r29<2>:uw       {@3}
        mul (8)                   r76:d         r23:d             r29.1<2>:uw
        mul (8)                   r96:d         r23:d             r27<2>:uw
        mul (8)                   r74:d         r23:d             r27.1<2>:uw
        mul (8)                   acc0          r23               r27<2>:uw
        add (8)                   r90:d         r88:d             r89:d           {Compacted,@7}
        cmp (8)        (lt)f0.1   r92           r91               0xffffffff      {@7}
        cmp (8)        (ge)f0.0   null:d        r33:d             0:d
        add (8)                   r102.1<2>:uw  r102.1<2>:uw      r76<2>:uw       {@7}
        add (8)                   r76:d         r22:d             864:d           {Compacted}
        add (8)                   r96.1<2>:uw   r96.1<2>:uw       r74<2>:uw       {@7}
        add (8)                   r74:d         r22:d             832:d           {Compacted}
        mach (8)                  r95           r23               r27             {AccWrEn,Compacted}
        add (8)                   r93:d         r90:d             -r92:d          {Compacted,@7}
        mul (8)                   r92:d         r13:d             r79.1<2>:uw
(f0.0)  sel (8)                   r75           r37               r91
        mul (8)                   r91:d         r14:d             r79.1<2>:uw
        add (8)                   r103:d        r102:d            r97:d           {Compacted,@7}
        mul (8)                   r102:d        r117:d            r100.1<2>:uw
        mul (8)                   r97:d         r118:d            r100.1<2>:uw
        add (8)                   r110:d        r96:d             1:d             {Compacted,@7}
        shr (8)                   r106          r96               0x00000014      {Compacted}
(f0.0)  sel (8)                   r77           r94               r93             {@7}
        mul (8)                   r93:d         r14:d             r78.1<2>:uw
        add (8)                   r31.1<2>:uw   r31.1<2>:uw       r91<2>:uw       {@7}
        add (8)        (ge)f0.0   r104:d        r95:d             r103:d          {Compacted,@7}
        mul (8)                   r103:d        r118:d            r99.1<2>:uw
        add (8)                   r120.1<2>:uw  r120.1<2>:uw      r102<2>:uw      {@7}
        add (8)                   r35.1<2>:uw   r35.1<2>:uw       r97<2>:uw       {@7}
        mov (8)                   r123:d        -r110:d                           {@7}
        cmp (8)        (lt)f0.1   r111          r110              r96
        asr (8)                   r114:d        -(abs)r110:d      31:w            {Compacted}
        mul (8)                   r110:d        r13:d             r79<2>:uw
        shl (8)                   r105:d        r104:d            0x0000000c      {@7}
        asr (8)                   r45:d         r104:d            0x00000014
        add (8)                   r121.1<2>:uw  r121.1<2>:uw      r103<2>:uw      {@7}
        mul (8)                   r82:d         r31:d             r35<2>:uw       {@7}
        mul (8)                   acc0          r31               r35<2>:uw
        shr (8)                   r124          r123              0x00000014      {Compacted,@7}
        add (8)                   r112:d        -r111:d           r104:d          {Compacted,@7}
        mul (8)                   r111:d        r14:d             r78<2>:uw
        add (8)                   r110.1<2>:uw  r110.1<2>:uw      r92<2>:uw       {@7}
        mul (8)                   r78:d         r31:d             r35.1<2>:uw
        or (8)                    r107          r106              r105            {Compacted,@7}
        add (8)                   r122:d        r121:d            r120:d          {Compacted,@7}
        add (8)                   r115:d        -r112:d           r114:d          {Compacted,@6}
        mul (8)                   r114:d        r20:d             r99.1<2>:uw
        add (8)                   r111.1<2>:uw  r111.1<2>:uw      r93<2>:uw       {@7}
        add (8)                   r82.1<2>:uw   r82.1<2>:uw       r78<2>:uw       {@6}
        mach (8)                  r78           r31               r35             {AccWrEn,Compacted}
        add (8)                   r37:d         r119:d            r122:d          {Compacted,@6}
        shl (8)                   r116:d        r115:d            0x0000000c      {@6}
        asr (8)                   r126:d        r115:d            0x00000014
        add (8)                   r112:d        r111:d            r110:d          {Compacted,@6}
        mul (8)                   r111:d        r20:d             r100.1<2>:uw
        add (8)                   r90:d         r82:d             1:d             {Compacted,@7}
        shr (8)                   r88           r82               0x00000014      {Compacted}
        mul (8)                   r84:d         r31:d             r37<2>:uw       {@7}
        mul (8)                   r80:d         r31:d             r37.1<2>:uw
        or (8)                    r125          r124              r116            {Compacted,@7}
        add (8)                   r127:d        -r126:d           -1:d            {Compacted,@7}
        add (8)                   r33:d         r109:d            r112:d          {Compacted,@7}
        mov (8)                   r96:d         -r90:d                            {@7}
        add (8)                   r84.1<2>:uw   r84.1<2>:uw       r80<2>:uw       {@5}
        add (8)                   r80:d         r22:d             928:d           {Compacted}
        asr (8)                   r13:d         -(abs)r125:d      31:w            {Compacted,@6}
        add (8)                   r15:d         -r125:d           -1:d            {Compacted}
        mul (8)                   r83:d         r33:d             r35<2>:uw       {@6}
        mul (8)                   r79:d         r33:d             r35.1<2>:uw
        shr (8)                   r97           r96               0x00000014      {Compacted,@7}
(W)     mov (8)                   r96           0x00000000
(W)     and (1)                   r96.3         r0.3<0>           0x0000000f      {Compacted}
(W)     and (1)                   r96.5         r0.5<0>           0xfffffc00
        add (8)                   r14:d         r127:d            r13:d           {Compacted,@6}
        cmp (8)        (lt)f0.1   r16           r15               0xffffffff      {@6}
        add (8)                   r83.1<2>:uw   r83.1<2>:uw       r79<2>:uw       {@5}
        add (8)                   r44:d         r14:d             -r16:d          {Compacted,@2}
        add (8)                   r16:d         r43:d             r43:d           {Compacted}
(f0.0)  sel (8)                   r79           r107              r15
        mul (8)                   r43:d         r20:d             r99<2>:uw
        add (8)                   r85:d         r84:d             r83:d           {Compacted,@5}
(f0.0)  sel (8)                   r81           r45               r44             {@5}
        mul (8)                   r17:d         r42:d             r16<2>:uw       {@5}
        mul (8)                   r109:d        r42:d             r16.1<2>:uw
        add (8)                   r43.1<2>:uw   r43.1<2>:uw       r114<2>:uw      {@5}
        add (8)        (ge)f0.0   r86:d         r78:d             r85:d           {Compacted,@5}
        add (8)                   r78:d         r22:d             896:d           {Compacted}
        cmp (8)        (lt)f0.1   r91           r90               r82
        asr (8)                   r93:d         -(abs)r90:d       31:w            {Compacted}
        add (8)                   r82:d         r22:d             960:d           {Compacted}
        mul (8)                   r90:d         r47:d             r63<2>:uw
        add (8)                   r17.1<2>:uw   r17.1<2>:uw       r109<2>:uw      {@7}
        shl (8)                   r87:d         r86:d             0x0000000c      {@7}
        asr (8)                   r110:d        r86:d             0x00000014
        add (8)                   r92:d         -r91:d            r86:d           {Compacted,@7}
        mul (8)                   r91:d         r49:d             r63<2>:uw
        add (8)                   r19:d         r18:d             r17:d           {Compacted,@5}
        or (8)                    r89           r88               r87             {Compacted,@5}
        mul (8)                   r88:d         r47:d             r65.1<2>:uw
(W)     mov (8)                   r87           0x00000000
(W)     and (1)                   r87.3         r0.3<0>           0x0000000f      {Compacted}
(W)     and (1)                   r87.5         r0.5<0>           0xfffffc00
        add (8)                   r94:d         -r92:d            r93:d           {Compacted,@6}
        mul (8)                   r92:d         r47:d             r65<2>:uw
        mul (8)                   r42:d         r19:d             r100<2>:uw      {@6}
        mul (8)                   r112:d        r19:d             r100.1<2>:uw
        shl (8)                   r95:d         r94:d             0x0000000c      {@4}
        asr (8)                   r102:d        r94:d             0x00000014
        add (8)                   r92.1<2>:uw   r92.1<2>:uw       r88<2>:uw       {@5}
(W)     mov (8)                   r88           0x00000000
(W)     and (1)                   r88.3         r0.3<0>           0x0000000f      {Compacted}
(W)     and (1)                   r88.5         r0.5<0>           0xfffffc00
        add (8)                   r42.1<2>:uw   r42.1<2>:uw       r112<2>:uw      {@5}
        or (8)                    r99           r97               r95             {Compacted,@5}
(W)     mov (8)                   r97           0x00000000
(W)     and (1)                   r97.3         r0.3<0>           0x0000000f      {Compacted}
(W)     and (1)                   r97.5         r0.5<0>           0xfffffc00
(W)     mov (8)                   r95           0x00000000
(W)     and (1)                   r95.3         r0.3<0>           0x0000000f      {Compacted}
(W)     and (1)                   r95.5         r0.5<0>           0xfffffc00
        add (8)                   r103:d        -r102:d           -1:d            {Compacted,@7}
        add (8)                   r44:d         r43:d             r42:d           {Compacted,@5}
        mul (8)                   r43:d         r20:d             r100<2>:uw
        add (8)                   r42:d         r22:d             576:d           {Compacted}
        asr (8)                   r104:d        -(abs)r99:d       31:w            {Compacted,@7}
        add (8)                   r106:d        -r99:d            -1:d            {Compacted}
        add (8)                   r45:d         r21:d             r44:d           {Compacted,@5}
        add (8)                   r44:d         r22:d             608:d           {Compacted}
        add (8)                   r43.1<2>:uw   r43.1<2>:uw       r111<2>:uw      {@6}
        add (8)                   r105:d        r103:d            r104:d          {Compacted,@5}
        cmp (8)        (lt)f0.1   r107          r106              0xffffffff      {@5}
(W)     mov (8)                   r86           0x00000000
(W)     and (1)                   r86.3         r0.3<0>           0x0000000f      {Compacted}
(W)     and (1)                   r86.5         r0.5<0>           0xfffffc00
        mul (8)                   r115:d        r39:d             r45<2>:uw       {@6}
        mul (8)                   r85:d         r39:d             r45.1<2>:uw
        mul (8)                   r112:d        r39:d             r43<2>:uw       {@6}
        mul (8)                   r83:d         r39:d             r43.1<2>:uw
        mul (8)                   r114:d        r41:d             r43<2>:uw
        mul (8)                   r84:d         r41:d             r43.1<2>:uw
        mul (8)                   acc0          r39               r43<2>:uw
        add (8)                   r109:d        r105:d            -r107:d         {Compacted,@7}
(W)     sync.nop (1)                            null                              {@7}
        send.hdc0 (8)             null    r86    r22     0x00000080  0x020B08FD   {$8}  // wr:1h+2, rd:0; byte_scattered_write:d32 simd8 (8) bti(253)
        send.hdc0 (8)             null    r87    r24     0x00000080  0x020B08FD   {$9}  // wr:1h+2, rd:0; byte_scattered_write:d32 simd8 (8) bti(253)
        mul (8)                   r86:d         r47:d             r63.1<2>:uw     {$8.src}
        add (8)                   r115.1<2>:uw  r115.1<2>:uw      r85<2>:uw       {@7}
        send.hdc0 (8)             null    r88    r26     0x00000080  0x020B08FD   {$10}  // wr:1h+2, rd:0; byte_scattered_write:d32 simd8 (8) bti(253)
        mul (8)                   r87:d         r49:d             r63.1<2>:uw     {$9.src}
        add (8)                   r112.1<2>:uw  r112.1<2>:uw      r83<2>:uw       {@7}
        add (8)                   r88:d         r22:d             1056:d          {Compacted,$10.src}
        add (8)                   r114.1<2>:uw  r114.1<2>:uw      r84<2>:uw       {@7}
        mach (8)                  r111          r39               r43             {AccWrEn,Compacted}
(f0.0)  sel (8)                   r83           r89               r106
(f0.0)  sel (8)                   r85           r110              r109            {@7}
        add (8)                   r84:d         r22:d             992:d           {Compacted}
        add (8)                   r90.1<2>:uw   r90.1<2>:uw       r86<2>:uw       {@7}
(W)     mov (8)                   r89           0x00000000
(W)     and (1)                   r89.3         r0.3<0>           0x0000000f      {Compacted}
(W)     and (1)                   r89.5         r0.5<0>           0xfffffc00
        add (8)                   r91.1<2>:uw   r91.1<2>:uw       r87<2>:uw       {@7}
        add (8)                   r86:d         r22:d             1024:d          {Compacted}
        add (8)                   r121:d        r112:d            1:d             {Compacted}
        shr (8)                   r119          r112              0x00000014      {Compacted}
        add (8)                   r116:d        r115:d            r114:d          {Compacted}
        mul (8)                   acc0          r47               r63<2>:uw
        add (8)                   r99:d         r90:d             1:d             {Compacted,@7}
(W)     sync.nop (1)                            null                              {@7}
        send.hdc0 (8)             null    r89    r28     0x00000080  0x020B08FD   {$11}  // wr:1h+2, rd:0; byte_scattered_write:d32 simd8 (8) bti(253)
        add (8)                   r93:d         r92:d             r91:d           {Compacted,@7}
(W)     mov (8)                   r92           0x00000000
(W)     and (1)                   r92.3         r0.3<0>           0x0000000f      {Compacted}
(W)     and (1)                   r92.5         r0.5<0>           0xfffffc00
(W)     mov (8)                   r91           0x00000000
(W)     and (1)                   r91.3         r0.3<0>           0x0000000f      {Compacted}
(W)     and (1)                   r91.5         r0.5<0>           0xfffffc00
        cmp (8)        (lt)f0.1   r122          r121              r112            {@7}
        mov (8)                   r127:d        -r121:d
        asr (8)                   r124:d        -(abs)r121:d      31:w            {Compacted}
        add (8)        (ge)f0.0   r117:d        r111:d            r116:d          {Compacted,@7}
        mach (8)                  r25           r47               r63             {AccWrEn,Compacted}
        mul (8)                   r121:d        r53:d             r67<2>:uw
        mov (8)                   r106:d        -r99:d                            {@7}
(W)     sync.nop (1)                            null                              {@7}
        send.hdc0 (8)             null    r91    r30     0x00000080  0x020B08FD   {$12}  // wr:1h+2, rd:0; byte_scattered_write:d32 simd8 (8) bti(253)
(W)     sync.nop (1)                            null                              {@7}
        send.hdc0 (8)             null    r92    r32     0x00000080  0x020B08FD   {$13}  // wr:1h+2, rd:0; byte_scattered_write:d32 simd8 (8) bti(253)
        mul (8)                   r91:d         r53:d             r67.1<2>:uw     {$12.src}
        mul (8)                   r92:d         r51:d             r69.1<2>:uw     {$13.src}
        mul (8)                   r33:d         r55:d             r71<2>:uw
        shr (8)                   r13           r127              0x00000014      {Compacted,@7}
        add (8)                   r123:d        -r122:d           r117:d          {Compacted,@7}
        shl (8)                   r118:d        r117:d            0x0000000c
        asr (8)                   r24:d         r117:d            0x00000014
        add (8)                   r94:d         r25:d             r93:d           {Compacted,@7}
        mul (8)                   acc0          r51               r67<2>:uw
        mul (8)                   r122:d        r51:d             r69<2>:uw
        shr (8)                   r107          r106              0x00000014      {Compacted}
(W)     mov (8)                   r93           0x00000000
(W)     and (1)                   r93.3         r0.3<0>           0x0000000f      {Compacted}
(W)     and (1)                   r93.5         r0.5<0>           0xfffffc00
        add (8)                   r121.1<2>:uw  r121.1<2>:uw      r91<2>:uw
(W)     mov (8)                   r106          0x00000000
(W)     and (1)                   r106.3        r0.3<0>           0x0000000f      {Compacted}
(W)     and (1)                   r106.5        r0.5<0>           0xfffffc00
        add (8)                   r125:d        -r123:d           r124:d          {Compacted,@7}
        or (8)                    r120          r119              r118            {Compacted,@7}
        mach (8)                  r119          r51               r67             {AccWrEn,Compacted}
        asr (8)                   r118:d        r94:d             0x00000014      {@7}
        add (8)                   r122.1<2>:uw  r122.1<2>:uw      r92<2>:uw       {@7}
        add (8)                   r92:d         r22:d             1120:d          {Compacted}
(W)     sync.nop (1)                            null                              {@7}
        send.hdc0 (8)             null    r93    r34     0x00000080  0x020B08FD   {$14}  // wr:1h+2, rd:0; byte_scattered_write:d32 simd8 (8) bti(253)
        send.hdc0 (8)             null    r95    r36     0x00000080  0x020B08FD   {$15}  // wr:1h+2, rd:0; byte_scattered_write:d32 simd8 (8) bti(253)
        mul (8)                   r34:d         r57:d             r71<2>:uw       {$14.src}
        mul (8)                   r35:d         r55:d             r73<2>:uw
        send.hdc0 (8)             null    r96    r38     0x00000080  0x020B08FD   {$0}  // wr:1h+2, rd:0; byte_scattered_write:d32 simd8 (8) bti(253)
        shl (8)                   r95:d         r94:d             0x0000000c      {$15.src}
        shl (8)                   r126:d        r125:d            0x0000000c      {@7}
        asr (8)                   r15:d         r125:d            0x00000014
        mul (8)                   acc0          r55               r71<2>:uw
        send.hdc0 (8)             null    r97    r40     0x00000080  0x020B08FD   {$1}  // wr:1h+2, rd:0; byte_scattered_write:d32 simd8 (8) bti(253)
        shr (8)                   r96           r90               0x00000014      {Compacted,$0.src}
        add (8)                   r123:d        r122:d            r121:d          {Compacted,@7}
(W)     mov (8)                   r122          0x00000000
(W)     and (1)                   r122.3        r0.3<0>           0x0000000f      {Compacted}
(W)     and (1)                   r122.5        r0.5<0>           0xfffffc00
(W)     mov (8)                   r121          0x00000000
(W)     and (1)                   r121.3        r0.3<0>           0x0000000f      {Compacted}
(W)     and (1)                   r121.5        r0.5<0>           0xfffffc00
        or (8)                    r14           r13               r126            {Compacted,@7}
        add (8)                   r16:d         -r15:d            -1:d            {Compacted,@7}
        mach (8)                  r32           r55               r71             {AccWrEn,Compacted}
(W)     sync.nop (1)                            null                              {$1.src}
        or (8)                    r97           r96               r95             {Compacted,@7}
        mul (8)                   r96:d         r55:d             r73.1<2>:uw
        mul (8)                   r95:d         r57:d             r71.1<2>:uw
        add (8)                   r124:d        r119:d            r123:d          {Compacted,@7}
(W)     mov (8)                   r119          0x00000000
(W)     and (1)                   r119.3        r0.3<0>           0x0000000f      {Compacted}
(W)     and (1)                   r119.5        r0.5<0>           0xfffffc00
(W)     mov (8)                   r123          0x00000000
(W)     and (1)                   r123.3        r0.3<0>           0x0000000f      {Compacted}
(W)     and (1)                   r123.5        r0.5<0>           0xfffffc00
        asr (8)                   r17:d         -(abs)r14:d       31:w            {Compacted,@7}
        add (8)                   r19:d         -r14:d            -1:d            {Compacted}
        mul (8)                   acc0          r59               r75<2>:uw
        add (8)                   r35.1<2>:uw   r35.1<2>:uw       r96<2>:uw       {@7}
        add (8)                   r96:d         r22:d             1184:d          {Compacted}
        add (8)                   r34.1<2>:uw   r34.1<2>:uw       r95<2>:uw       {@7}
        shl (8)                   r125:d        r124:d            0x0000000c      {@7}
        asr (8)                   r31:d         r124:d            0x00000014
        add (8)                   r18:d         r16:d             r17:d           {Compacted,@7}
        cmp (8)        (lt)f0.1   r20           r19               0xffffffff      {@7}
        add (8)                   r36:d         r35:d             r34:d           {Compacted,@5}
        add (8)                   r21:d         r18:d             -r20:d          {Compacted,@2}
(f0.0)  sel (8)                   r87           r120              r19
        mul (8)                   r120:d        r51:d             r67<2>:uw
        add (8)                   r37:d         r32:d             r36:d           {Compacted,@4}
(W)     sync.nop (1)                            null                              {$11.src}
(f0.0)  sel (8)                   r89           r24               r21             {@4}
        shl (8)                   r38:d         r37:d             0x0000000c      {@2}
        cmp (8)        (lt)f0.1   r100          r99               r90
        asr (8)                   r103:d        -(abs)r99:d       31:w            {Compacted}
        mul (8)                   r90:d         r51:d             r67.1<2>:uw
(W)     mov (8)                   r99           0x00000000
(W)     and (1)                   r99.3         r0.3<0>           0x0000000f      {Compacted}
(W)     and (1)                   r99.5         r0.5<0>           0xfffffc00
        add (8)                   r102:d        -r100:d           r94:d           {Compacted,@4}
(W)     mov (8)                   r100          0x00000000
(W)     and (1)                   r100.3        r0.3<0>           0x0000000f      {Compacted}
(W)     and (1)                   r100.5        r0.5<0>           0xfffffc00
        add (8)                   r120.1<2>:uw  r120.1<2>:uw      r90<2>:uw       {@4}
        add (8)                   r90:d         r22:d             1088:d          {Compacted}
(W)     sync.nop (1)                            null                              {@5}
        send.hdc0 (8)             null    r99    r42     0x00000080  0x020B08FD   {$2}  // wr:1h+2, rd:0; byte_scattered_write:d32 simd8 (8) bti(253)
        mul (8)                   r99:d         r59:d             r75.1<2>:uw     {$2.src}
        add (8)                   r104:d        -r102:d           r103:d          {Compacted,@5}
(W)     mov (8)                   r102          0x00000000
(W)     and (1)                   r102.3        r0.3<0>           0x0000000f      {Compacted}
(W)     and (1)                   r102.5        r0.5<0>           0xfffffc00
(W)     mov (8)                   r103          0x00000000
(W)     and (1)                   r103.3        r0.3<0>           0x0000000f      {Compacted}
(W)     and (1)                   r103.5        r0.5<0>           0xfffffc00
(W)     sync.nop (1)                            null                              {@7}
        send.hdc0 (8)             null    r100   r44     0x00000080  0x020B08FD   {$3}  // wr:1h+2, rd:0; byte_scattered_write:d32 simd8 (8) bti(253)
        add (8)                   r13:d         r120:d            1:d             {Compacted,@6}
        shr (8)                   r126          r120              0x00000014      {Compacted}
        mul (8)                   r100:d        r61:d             r75.1<2>:uw     {$3.src}
        shl (8)                   r105:d        r104:d            0x0000000c      {@6}
        asr (8)                   r110:d        r104:d            0x00000014
(W)     sync.nop (1)                            null                              {@7}
        send.hdc0 (8)             null    r102   r46     0x00000080  0x020B08FD   {$4}  // wr:1h+2, rd:0; byte_scattered_write:d32 simd8 (8) bti(253)
(W)     mov (8)                   r104          0x00000000
(W)     and (1)                   r104.3        r0.3<0>           0x0000000f      {Compacted}
(W)     and (1)                   r104.5        r0.5<0>           0xfffffc00
(W)     sync.nop (1)                            null                              {@7}
        send.hdc0 (8)             null    r103   r48     0x00000080  0x020B08FD   {$5}  // wr:1h+2, rd:0; byte_scattered_write:d32 simd8 (8) bti(253)
        mul (8)                   r102:d        r59:d             r77.1<2>:uw     {$4.src}
        mov (8)                   r19:d         -r13:d                            {@7}
        or (8)                    r127          r126              r125            {Compacted,@7}
(W)     mov (8)                   r126          0x00000000
(W)     and (1)                   r126.3        r0.3<0>           0x0000000f      {Compacted}
(W)     and (1)                   r126.5        r0.5<0>           0xfffffc00
(W)     mov (8)                   r125          0x00000000
(W)     and (1)                   r125.3        r0.3<0>           0x0000000f      {Compacted}
(W)     and (1)                   r125.5        r0.5<0>           0xfffffc00
        or (8)                    r109          r107              r105            {Compacted,@7}
        add (8)                   r111:d        -r110:d           -1:d            {Compacted,@7}
(W)     mov (8)                   r107          0x00000000
(W)     and (1)                   r107.3        r0.3<0>           0x0000000f      {Compacted}
(W)     and (1)                   r107.5        r0.5<0>           0xfffffc00
(W)     mov (8)                   r105          0x00000000
(W)     and (1)                   r105.3        r0.3<0>           0x0000000f      {Compacted}
(W)     and (1)                   r105.5        r0.5<0>           0xfffffc00
(W)     sync.nop (1)                            null                              {@7}
        send.hdc0 (8)             null    r104   r50     0x00000080  0x020B08FD   {$6}  // wr:1h+2, rd:0; byte_scattered_write:d32 simd8 (8) bti(253)
(W)     mov (8)                   r110          0x00000000
(W)     and (1)                   r110.3        r0.3<0>           0x0000000f      {Compacted}
(W)     and (1)                   r110.5        r0.5<0>           0xfffffc00
        shr (8)                   r20           r19               0x00000014      {Compacted,@7}
        asr (8)                   r112:d        -(abs)r109:d      31:w            {Compacted,@6}
        add (8)                   r115:d        -r109:d           -1:d            {Compacted}
(W)     mov (8)                   r109          0x00000000
(W)     and (1)                   r109.3        r0.3<0>           0x0000000f      {Compacted}
(W)     and (1)                   r109.5        r0.5<0>           0xfffffc00
(W)     sync.nop (1)                            null                              {@6}
        send.hdc0 (8)             null    r105   r52     0x00000080  0x020B08FD   {$7}  // wr:1h+2, rd:0; byte_scattered_write:d32 simd8 (8) bti(253)
        send.hdc0 (8)             null    r106   r54     0x00000080  0x020B08FD   {$5}  // wr:1h+2, rd:0; byte_scattered_write:d32 simd8 (8) bti(253)
(W)     sync.nop (1)                            null                              {@7}
        send.hdc0 (8)             null    r107   r56     0x00000080  0x020B08FD   {$5}  // wr:1h+2, rd:0; byte_scattered_write:d32 simd8 (8) bti(253)
        asr (8)                   r57:d         r37:d             0x00000014      {$5.src}
        add (8)                   r114:d        r111:d            r112:d          {Compacted,@4}
(W)     mov (8)                   r111          0x00000000
(W)     and (1)                   r111.3        r0.3<0>           0x0000000f      {Compacted}
(W)     and (1)                   r111.5        r0.5<0>           0xfffffc00
(W)     mov (8)                   r112          0x00000000
(W)     and (1)                   r112.3        r0.3<0>           0x0000000f      {Compacted}
(W)     and (1)                   r112.5        r0.5<0>           0xfffffc00
        cmp (8)        (lt)f0.1   r116          r115              0xffffffff      {@6}
(W)     sync.nop (1)                            null                              {@6}
        send.hdc0 (8)             null    r109   r58     0x00000080  0x020B08FD   {$8}  // wr:1h+2, rd:0; byte_scattered_write:d32 simd8 (8) bti(253)
        cmp (8)        (ge)f0.0   null:d        r94:d             0:d
        send.hdc0 (8)             null    r110   r60     0x00000080  0x020B08FD   {$9}  // wr:1h+2, rd:0; byte_scattered_write:d32 simd8 (8) bti(253)
        mach (8)                  r58           r59               r75             {AccWrEn,Compacted,$8.src}
        mul (8)                   r94:d         r55:d             r71.1<2>:uw
(W)     sync.nop (1)                            null                              {@6}
        send.hdc0 (8)             null    r111   r62     0x00000080  0x020B08FD   {$10}  // wr:1h+2, rd:0; byte_scattered_write:d32 simd8 (8) bti(253)
(W)     sync.nop (1)                            null                              {@5}
        send.hdc0 (8)             null    r112   r64     0x00000080  0x020B08FD   {$11}  // wr:1h+2, rd:0; byte_scattered_write:d32 simd8 (8) bti(253)
        mul (8)                   r62:d         r59:d             r75<2>:uw       {$10.src}
        mul (8)                   r63:d         r61:d             r75<2>:uw       {$9.src}
        mul (8)                   r64:d         r59:d             r77<2>:uw       {$11.src}
        add (8)                   r117:d        r114:d            -r116:d         {Compacted,@7}
(f0.0)  sel (8)                   r91           r97               r115
(W)     mov (8)                   r114          0x00000000
(W)     and (1)                   r114.3        r0.3<0>           0x0000000f      {Compacted}
(W)     and (1)                   r114.5        r0.5<0>           0xfffffc00
(W)     mov (8)                   r116          0x00000000
(W)     and (1)                   r116.3        r0.3<0>           0x0000000f      {Compacted}
(W)     and (1)                   r116.5        r0.5<0>           0xfffffc00
(W)     mov (8)                   r115          0x00000000
(W)     and (1)                   r115.3        r0.3<0>           0x0000000f      {Compacted}
(W)     and (1)                   r115.5        r0.5<0>           0xfffffc00
        add (8)                   r33.1<2>:uw   r33.1<2>:uw       r94<2>:uw       {@7}
        add (8)                   r62.1<2>:uw   r62.1<2>:uw       r99<2>:uw       {@7}
        add (8)                   r94:d         r22:d             1152:d          {Compacted}
        add (8)                   r63.1<2>:uw   r63.1<2>:uw       r100<2>:uw      {@7}
        add (8)                   r64.1<2>:uw   r64.1<2>:uw       r102<2>:uw      {@7}
(f0.0)  sel (8)                   r93           r118              r117            {@7}
(W)     sync.nop (1)                            null                              {@7}
        send.hdc0 (8)             null    r114   r66     0x00000080  0x020B08FD   {$12}  // wr:1h+2, rd:0; byte_scattered_write:d32 simd8 (8) bti(253)
(W)     mov (8)                   r118          0x00000000
(W)     and (1)                   r118.3        r0.3<0>           0x0000000f      {Compacted}
(W)     and (1)                   r118.5        r0.5<0>           0xfffffc00
(W)     mov (8)                   r117          0x00000000
(W)     and (1)                   r117.3        r0.3<0>           0x0000000f      {Compacted}
(W)     and (1)                   r117.5        r0.5<0>           0xfffffc00
(W)     sync.nop (1)                            null                              {@7}
        send.hdc0 (8)             null    r115   r68     0x00000080  0x020B08FD   {$13}  // wr:1h+2, rd:0; byte_scattered_write:d32 simd8 (8) bti(253)
        add (8)                   r41:d         r33:d             1:d             {Compacted,@7}
        shr (8)                   r39           r33               0x00000014      {Compacted}
        send.hdc0 (8)             null    r116   r70     0x00000080  0x020B08FD   {$7}  // wr:1h+2, rd:0; byte_scattered_write:d32 simd8 (8) bti(253)
(W)     sync.nop (1)                            null                              {$13.src}
        shr (8)                   r68           r62               0x00000014      {Compacted,@7}
        add (8)                   r65:d         r64:d             r63:d           {Compacted,@7}
        add (8)                   r70:d         r62:d             1:d             {Compacted,$7.src}
        cmp (8)        (lt)f0.1   r14           r13               r120
(W)     sync.nop (1)                            null                              {@7}
        send.hdc0 (8)             null    r117   r72     0x00000080  0x020B08FD   {$14}  // wr:1h+2, rd:0; byte_scattered_write:d32 simd8 (8) bti(253)
        asr (8)                   r16:d         -(abs)r13:d       31:w            {Compacted}
(W)     mov (8)                   r120          0x00000000
(W)     and (1)                   r120.3        r0.3<0>           0x0000000f      {Compacted}
(W)     and (1)                   r120.5        r0.5<0>           0xfffffc00
(W)     sync.nop (1)                            null                              {@7}
        send.hdc0 (8)             null    r118   r74     0x00000080  0x020B08FD   {$15}  // wr:1h+2, rd:0; byte_scattered_write:d32 simd8 (8) bti(253)
        mov (8)                   r47:d         -r41:d                            {@7}
(W)     mov (8)                   r13           0x00000000
(W)     and (1)                   r13.3         r0.3<0>           0x0000000f      {Compacted}
(W)     and (1)                   r13.5         r0.5<0>           0xfffffc00
        or (8)                    r40           r39               r38             {Compacted,@7}
        send.hdc0 (8)             null    r119   r76     0x00000080  0x020B08FD   {$0}  // wr:1h+2, rd:0; byte_scattered_write:d32 simd8 (8) bti(253)
(W)     sync.nop (1)                            null                              {$12.src}
        add (8)                   r66:d         r58:d             r65:d           {Compacted,@7}
        add (8)                   r15:d         -r14:d            r124:d          {Compacted,@7}
(W)     sync.nop (1)                            null                              {$0.src}
        mov (8)                   r76:d         -r70:d                            {@7}
(W)     mov (8)                   r14           0x00000000
(W)     and (1)                   r14.3         r0.3<0>           0x0000000f      {Compacted}
(W)     and (1)                   r14.5         r0.5<0>           0xfffffc00
(W)     sync.nop (1)                            null                              {@7}
        send.hdc0 (8)             null    r120   r78     0x00000080  0x020B08FD   {$1}  // wr:1h+2, rd:0; byte_scattered_write:d32 simd8 (8) bti(253)
(W)     sync.nop (1)                            null                              {$5.src}
        shr (8)                   r48           r47               0x00000014      {Compacted,@7}
        send.hdc0 (8)             null    r121   r80     0x00000080  0x020B08FD   {$2}  // wr:1h+2, rd:0; byte_scattered_write:d32 simd8 (8) bti(253)
        send.hdc0 (8)             null    r122   r82     0x00000080  0x020B08FD   {$3}  // wr:1h+2, rd:0; byte_scattered_write:d32 simd8 (8) bti(253)
        send.hdc0 (8)             null    r123   r84     0x00000080  0x020B08FD   {$4}  // wr:1h+2, rd:0; byte_scattered_write:d32 simd8 (8) bti(253)
        shl (8)                   r67:d         r66:d             0x0000000c      {@5}
        add (8)                   r17:d         -r15:d            r16:d           {Compacted,@5}
        shr (8)                   r77           r76               0x00000014      {Compacted,@5}
(W)     mov (8)                   r15           0x00000000
(W)     and (1)                   r15.3         r0.3<0>           0x0000000f      {Compacted}
(W)     and (1)                   r15.5         r0.5<0>           0xfffffc00
(W)     mov (8)                   r16           0x00000000
(W)     and (1)                   r16.3         r0.3<0>           0x0000000f      {Compacted}
(W)     and (1)                   r16.5         r0.5<0>           0xfffffc00
        or (8)                    r69           r68               r67             {Compacted,@5}
        shl (8)                   r18:d         r17:d             0x0000000c      {@5}
        asr (8)                   r24:d         r17:d             0x00000014
(W)     mov (8)                   r17           0x00000000
(W)     and (1)                   r17.3         r0.3<0>           0x0000000f      {Compacted}
(W)     and (1)                   r17.5         r0.5<0>           0xfffffc00
        or (8)                    r21           r20               r18             {Compacted,@3}
(W)     mov (8)                   r18           0x00000000
(W)     and (1)                   r18.3         r0.3<0>           0x0000000f      {Compacted}
(W)     and (1)                   r18.5         r0.5<0>           0xfffffc00
        add (8)                   r25:d         -r24:d            -1:d            {Compacted,@4}
        asr (8)                   r26:d         -(abs)r21:d       31:w            {Compacted,@3}
        add (8)                   r28:d         -r21:d            -1:d            {Compacted}
        mov (8)                   r21           0x00000000
        add (8)                   r27:d         r25:d             r26:d           {Compacted,@3}
        cmp (8)        (lt)f0.1   r29           r28               0xffffffff      {@3}
        cmp (8)        (ge)f0.0   null:d        r124:d            0:d
(W)     mov (8)                   r124          0x00000000
(W)     and (1)                   r124.3        r0.3<0>           0x0000000f      {Compacted}
(W)     and (1)                   r124.5        r0.5<0>           0xfffffc00
        add (8)                   r30:d         r27:d             -r29:d          {Compacted,@3}
(f0.0)  sel (8)                   r95           r127              r28
(W)     mov (8)                   r127          0x00000000
(W)     and (1)                   r127.3        r0.3<0>           0x0000000f      {Compacted}
(W)     and (1)                   r127.5        r0.5<0>           0xfffffc00
(W)     sync.nop (1)                            null                              {@4}
        send.hdc0 (8)             null    r124   r86     0x00000080  0x020B08FD   {$4}  // wr:1h+2, rd:0; byte_scattered_write:d32 simd8 (8) bti(253)
        send.hdc0 (8)             null    r125   r88     0x00000080  0x020B08FD   {$5}  // wr:1h+2, rd:0; byte_scattered_write:d32 simd8 (8) bti(253)
        asr (8)                   r86:d         r66:d             0x00000014      {$4.src}
        add (8)                   r87:d         r98:d             296:d           {Compacted}
        send.hdc0 (8)             null    r126   r90     0x00000080  0x020B08FD   {$6}  // wr:1h+2, rd:0; byte_scattered_write:d32 simd8 (8) bti(253)
(f0.0)  sel (8)                   r97           r31               r30             {@5}
(W)     sync.nop (1)                            null                              {@4}
        send.hdc0 (8)             null    r127   r92     0x00000080  0x020B08FD   {$7}  // wr:1h+2, rd:0; byte_scattered_write:d32 simd8 (8) bti(253)
(W)     sync.nop (1)                            null                              {@5}
        send.hdc0 (8)             null    r13    r94     0x00000080  0x020B08FD   {$8}  // wr:1h+2, rd:0; byte_scattered_write:d32 simd8 (8) bti(253)
(W)     sync.nop (1)                            null                              {$5.src}
        send.hdc1 (8)             r88     r87    null    0x00000000  0x02206C02   {@2,$9}  // wr:1+0, rd:2; untyped_read:xy simd8 (8) bti(2)
(W)     sync.nop (1)                            null                              {@1}
        send.hdc0 (8)             null    r14    r96     0x00000080  0x020B08FD   {$10}  // wr:1h+2, rd:0; byte_scattered_write:d32 simd8 (8) bti(253)
        cmp (8)        (lt)f0.1   r42           r41               r33
        asr (8)                   r44:d         -(abs)r41:d       31:w            {Compacted}
        add (8)                   r43:d         -r42:d            r37:d           {Compacted,@2}
        add (8)                   r45:d         -r43:d            r44:d           {Compacted,@1}
        shl (8)                   r46:d         r45:d             0x0000000c      {@1}
        asr (8)                   r50:d         r45:d             0x00000014      {$6.src}
        or (8)                    r49           r48               r46             {Compacted,@2}
        add (8)                   r48:d         r22:d             1248:d          {Compacted}
        add (8)                   r46:d         r22:d             1216:d          {Compacted}
        add (8)                   r51:d         -r50:d            -1:d            {Compacted,@4}
(W)     sync.nop (1)                            null                              {$7.src}
        asr (8)                   r52:d         -(abs)r49:d       31:w            {Compacted,@4}
        add (8)                   r54:d         -r49:d            -1:d            {Compacted}
        add (8)                   r53:d         r51:d             r52:d           {Compacted,@2}
        cmp (8)        (lt)f0.1   r55           r54               0xffffffff      {@2}
        cmp (8)        (ge)f0.0   null:d        r37:d             0:d
        add (8)                   r56:d         r53:d             -r55:d          {Compacted,@2}
(f0.0)  sel (8)                   r47           r40               r54
(f0.0)  sel (8)                   r49           r57               r56             {@2}
(W)     sync.nop (1)                            null                              {@2}
        send.hdc0 (8)             null    r15    r46     0x00000080  0x020B08FD   {$1}  // wr:1h+2, rd:0; byte_scattered_write:d32 simd8 (8) bti(253)
(W)     sync.nop (1)                            null                              {@1}
        send.hdc0 (8)             null    r16    r48     0x00000080  0x020B08FD   {$3}  // wr:1h+2, rd:0; byte_scattered_write:d32 simd8 (8) bti(253)
        cmp (8)        (lt)f0.1   r71           r70               r62
        add (8)                   r49:d         r22:d             1280:d          {Compacted,$3.src}
        asr (8)                   r73:d         -(abs)r70:d       31:w            {Compacted,$14.src}
        add (8)                   r72:d         -r71:d            r66:d           {Compacted,@3}
(W)     sync.nop (1)                            null                              {$15.src}
        add (8)                   r74:d         -r72:d            r73:d           {Compacted,@1}
        shl (8)                   r75:d         r74:d             0x0000000c      {@1}
        asr (8)                   r79:d         r74:d             0x00000014      {$1.src}
        or (8)                    r78           r77               r75             {Compacted,@2}
(W)     sync.nop (1)                            null                              {$2.src}
        add (8)                   r80:d         -r79:d            -1:d            {Compacted,@2}
        asr (8)                   r81:d         -(abs)r78:d       31:w            {Compacted,@2}
        add (8)                   r83:d         -r78:d            -1:d            {Compacted,$3.src}
        add (8)                   r82:d         r80:d             r81:d           {Compacted,@2}
(W)     sync.nop (1)                            null                              {$4.src}
        cmp (8)        (lt)f0.1   r84           r83               0xffffffff      {@2}
        cmp (8)        (ge)f0.0   null:d        r66:d             0:d
        add (8)                   r85:d         r82:d             -r84:d          {Compacted,@2}
(f0.0)  sel (8)                   r50           r69               r83
(f0.0)  sel (8)                   r51           r86               r85             {@2}
(W)     sync.nop (1)                            null                              {@2}
        send.hdc0 (8)             null    r17    r49     0x00000080  0x020B08FD   {$5}  // wr:1h+2, rd:0; byte_scattered_write:d32 simd8 (8) bti(253)
        add (8)                   r50:d         r22:d             1312:d          {Compacted,$5.src}
(W)     sync.nop (1)                            null                              {$6.src}
        shr (8)                   r90           r88               0x0000000c      {Compacted,$9.dst}
        shl (8)                   r91:d         r89:d             0x00000014
        shl (8)                   r93:d         r88:d             0x00000014      {$7.src}
(W)     sync.nop (1)                            null                              {@4}
        send.hdc0 (8)             null    r18    r50     0x00000080  0x020B08FD   {$11}  // wr:1h+2, rd:0; byte_scattered_write:d32 simd8 (8) bti(253)
        or (8)                    r92           r91               r90             {Compacted,@2}
        mov (8)                   r1<2>         r93                               {@2}
        mov (8)                   r1.1<2>       r92                               {@1}

L6:
        cmp (8)        (ge)f0.0   null:d        r21:d             r9:d            {@2,$6.dst}
(f0.0)  break (8)                             jip:L7              uip:L7
        mul (8)                   r94:d         r21:d             7:w             {Compacted,$8.src}
        mul (8)                   r96:d         r21:d             448:w           {Compacted,$10.src}
(W)     mov (8)                   r19           0x00000000
(W)     and (1)                   r19.3         r0.3<0>           0x0000000f      {Compacted}
(W)     and (1)                   r19.5         r0.5<0>           0xfffffc00
(W)     mov (8)                   r20           0x00000000
(W)     and (1)                   r20.3         r0.3<0>           0x0000000f      {Compacted}
(W)     and (1)                   r20.5         r0.5<0>           0xfffffc00
(W)     mov (8)                   r24           0x00000000
(W)     and (1)                   r24.3         r0.3<0>           0x0000000f      {Compacted}
(W)     and (1)                   r24.5         r0.5<0>           0xfffffc00
(W)     mov (8)                   r25           0x00000000
(W)     and (1)                   r25.3         r0.3<0>           0x0000000f      {Compacted}
(W)     and (1)                   r25.5         r0.5<0>           0xfffffc00
(W)     mov (8)                   r26           0x00000000
(W)     and (1)                   r26.3         r0.3<0>           0x0000000f      {Compacted}
(W)     and (1)                   r26.5         r0.5<0>           0xfffffc00
(W)     mov (8)                   r27           0x00000000
(W)     and (1)                   r27.3         r0.3<0>           0x0000000f      {Compacted}
(W)     and (1)                   r27.5         r0.5<0>           0xfffffc00
        add (8)                   r21:d         r21:d             1:d             {Compacted}
        add (8)                   r95:d         r108:d            r94:d           {Compacted,@7}
        add (8)                   r98:d         r96:d             32:d            {Compacted,@7}
        add (8)                   r51:d         r96:d             r22:d           {Compacted,$11.src}
        add (8)                   r119:d        r96:d             64:d            {Compacted,$0.src}
        add (8)                   r121:d        r96:d             96:d            {Compacted,$2.src}
        add (8)                   r28:d         r96:d             128:d           {Compacted,$12.src}
        add (8)                   r30:d         r96:d             160:d           {Compacted,$13.src}
        add (8)                   r43:d         r96:d             192:d           {Compacted}
        add (8)                   r45:d         r96:d             224:d           {Compacted}
        add (8)                   r59:d         r96:d             288:d           {Compacted,$14.src}
        add (8)                   r72:d         r96:d             320:d           {Compacted}
        add (8)                   r74:d         r96:d             352:d           {Compacted}
        add (8)                   r86:d         r96:d             384:d           {Compacted}
        add (8)                   r88:d         r96:d             416:d           {Compacted}
        shl (8)                   r100:d        r95:d             0x00000003
        add (8)                   r52:d         r98:d             r22:d           {Compacted}
        send.hdc0 (8)             r97     r19    r51     0x00000040  0x021908FD   {$15}  // wr:1h+1, rd:1; byte_scattered_read:d32 simd8 (8) bti(253)
        add (8)                   r53:d         r119:d            r22:d           {Compacted}
        add (8)                   r54:d         r121:d            r22:d           {Compacted}
        add (8)                   r55:d         r28:d             r22:d           {Compacted}
        add (8)                   r56:d         r30:d             r22:d           {Compacted}
        add (8)                   r57:d         r43:d             r22:d           {Compacted}
        add (8)                   r58:d         r45:d             r22:d           {Compacted}
        add (8)                   r60:d         r59:d             r22:d           {Compacted,$9.src}
        add (8)                   r62:d         r74:d             r22:d           {Compacted}
(W)     mov (8)                   r28           0x00000000
(W)     and (1)                   r28.3         r0.3<0>           0x0000000f      {Compacted}
(W)     and (1)                   r28.5         r0.5<0>           0xfffffc00
(W)     mov (8)                   r30           0x00000000
(W)     and (1)                   r30.3         r0.3<0>           0x0000000f      {Compacted}
(W)     and (1)                   r30.5         r0.5<0>           0xfffffc00
        add (8)                   r102:d        r100:d            304:d           {Compacted}
        add (8)                   r32:d         r100:d            320:d           {Compacted,$0.src}
        add (8)                   r61:d         r100:d            336:d           {Compacted,$1.src}
        add (8)                   r90:d         r100:d            352:d           {Compacted,$2.src}
        send.hdc0 (8)             r99     r20    r52     0x00000040  0x021908FD   {$3}  // wr:1h+1, rd:1; byte_scattered_read:d32 simd8 (8) bti(253)
(W)     sync.nop (1)                            null                              {$1.src}
        send.hdc0 (8)             r120    r24    r53     0x00000040  0x021908FD   {$4}  // wr:1h+1, rd:1; byte_scattered_read:d32 simd8 (8) bti(253)
(W)     sync.nop (1)                            null                              {$3.src}
        send.hdc0 (8)             r122    r25    r54     0x00000040  0x021908FD   {$5}  // wr:1h+1, rd:1; byte_scattered_read:d32 simd8 (8) bti(253)
        send.hdc0 (8)             r29     r26    r55     0x00000040  0x021908FD   {$6}  // wr:1h+1, rd:1; byte_scattered_read:d32 simd8 (8) bti(253)
        send.hdc0 (8)             r31     r27    r56     0x00000040  0x021908FD   {$7}  // wr:1h+1, rd:1; byte_scattered_read:d32 simd8 (8) bti(253)
(W)     sync.nop (1)                            null                              {@6}
        send.hdc0 (8)             r44     r28    r57     0x00000040  0x021908FD   {$12}  // wr:1h+1, rd:1; byte_scattered_read:d32 simd8 (8) bti(253)
(W)     sync.nop (1)                            null                              {$1.src}
(W)     sync.nop (1)                            null                              {@5}
        send.hdc0 (8)             r46     r30    r58     0x00000040  0x021908FD   {$13}  // wr:1h+1, rd:1; byte_scattered_read:d32 simd8 (8) bti(253)
(W)     sync.nop (1)                            null                              {$5.src}
(W)     sync.nop (1)                            null                              {$6.src}
(W)     sync.nop (1)                            null                              {$7.src}
        send.hdc1 (8)             r103    r102   null    0x00000000  0x02406002   {@4,$8}  // wr:1+0, rd:4; untyped_read:xyzw simd8 (8) bti(2)
(W)     sync.nop (1)                            null                              {$3.src}
        send.hdc1 (8)             r13     r32    null    0x00000000  0x02406002   {@3,$9}  // wr:1+0, rd:4; untyped_read:xyzw simd8 (8) bti(2)
        add (8)                   r57:d         r96:d             256:d           {Compacted,$12.src}
        send.hdc1 (8)             r91     r90    null    0x00000000  0x02206C02   {@2,$2}  // wr:1+0, rd:2; untyped_read:xy simd8 (8) bti(2)
(W)     mov (8)                   r32           0x00000000                        {$9.src}
(W)     and (1)                   r32.3         r0.3<0>           0x0000000f      {Compacted}
(W)     and (1)                   r32.5         r0.5<0>           0xfffffc00
        add (8)                   r59:d         r57:d             r22:d           {Compacted,@2}
(W)     sync.nop (1)                            null                              {@2}
        send.hdc0 (8)             r60     r32    r60     0x00000040  0x021908FD   {$0}  // wr:1h+1, rd:1; byte_scattered_read:d32 simd8 (8) bti(253)
(W)     sync.nop (1)                            null                              {$15.dst}
        mul (8)                   r110:d        r104:d            r97<2>:uw       {$8.dst}
        mul (8)                   r109:d        r104:d            r97.1<2>:uw     {$8.src}
(W)     sync.nop (1)                            null                              {$10.src}
        mul (8)                   r111:d        r103:d            r99<2>:uw       {$3.dst}
        mul (8)                   r112:d        r103:d            r99.1<2>:uw     {$11.src}
        mul (8)                   acc0          r103              r97<2>:uw
        mul (8)                   r107:d        r103:d            r97.1<2>:uw
(W)     sync.nop (1)                            null                              {$6.src}
        mul (8)                   r126:d        r105:d            r122<2>:uw      {$5.dst}
        mul (8)                   r118:d        r105:d            r122.1<2>:uw    {$15.src}
(W)     sync.nop (1)                            null                              {$5.src}
        mul (8)                   r125:d        r106:d            r120<2>:uw      {$4.dst}
        mul (8)                   r117:d        r106:d            r120.1<2>:uw    {$14.src}
        mul (8)                   r124:d        r105:d            r120<2>:uw      {$4.src}
        mul (8)                   r116:d        r105:d            r120.1<2>:uw    {$7.src}
(W)     sync.nop (1)                            null                              {$6.dst}
(W)     sync.nop (1)                            null                              {$10.src}
        mul (8)                   r35:d         r14:d             r29<2>:uw       {$9.dst}
(W)     sync.nop (1)                            null                              {$11.src}
        mul (8)                   r36:d         r13:d             r31<2>:uw       {$7.dst}
        mul (8)                   r121:d        r13:d             r31.1<2>:uw
        mul (8)                   r34:d         r13:d             r29<2>:uw       {$12.src}
        mul (8)                   r119:d        r13:d             r29.1<2>:uw
        mul (8)                   r50:d         r15:d             r46<2>:uw       {$13.dst}
        mul (8)                   r49:d         r16:d             r44<2>:uw       {$12.dst}
        mul (8)                   r48:d         r15:d             r44<2>:uw
        mul (8)                   r122:d        r15:d             r44.1<2>:uw
        add (8)                   r110.1<2>:uw  r110.1<2>:uw      r109<2>:uw
        add (8)                   r111.1<2>:uw  r111.1<2>:uw      r112<2>:uw
(W)     mov (8)                   r31           0x00000000
(W)     and (1)                   r31.3         r0.3<0>           0x0000000f      {Compacted}
(W)     and (1)                   r31.5         r0.5<0>           0xfffffc00
        add (8)                   r126.1<2>:uw  r126.1<2>:uw      r118<2>:uw
        add (8)                   r125.1<2>:uw  r125.1<2>:uw      r117<2>:uw
        add (8)                   r124.1<2>:uw  r124.1<2>:uw      r116<2>:uw
        mul (8)                   r109:d        r103:d            r97<2>:uw
        add (8)                   r36.1<2>:uw   r36.1<2>:uw       r121<2>:uw
        add (8)                   r34.1<2>:uw   r34.1<2>:uw       r119<2>:uw
        add (8)                   r48.1<2>:uw   r48.1<2>:uw       r122<2>:uw      {@7}
        add (8)                   r112:d        r111:d            r110:d          {Compacted,@7}
(W)     sync.nop (1)                            null                              {@7}
        send.hdc0 (8)             r58     r31    r59     0x00000040  0x021908FD   {$14}  // wr:1h+1, rd:1; byte_scattered_read:d32 simd8 (8) bti(253)
(W)     sync.nop (1)                            null                              {$7.src}
        add (8)                   r127:d        r126:d            r125:d          {Compacted,@7}
        add (8)                   r109.1<2>:uw  r109.1<2>:uw      r107<2>:uw      {@6}
        mach (8)                  r107          r103              r97             {AccWrEn,Compacted}
(W)     sync.nop (1)                            null                              {$13.src}
        add (8)                   r115:d        r1<2>:d           r109:d          {@2}
(W)     sync.nop (1)                            null                              {$12.src}
        add (8)                   r114:d        r107:d            r112:d          {Compacted,@2}
        mul (8)                   acc0          r105              r120<2>:uw
        cmp (8)        (lt)f0.1   r117          r115              r1<2>           {@3}
        add (8)                   r24:d         r115:d            r124:d          {Compacted}
        add (8)                   r116:d        r1.1<2>:d         r114:d          {@4}
        mul (8)                   r124:d        r15:d             r46.1<2>:uw
        mach (8)                  r123          r105              r120            {AccWrEn,Compacted,$4.src}
        mul (8)                   r120:d        r14:d             r29.1<2>:uw
        cmp (8)        (lt)f0.1   r26           r24               r115            {@5}
        add (8)                   r39:d         r24:d             r34:d           {Compacted}
        add (8)                   r118:d        -r117:d           r116:d          {Compacted,@6}
(W)     mov (8)                   r34           0x00000000
(W)     and (1)                   r34.3         r0.3<0>           0x0000000f      {Compacted}
(W)     and (1)                   r34.5         r0.5<0>           0xfffffc00
        add (8)                   r50.1<2>:uw   r50.1<2>:uw       r124<2>:uw      {@7}
        add (8)                   r17:d         r123:d            r127:d          {Compacted,@7}
        mul (8)                   acc0          r13               r29<2>:uw
        add (8)                   r35.1<2>:uw   r35.1<2>:uw       r120<2>:uw      {@7}
        mul (8)                   r123:d        r16:d             r44.1<2>:uw
        cmp (8)        (lt)f0.1   r41           r39               r24             {@7}
        add (8)                   r53:d         r39:d             r48:d           {Compacted}
(W)     sync.nop (1)                            null                              {@7}
        send.hdc0 (8)             r75     r34    r62     0x00000040  0x021908FD   {$12}  // wr:1h+1, rd:1; byte_scattered_read:d32 simd8 (8) bti(253)
        add (8)                   r25:d         r118:d            r17:d           {Compacted,@6}
        send.hdc1 (8)             r17     r61    null    0x00000000  0x02406002   {@1,$13}  // wr:1+0, rd:4; untyped_read:xyzw simd8 (8) bti(2)
        mach (8)                  r33           r13               r29             {AccWrEn,Compacted}
        add (8)                   r61:d         r72:d             r22:d           {Compacted,$13.src}
        add (8)                   r37:d         r36:d             r35:d           {Compacted,@7}
        add (8)                   r49.1<2>:uw   r49.1<2>:uw       r123<2>:uw      {@7}
(W)     mov (8)                   r36           0x00000000
(W)     and (1)                   r36.3         r0.3<0>           0x0000000f      {Compacted}
(W)     and (1)                   r36.5         r0.5<0>           0xfffffc00
(W)     mov (8)                   r35           0x00000000
(W)     and (1)                   r35.3         r0.3<0>           0x0000000f      {Compacted}
(W)     and (1)                   r35.5         r0.5<0>           0xfffffc00
        cmp (8)        (lt)f0.1   r55           r53               r39             {@7}
        add (8)                   r27:d         -r26:d            r25:d           {Compacted,@7}
        mul (8)                   acc0          r15               r44<2>:uw
        add (8)                   r38:d         r33:d             r37:d           {Compacted,@7}
(W)     mov (8)                   r33           0x00000000
(W)     and (1)                   r33.3         r0.3<0>           0x0000000f      {Compacted}
(W)     and (1)                   r33.5         r0.5<0>           0xfffffc00
        add (8)                   r51:d         r50:d             r49:d           {Compacted,@7}
        mach (8)                  r47           r15               r44             {AccWrEn,Compacted}
        add (8)                   r40:d         r27:d             r38:d           {Compacted,@4}
(W)     sync.nop (1)                            null                              {@4}
        send.hdc0 (8)             r73     r33    r61     0x00000040  0x021908FD   {$1}  // wr:1h+1, rd:1; byte_scattered_read:d32 simd8 (8) bti(253)
        add (8)                   r52:d         r47:d             r51:d           {Compacted,@2}
        add (8)                   r42:d         -r41:d            r40:d           {Compacted,@2}
        add (8)                   r54:d         r42:d             r52:d           {Compacted,@1}
        add (8)                   r56:d         -r55:d            r54:d           {Compacted,@1}
(W)     sync.nop (1)                            null                              {$14.dst}
        mul (8)                   acc0          r17               r58<2>:uw       {$13.dst}
        mul (8)                   r15:d         r19:d             r75.1<2>:uw     {$12.dst}
        mul (8)                   r64:d         r18:d             r58<2>:uw
        mul (8)                   r126:d        r18:d             r58.1<2>:uw
        mul (8)                   r65:d         r17:d             r60<2>:uw       {$0.dst}
        mul (8)                   r127:d        r17:d             r60.1<2>:uw
        mul (8)                   r63:d         r17:d             r58<2>:uw
        mul (8)                   r125:d        r17:d             r58.1<2>:uw
        mul (8)                   r79:d         r19:d             r75<2>:uw
        mach (8)                  r62           r17               r58             {AccWrEn,Compacted}
        add (8)                   r64.1<2>:uw   r64.1<2>:uw       r126<2>:uw      {@7}
        add (8)                   r65.1<2>:uw   r65.1<2>:uw       r127<2>:uw      {@6}
        add (8)                   r63.1<2>:uw   r63.1<2>:uw       r125<2>:uw      {@5}
        add (8)                   r79.1<2>:uw   r79.1<2>:uw       r15<2>:uw       {@5}
        mul (8)                   acc0          r19               r73<2>:uw       {$1.dst}
        mul (8)                   r78:d         r20:d             r73<2>:uw
        mul (8)                   r14:d         r20:d             r73.1<2>:uw
        mul (8)                   r77:d         r19:d             r73<2>:uw
        mul (8)                   r13:d         r19:d             r73.1<2>:uw
        add (8)                   r66:d         r65:d             r64:d           {Compacted,@7}
        add (8)                   r68:d         r53:d             r63:d           {Compacted,@7}
        add (8)                   r65:d         r88:d             r22:d           {Compacted}
        add (8)                   r64:d         r86:d             r22:d           {Compacted}
        mach (8)                  r76           r19               r73             {AccWrEn,Compacted}
        add (8)                   r78.1<2>:uw   r78.1<2>:uw       r14<2>:uw       {@7}
        add (8)                   r77.1<2>:uw   r77.1<2>:uw       r13<2>:uw       {@7}
        add (8)                   r67:d         r62:d             r66:d           {Compacted,@7}
        cmp (8)        (lt)f0.1   r70           r68               r53             {@7}
(W)     sync.nop (1)                            null                              {@7}
        send.hdc0 (8)             r89     r36    r65     0x00000040  0x021908FD   {$11}  // wr:1h+1, rd:1; byte_scattered_read:d32 simd8 (8) bti(253)
(W)     sync.nop (1)                            null                              {$9.src}
(W)     sync.nop (1)                            null                              {@6}
        send.hdc0 (8)             r87     r35    r64     0x00000040  0x021908FD   {$10}  // wr:1h+1, rd:1; byte_scattered_read:d32 simd8 (8) bti(253)
        add (8)                   r80:d         r79:d             r78:d           {Compacted,@4}
        add (8)                   r82:d         r68:d             r77:d           {Compacted,@4}
        add (8)                   r69:d         r56:d             r67:d           {Compacted,@4}
        add (8)                   r81:d         r76:d             r80:d           {Compacted,@3}
        cmp (8)        (lt)f0.1   r84           r82               r68             {@3}
        add (8)                   r71:d         -r70:d            r69:d           {Compacted,@3}
        add (8)                   r83:d         r71:d             r81:d           {Compacted,@1}
        add (8)                   r85:d         -r84:d            r83:d           {Compacted,@1}
(W)     sync.nop (1)                            null                              {$11.dst}
        mul (8)                   r95:d         r91:d             r89<2>:uw       {$2.dst}
        mul (8)                   r18:d         r91:d             r89.1<2>:uw
        mul (8)                   r94:d         r92:d             r87<2>:uw       {$10.dst}
        mul (8)                   r17:d         r92:d             r87.1<2>:uw
        mul (8)                   acc0          r91               r87<2>:uw
        mul (8)                   r93:d         r91:d             r87<2>:uw
        mul (8)                   r16:d         r91:d             r87.1<2>:uw
        add (8)                   r95.1<2>:uw   r95.1<2>:uw       r18<2>:uw       {@6}
        add (8)                   r94.1<2>:uw   r94.1<2>:uw       r17<2>:uw       {@5}
        mach (8)                  r92           r91               r87             {AccWrEn,Compacted}
        add (8)                   r93.1<2>:uw   r93.1<2>:uw       r16<2>:uw       {@4}
        add (8)                   r96:d         r95:d             r94:d           {Compacted,@3}
        add (8)                   r98:d         r82:d             r93:d           {Compacted,@2}
        add (8)                   r97:d         r92:d             r96:d           {Compacted,@2}
        cmp (8)        (lt)f0.0   r100          r98               r82             {Compacted,@2}
        mov (8)                   r1<2>         r98
        add (8)                   r99:d         r85:d             r97:d           {Compacted,@3}
        add (8)                   r102:d        -r100:d           r99:d           {Compacted,@1}
        mov (8)                   r1.1<2>       r102                              {@1}

L7:
        while (8)                             L6

L8:
        endif (8)                             L14
        mov (8)                   r37:d         40:d
(W)     sync.nop (1)                            null                              {$7.src}
        asr (8)                   r116:d        r1.1<2>:d         0x0000001f      {@3}
        add (8)                   r122:d        r1<2>:d           1:d             {$3.src}
        mov (8)                   r38:d         16:d
(W)     sync.nop (1)                            null                              {$5.src}
(W)     sync.nop (1)                            null                              {$6.src}
(W)     sync.nop (1)                            null                              {@4}
        send.hdc1 (8)             r103    r37    null    0x00000000  0x02206C02   {$14}  // wr:1+0, rd:2; untyped_read:xy simd8 (8) bti(2)
(W)     sync.nop (1)                            null                              {$7.src}
        mov (8)                   r127:d        -r122:d                           {@2}
(W)     sync.nop (1)                            null                              {$10.src}
(W)     sync.nop (1)                            null                              {$11.src}
        send.hdc1 (8)             r35     r38    null    0x00000000  0x02206C02   {@2,$15}  // wr:1+0, rd:2; untyped_read:xy simd8 (8) bti(2)
(W)     sync.nop (1)                            null                              {$7.src}
        add (8)                   r105:d        r103:d            4:d             {Compacted,$14.dst}
        and (8)                   r106          r105              0x0000003f      {Compacted,@1,$5.dst}
(W)     sync.nop (1)                            null                              {$8.src}
        add (8)                   r109:d        r106:d            -32:d           {Compacted,@1}
        shr (8)                   r107          r1<2>             r106
        asr (8)                   r108:d        r1.1<2>:d         r106
        cmp (8)        (ge)f0.0   r115          r106              0x00000020      {Compacted,$13.src}
        shr (8)                   r7            r127              r106            {Compacted,@7}
(W)     sync.nop (1)                            null                              {$9.src}
        mov (8)                   r110:d        (abs)r109:d                       {@5}
(W)     sync.nop (1)                            null                              {$14.src}
(f0.0)  sel (8)                   r117          r116              r108            {@4}
(W)     sync.nop (1)                            null                              {$10.src}
        shl (8)                   r111:d        r1.1<2>:d         r110            {@2}
        asr (8)                   r114:d        r1.1<2>:d         r110            {$12.src}
(W)     sync.nop (1)                            null                              {$11.src}
        or (8)                    r112          r107              r111            {Compacted,@2}
(W)     sync.nop (1)                            null                              {$15.src}
(f0.0)  sel (8)                   r118          r114              r112            {@1}
        cmp (8)        (eq)f0.0   r119:d        r106:d            0:d             {Compacted,$0.src}
(W)     sync.nop (1)                            null                              {$1.src}
(f0.0)  sel (8)                   r120          r1.1<2>           r117            {@6}
(W)     sync.nop (1)                            null                              {$2.src}
(f0.0)  sel (8)                   r121          r1<2>             r118            {@3}
        cmp (8)        (lt)f0.1   r123          r122              r1<2>           {$4.src}
        asr (8)                   r125:d        -(abs)r122:d      31:w            {Compacted,$5.src}
        cmp (8)        (ne)f0.0   null:d        r115:d            0:d
(W)     sync.nop (1)                            null                              {$4.src}
        add (8)                   r124:d        -r123:d           r1.1<2>:d       {@3}
(W)     sync.nop (1)                            null                              {$6.src}
        add (8)                   r126:d        -r124:d           r125:d          {Compacted,@1}
        shl (8)                   r9:d          r126:d            r110            {@1,$6.dst}
        asr (8)                   r8:d          r126:d            r106
        asr (8)                   r13:d         r126:d            r110            {$8.src}
        asr (8)                   r14:d         r126:d            0x0000001f      {$10.src}
        or (8)                    r10           r7                r9              {Compacted,@4}
(W)     sync.nop (1)                            null                              {$1.src}
(f0.0)  sel (8)                   r15           r14               r8              {@2}
(W)     sync.nop (1)                            null                              {$3.src}
(f0.0)  sel (8)                   r16           r13               r10             {@2}
        cmp (8)        (ne)f0.0   null:d        r119:d            0:d
(f0.0)  sel (8)                   r17           r126              r15             {@3}
(W)     sync.nop (1)                            null                              {$11.src}
(f0.0)  sel (8)                   r18:d         -r122:d           r16:d           {@3}
        add (8)                   r19:d         -r17:d            -1:d            {Compacted,@2}
        asr (8)                   r20:d         -(abs)r18:d       31:w            {Compacted,@2}
        add (8)                   r22:d         -r18:d            -1:d            {Compacted}
        add (8)                   r21:d         r19:d             r20:d           {Compacted,@2}
(W)     sync.nop (1)                            null                              {$8.src}
        cmp (8)        (lt)f0.1   r23           r22               0xffffffff      {@2}
        cmp (8)        (ge)f0.0   null:d        r1.1<2>:d         0:d
        add (8)                   r24:d         r21:d             -r23:d          {Compacted,@2}
(f0.0)  sel (8)                   r26           r121              r22
(f0.0)  sel (8)                   r25           r120              r24             {@2}
        cmp (8)        (eq)f0.1   r27:d         r25:d             0:d             {@1}
(W)     sync.nop (1)                            null                              {$12.src}
        cmp (8)        (gt)f0.1   r28           r26               0x0000ffff      {@3}
        cmp (8)        (gt)f0.1   r30:d         r25:d             0:d             {$13.src}
        and (8)                   r29           r27               r28             {Compacted,@2}
(W)     sync.nop (1)                            null                              {$14.src}
        or (8)         (ne)f0.0   r31           r30               r29             {@1}
(~f0.0) sel (8)                   r32           r26               0x0000ffff      {$0.src}
        cmp (8)        (lt)f0.0   r33:d         r25:d             0:d             {Compacted,$1.src}
(~f0.0) mov (8)        (ne)f0.0   null          r31                               {@3}
(~f0.0) sel (8)                   r34           r25               0x00000000      {$12.src}
        cmp (8)        (ne)f0.0   null:d        r33:d             0:d             {@3}
(~f0.0) sel (8)                   r97           r32               0x00000000      {@5}
        cmp (8)        (eq)f0.0   null:d        r36:d             0:d             {$15.dst}
(f0.0)  cmp (8)        (eq)f0.0   null:d        r35:d             1:d
(f0.0)  if (8)                                jip:L12             uip:L13
        mov (8)                   r39:d         56:d
(W)     sync.nop (1)                            null                              {$14.src}
        send.hdc1 (8)             r36     r39    null    0x00000000  0x02206C02   {@1,$0}  // wr:1+0, rd:2; untyped_read:xy simd8 (8) bti(2)
(W)     sync.nop (1)                            null                              {$15.src}
        asr (8)                   r38:d         -(abs)r36:d       31:w            {Compacted,$0.dst}
        add (8)                   r40:d         r6:d              -r36:d          {Compacted}
        add (8)                   r39:d         -r37:d            r38:d           {Compacted,@2}
        cmp (8)        (lt)f0.1   r41           r40               r6              {@2}
        add (8)        (ne)f0.0   r42:d         -r41:d            r39:d           {@1}
(~f0.0) mov (8)        (ne)f0.0   null          r40
(f0.0)  if (8)                                jip:L9              uip:L10
        add (8)                   r124:d        r103:d            -5:d            {Compacted}
        mov (8)                   r41:d         48:d
        cmp (8)        (eq)f0.1   r43:d         r42:d             0:d             {@5}
        shl (8)                   r77:d         r40:d             0x00000001
        shr (8)                   r73           r40               0x0000001f      {Compacted}
        shl (8)                   r74:d         r42:d             0x00000001
        asr (8)                   r44:d         -(abs)r40:d       31:w            {Compacted}
        cmp (8)        (gt)f0.1   r46:d         r42:d             0:d             {$1.src}
(W)     sync.nop (1)                            null                              {$3.src}
        send.hdc1 (8)             r48     r41    null    0x00000000  0x02206C02   {@7,$5}  // wr:1+0, rd:2; untyped_read:xy simd8 (8) bti(2)
        or (8)                    r75           r74               r73             {Compacted,@3}
        and (8)                   r45           r43               r44             {Compacted,@3}
        mov (8)                   r43:d         80:d
(W)     mov (8)                   r44           0x00000000
        or (8)                    r47           r46               r45             {Compacted,@3}
(W)     sync.nop (1)                            null                              {$10.src}
(W)     sync.nop (1)                            null                              {$11.src}
        send.hdc1 (8)             r64     r43    null    0x00000000  0x02206C02   {@3,$1}  // wr:1+0, rd:2; untyped_read:xy simd8 (8) bti(2)
(W)     mov (1)                   r44.2         64:d                              {@2}
        add (8)                   r79:d         r75:d             r47:d           {Compacted,@2}
(W)     send.hdc0 (8)             r82     r44    null    0x00000000  0x02184002   {@2,$2}  // wr:1h+0, rd:1; oword_unaligned_block_read:owords1_low (8) bti(2)
(W)     sync.nop (1)                            null                              {$11.src}
        add (8)                   r50:d         -r48:d            10:d            {Compacted,$5.dst}
        add (8)                   r125:d        r124:d            -r48:d          {Compacted}
        and (8)                   r51           r50               0x0000003f      {Compacted,@2}
        and (8)                   r126          r125              0x0000003f      {Compacted,@2}
        add (8)                   r52:d         r51:d             -32:d           {Compacted,@2}
        cmp (8)        (ge)f0.0   null          r51               0x00000020
        shl (8)                   r57:d         r101<0>:d         r51
        add (8)                   r2:d          r126:d            -32:d           {Compacted,@4}
        mov (8)                   r53:d         (abs)r52:d                        {@4}
(~f0.0) sel (8)                   r58           r57               0x00000000      {@3}
        mov (8)                   r3:d          (abs)r2:d                         {@3}
        shr (8)                   r54           r101<0>           r53             {Compacted,@3}
        shl (8)                   r55:d         r101<0>:d         r53
(f0.0)  sel (8)                   r56           r55               r54             {@1}
        cmp (8)        (eq)f0.0   null:d        r51:d             0:d
(W)     sync.nop (1)                            null                              {$14.src}
(~f0.0) sel (8)                   r59           r56               0x00000000      {@2}
(W)     sync.nop (1)                            null                              {$9.src}
(~f0.0) sel (8)                   r60           r58               0x00000001      {@7}
        shl (8)                   r62:d         r59:d             0x00000001      {@2}
        shl (8)                   r66:d         r60:d             0x00000001      {@2}
        shr (8)                   r61           r60               0x0000001f      {Compacted,$1.src}
        cmp (8)        (ne)f0.0   null:d        r47:d             0:d
        mul (8)                   acc0          r66               r64<2>:uw       {@3,$1.dst}
        mul (8)                   r70:d         r66:d             r65<2>:uw
        mul (8)                   r21:d         r66:d             r65.1<2>:uw
        mul (8)                   r68:d         r66:d             r64<2>:uw
        mul (8)                   r19:d         r66:d             r64.1<2>:uw
        or (8)                    r63           r62               r61             {Compacted,@7}
(f0.0)  sel (8)                   r76:d         -r101<0>:d        1:d
(W)     mov (1)                   r101.1:d      2:d
        mach (8)                  r67           r66               r64             {AccWrEn,Compacted}
        add (8)                   r70.1<2>:uw   r70.1<2>:uw       r21<2>:uw       {@7}
        add (8)                   r68.1<2>:uw   r68.1<2>:uw       r19<2>:uw       {@6}
        mul (8)                   r69:d         r63:d             r64<2>:uw       {@6}
        mul (8)                   r20:d         r63:d             r64.1<2>:uw
        add (8)                   r78:d         r77:d             r76:d           {Compacted,@7}
        mov (8)                   r115:d        -r68:d                            {@4}
        add (8)                   r69.1<2>:uw   r69.1<2>:uw       r20<2>:uw       {@3}
        cmp (8)        (lt)f0.1   r80           r78               r77             {@3}
(W)     sync.nop (1)                            null                              {$2.dst}
        mul (8)                   acc0          r78               r82<0>:uw
        mul (8)                   r86:d         r78:d             r82.2<0>:uw
        mul (8)                   r24:d         r78:d             r82.3<0>:uw
        mul (8)                   r84:d         r78:d             r82<0>:uw
        mul (8)                   r22:d         r78:d             r82.1<0>:uw
        add (8)                   r71:d         r70:d             r69:d           {Compacted,@7}
        add (8)                   r81:d         -r80:d            r79:d           {Compacted,@7}
        mach (8)                  r83           r78               r82<0>          {AccWrEn,Compacted}
        add (8)                   r86.1<2>:uw   r86.1<2>:uw       r24<2>:uw       {@6}
        add (8)                   r84.1<2>:uw   r84.1<2>:uw       r22<2>:uw       {@5}
(f0.0)  sel (8)                   r89           r101.1<0>         0xfffffffe
(~f0.0) sel (8)                   r92           r82.2<0>          0x00000000
        add (8)                   r72:d         r67:d             r71:d           {Compacted,@7}
        mul (8)                   r85:d         r81:d             r82<0>:uw       {@7}
        mul (8)                   r23:d         r81:d             r82.1<0>:uw
        mul (8)                   r93:d         r89:d             r82.6<0>:uw     {@5}
        mul (8)                   r26:d         r89:d             r82.7<0>:uw
        mul (8)                   acc0          r89               r82.4<0>:uw
        mul (8)                   r91:d         r89:d             r82.4<0>:uw
        mul (8)                   r25:d         r89:d             r82.5<0>:uw
        add (8)                   r85.1<2>:uw   r85.1<2>:uw       r23<2>:uw       {@6}
        add (8)                   r93.1<2>:uw   r93.1<2>:uw       r26<2>:uw       {@5}
        mach (8)                  r90           r89               r82.2<0>        {AccWrEn,Compacted,$2.src}
        add (8)                   r91.1<2>:uw   r91.1<2>:uw       r25<2>:uw       {@4}
(W)     sync.nop (1)                            null                              {$9.src}
        add (8)                   r87:d         r86:d             r85:d           {Compacted,@4}
(W)     sync.nop (1)                            null                              {$8.src}
        add (8)                   r94:d         r93:d             -r92:d          {Compacted,@4}
(W)     sync.nop (1)                            null                              {$10.src}
        add (8)                   r96:d         r84:d             r91:d           {Compacted,@3}
        add (8)                   r88:d         r83:d             r87:d           {Compacted,@3}
        add (8)                   r95:d         r90:d             r94:d           {Compacted,@3}
        cmp (8)        (lt)f0.1   r103          r96               r84             {@3}
        mul (8)                   r108:d        r96:d             r59<2>:uw
        mul (8)                   r29:d         r96:d             r59.1<2>:uw
        mul (8)                   acc0          r96               r60<2>:uw
        mul (8)                   r106:d        r96:d             r60<2>:uw
        mul (8)                   r27:d         r96:d             r60.1<2>:uw
        asr (8)                   r111:d        -(abs)r68:d       31:w            {Compacted}
(W)     sync.nop (1)                            null                              {@7}
        add (8)                   r102:d        r88:d             r95:d           {Compacted}
        add (8)                   r108.1<2>:uw  r108.1<2>:uw      r29<2>:uw       {@6}
        mach (8)                  r105          r96               r60             {AccWrEn,Compacted}
        add (8)                   r106.1<2>:uw  r106.1<2>:uw      r27<2>:uw       {@5}
        add (8)                   r112:d        -r72:d            r111:d          {Compacted,@5}
        add (8)                   r104:d        -r103:d           r102:d          {Compacted,@5,$14.dst}
        mul (8)                   r107:d        r104:d            r60<2>:uw       {@1}
        mul (8)                   r28:d         r104:d            r60.1<2>:uw
        add (8)                   r107.1<2>:uw  r107.1<2>:uw      r28<2>:uw       {@1}
        add (8)                   r109:d        r108:d            r107:d          {Compacted,@1}
        add (8)                   r110:d        r105:d            r109:d          {Compacted,@1}
        cmp (8)        (eq)f0.1   r114:d        r110:d            r112:d          {@1}
        cmp (8)        (lt)f0.1   r116          r106              r115            {@7}
        cmp (8)        (lt)f0.1   r118:d        r110:d            r112:d
        cmp (8)        (eq)f0.0   null:d        r72:d             r110:d
        and (8)                   r117          r114              r116            {Compacted,@3}
(f0.0)  cmp (8)        (lt)f0.0   null          r68               r106
        or (8)                    r119          r118              r117            {Compacted,@2}
(~f0.0) cmp (8)        (lt)f0.0   null:d        r72:d             r110:d
(f0.0)  sel (8)                   r120          r72               r110
(f0.0)  sel (8)                   r121          r68               r106
        cmp (8)        (ne)f0.0   null:d        r119:d            0:d             {@4}
(f0.0)  sel (8)                   r122          r112              r120            {@3}
(f0.0)  sel (8)                   r123:d        -r68:d            r121:d          {@3}
        shl (8)                   r4:d          r122:d            r3              {@2}
        asr (8)                   r6:d          r122:d            r3
        asr (8)                   r1:d          r122:d            r126
        asr (8)                   r8:d          r122:d            0x0000001f
        shr (8)                   r127          r123              r126            {Compacted,@5}
        add (8)                   r16:d         r123:d            1:d             {Compacted}
        cmp (8)        (ge)f0.0   r7            r126              0x00000020      {Compacted}
        or (8)                    r5            r127              r4              {Compacted,@3}
        mov (8)                   r21:d         -r16:d                            {@3}
(f0.0)  sel (8)                   r9            r8                r1              {@6}
(f0.0)  sel (8)                   r10           r6                r5              {@3}
        shr (8)                   r22           r21               r126            {Compacted,@3}
        cmp (8)        (eq)f0.0   r13:d         r126:d            0:d             {Compacted}
(f0.0)  sel (8)                   r14           r122              r9              {@4}
(f0.0)  sel (8)                   r15           r123              r10             {@4}
        cmp (8)        (lt)f0.1   r17           r16               r123
        asr (8)                   r19:d         -(abs)r16:d       31:w            {Compacted}
        cmp (8)        (ne)f0.0   null:d        r7:d              0:d
        add (8)                   r18:d         -r17:d            r122:d          {Compacted,@3}
        add (8)                   r20:d         -r18:d            r19:d           {Compacted,@1}
        shl (8)                   r24:d         r20:d             r3              {@1}
        asr (8)                   r23:d         r20:d             r126
        asr (8)                   r26:d         r20:d             r3
        asr (8)                   r27:d         r20:d             0x0000001f
        or (8)                    r25           r22               r24             {Compacted,@4}
(f0.0)  sel (8)                   r28           r27               r23             {@2}
(f0.0)  sel (8)                   r29           r26               r25             {@2}
        cmp (8)        (ne)f0.0   null:d        r13:d             0:d
(f0.0)  sel (8)                   r30           r20               r28             {@3}
(f0.0)  sel (8)                   r31:d         -r16:d            r29:d           {@3}
        add (8)                   r32:d         -r30:d            -1:d            {Compacted,@2}
        asr (8)                   r33:d         -(abs)r31:d       31:w            {Compacted,@2}
        add (8)                   r36:d         -r31:d            -1:d            {Compacted}
        add (8)                   r35:d         r32:d             r33:d           {Compacted,@2}
        cmp (8)        (lt)f0.1   r37           r36               0xffffffff      {@2}
        cmp (8)        (ge)f0.0   null:d        r122:d            0:d
        add (8)                   r38:d         r35:d             -r37:d          {Compacted,@2}
(f0.0)  sel (8)                   r40           r15               r36
(f0.0)  sel (8)                   r39           r14               r38             {@2}
        mov (8)                   r103<2>       r40                               {@2}
        mov (8)                   r103.1<2>     r39                               {@1}
        else (8)                              jip:L10             uip:L10

L9:
(W)     sync.nop (1)                            null                              {@2}
        mov (8)                   r103.1<2>     r11.1<2>                          {$14.dst}
        mov (8)                   r103<2>       r11<2>                            {@1}

L10:
        endif (8)                             L11

L11:
        else (8)                              jip:L13             uip:L13

L12:
(W)     sync.nop (1)                            null                              {@3}
        mov (8)                   r103.1<2>     r11.1<2>                          {$14.dst}
        mov (8)                   r103<2>       r11<2>                            {@1}

L13:
        endif (8)                             L14
        mov (8)                   r45:d         24:d
(W)     sync.nop (1)                            null                              {$6.src}
        add (8)                   r99:d         r97:d             r103<2>:d       {@3}
        add (8)                   r41:d         r34:d             r103.1<2>:d     {$5.src}
        mov (8)                   r98           r103<2>
(W)     sync.nop (1)                            null                              {$2.src}
(W)     sync.nop (1)                            null                              {@4}
        send.hdc1 (8)             r44     r45    null    0x00000000  0x02206C02   {$0}  // wr:1+0, rd:2; untyped_read:xy simd8 (8) bti(2)
        cmp (8)        (lt)f0.1   r42           r99               r97             {@3}
(W)     sync.nop (1)                            null                              {$1.src}
        add (8)                   r43:d         -r42:d            r41:d           {Compacted,@1}
(W)     sync.nop (1)                            null                              {$1.src}
        add (8)                   r46:d         -r44:d            15:d            {Compacted,$0.dst}
        add (8)                   r61:d         -r44:d            16:d            {Compacted,$1.src}
        and (8)                   r106          r44               0x0000003f      {Compacted}
        and (8)                   r47           r46               0x0000003f      {Compacted,@3}
        and (8)                   r62           r61               0x0000003f      {Compacted,@3}
        add (8)                   r107:d        r106:d            -32:d           {Compacted,@3}
        shl (8)                   r112:d        r101<0>:d         r106
(W)     sync.nop (1)                            null                              {$3.src}
        add (8)                   r48:d         r47:d             -32:d           {Compacted,@4}
        cmp (8)        (ge)f0.0   null          r47               0x00000020
        shl (8)                   r53:d         r101<0>:d         r47
(W)     sync.nop (1)                            null                              {$11.src}
        add (8)                   r65:d         r62:d             -32:d           {Compacted,@6}
        mov (8)                   r108:d        (abs)r107:d                       {@6}
        mov (8)                   r49:d         (abs)r48:d                        {@5,$5.dst}
(~f0.0) sel (8)                   r54           r53               0x00000000      {@4}
        mov (8)                   r66:d         (abs)r65:d                        {@4}
        shr (8)                   r109          r101<0>           r108            {Compacted,@4}
        shl (8)                   r110:d        r101<0>:d         r108
(W)     sync.nop (1)                            null                              {$11.src}
        shr (8)                   r50           r101<0>           r49             {Compacted,@5}
        shl (8)                   r51:d         r101<0>:d         r49
(f0.0)  sel (8)                   r52           r51               r50             {@1}
        cmp (8)        (eq)f0.0   null:d        r47:d             0:d
(~f0.0) sel (8)                   r56           r54               0x00000001      {@7}
(~f0.0) sel (8)                   r55           r52               0x00000000      {@3}
        add (8)                   r57:d         r99:d             r56:d           {Compacted,@2}
        add (8)                   r58:d         r43:d             r55:d           {Compacted,@2}
(W)     sync.nop (1)                            null                              {$14.src}
        cmp (8)        (lt)f0.1   r59           r57               r99             {@2}
        shr (8)                   r63           r57               r62             {Compacted}
        add (8)                   r77:d         r57:d             1:d             {Compacted}
        cmp (8)        (ge)f0.0   r70           r62               0x00000020      {Compacted}
(W)     sync.nop (1)                            null                              {$9.src}
        add (8)                   r60:d         -r59:d            r58:d           {Compacted,@4}
        mov (8)                   r82:d         -r77:d                            {@3}
        shl (8)                   r67:d         r60:d             r66             {@2}
        asr (8)                   r69:d         r60:d             r66
        asr (8)                   r64:d         r60:d             r62             {$10.src}
        asr (8)                   r71:d         r60:d             0x0000001f
        shr (8)                   r83           r82               r62             {Compacted,@5}
        or (8)                    r68           r63               r67             {Compacted,@5}
(f0.0)  sel (8)                   r72           r71               r64             {@3}
(f0.0)  sel (8)                   r73           r69               r68             {@2}
        cmp (8)        (eq)f0.0   r74:d         r62:d             0:d             {Compacted}
(f0.0)  sel (8)                   r75           r60               r72             {@3}
(f0.0)  sel (8)                   r76           r57               r73             {@3}
        cmp (8)        (lt)f0.1   r78           r77               r57
        asr (8)                   r80:d         -(abs)r77:d       31:w            {Compacted}
        cmp (8)        (ne)f0.0   null:d        r70:d             0:d
        add (8)                   r79:d         -r78:d            r60:d           {Compacted,@3}
        add (8)                   r81:d         -r79:d            r80:d           {Compacted,@1}
        shl (8)                   r85:d         r81:d             r66             {@1}
        asr (8)                   r84:d         r81:d             r62
        asr (8)                   r87:d         r81:d             r66             {$9.src}
        asr (8)                   r88:d         r81:d             0x0000001f
        or (8)                    r86           r83               r85             {Compacted,@4}
(f0.0)  sel (8)                   r89           r88               r84             {@2}
(W)     sync.nop (1)                            null                              {$2.src}
(f0.0)  sel (8)                   r90           r87               r86             {@2}
        cmp (8)        (ne)f0.0   null:d        r74:d             0:d
(f0.0)  sel (8)                   r91           r81               r89             {@3}
(f0.0)  sel (8)                   r92:d         -r77:d            r90:d           {@3}
        add (8)                   r93:d         -r91:d            -1:d            {Compacted,@2}
(W)     sync.nop (1)                            null                              {$8.src}
        asr (8)                   r94:d         -(abs)r92:d       31:w            {Compacted,@2}
        add (8)                   r96:d         -r92:d            -1:d            {Compacted,$10.src}
        add (8)                   r95:d         r93:d             r94:d           {Compacted,@2}
(W)     sync.nop (1)                            null                              {@2}
        cmp (8)        (lt)f0.1   r102          r96               0xffffffff
        cmp (8)        (ge)f0.0   null:d        r60:d             0:d
        add (8)                   r103:d        r95:d             -r102:d         {Compacted,@2}
(f0.0)  sel (8)                   r105          r76               r96
(f0.0)  sel (8)                   r104          r75               r103            {@2}
        cmp (8)        (ge)f0.0   null          r106              0x00000020
(f0.0)  sel (8)                   r111          r110              r109
(~f0.0) sel (8)                   r114          r112              0x00000000
        add (8)                   r116:d        r111:d            -1:d            {Compacted,@2}
        cmp (8)        (eq)f0.0   null:d        r106:d            0:d
(~f0.0) sel (8)                   r115          r114              0x00000001      {@3}
(~f0.0) sel (8)                   r117          r116              0xffffffff      {@3}
        add (8)                   r118:d        r115:d            -1:d            {Compacted,@2}
        cmp (8)        (lt)f0.1   r119          r118              r115            {@1}
        add (8)                   r120:d        -r119:d           r117:d          {Compacted,@1}
        cmp (8)        (eq)f0.0   null:d        r120:d            r104:d          {@1}
(f0.0)  cmp (8)        (lt)f0.0   null          r118              r105
(~f0.0) cmp (8)        (lt)f0.0   null:d        r120:d            r104:d
(f0.0)  sel (8)                   r121          r118              r105
        cmp (8)        (lt)f0.0   null:d        r104:d            0:d
(~f0.0) sel (8)                   r100          r121              0x00000000      {@2}
(W)     sync.nop (1)                            null                              {$2.src}
        send.hdc1 (8)             null    r113   r97     0x00000100  0x02026000   {@1,$3}  // wr:1+4, rd:0; untyped_write:xyzw simd8 (8) bti(0)

L14:
        endif (8)                             L15

L15:
(W)     mov (8)                   r127          r0
(W)     mov (16)                  acc0:f        0x00000000:f                      {@1}
(W)     send.ts (8)               null    r127   null    0x00000000  0x02000000   {EOT,@1}
SIMD32 shader inefficient
