NIR (SSA form) for compute shader:
shader: MESA_SHADER_COMPUTE
source_blake3: {0x225dad7f, 0xe2b4d708, 0x2c1f3472, 0x273b6837, 0x4dba321c, 0x9a282a80, 0x56b23ddc, 0xd22127d3}
name: GLSL2
workgroup_size: 64, 1, 1
num_ssbos: 3
system_values_read: 0x00000000'00000000'00008400'00000000
max_subgroup_size: 8
min_subgroup_size: 8
bit_sizes_int: 0x61
first_ubo_is_default_ubo: true
flrp_lowered: true
writes_memory: true
decl_var ssbo INTERP_MODE_NONE writeonly ivec4[] results (0, 0, 2)
decl_var ssbo INTERP_MODE_NONE readonly uvec4[] samples (0, 1, 1)
decl_var ssbo INTERP_MODE_NONE readonly int64_t[] m (0, 2, 0)
decl_function main () (entrypoint)

impl main {
    con block b0:         // preds:
    con 32x3     %0 = @load_workgroup_id
    con 32       %1 = load_const (0x00000000)
    con 32       %2 = @load_push_data_intel (%1 (0x0)) (base=0, range=4, access=none)
    con 32       %3 = load_const (0x00000003)
    con 32       %4 = ishl %2, %3 (0x3)
    div 32       %5 = @load_subgroup_invocation
    div 32       %6 = iadd %5, %4
    con 32       %7 = load_const (0x00000006)
    con 32       %8 = ishl %0.x, %7 (0x6)
    con 32       %9 = load_const (0x0000003f = 63)
    div 32      %10 = iand %6, %9 (0x3f)
    div 32      %11 = iadd %8, %10
    con 32      %12 = load_const (0x00000002)
    con 32x2    %13 = @load_ssbo (%12 (0x2), %1 (0x0)) (access=readonly|reorderable, align_mul=1073741824, align_offset=0, offset_shift=0)
    div 32      %14 = ult32 %11, %13.x
                      // succs: b1 b63
    if %14 {
        div block b1:         // preds: b0
        con 32      %15 = load_const (0x00000008)
        con 32x2    %16 = @load_ssbo (%12 (0x2), %15 (0x8)) (access=readonly|reorderable, align_mul=1073741824, align_offset=8, offset_shift=0)
        con 32      %17 = ilt32 %16.x, %3 (0x3)
        con 32      %18 = load_const (0x00000001)
        con 32      %19 = load_const (0x00000004)
        div 32      %20 = ishl %11, %19 (0x4)
        div 32x4    %21 = @load_ssbo (%18 (0x1), %20) (access=readonly|reorderable, align_mul=16, align_offset=0, offset_shift=0)
        div 32      %22 = b32csel %17, %21.z, %21.w
        con 32      %23 = ilt32 %16.x, %18 (0x1)
        div 32      %24 = b32csel %23, %21.x, %21.y
        con 32      %25 = ilt32 %16.x, %12 (0x2)
        div 32      %26 = b32csel %25, %24, %22
        con 32      %27 = load_const (0x00000058 = 88)
        con 32x16   %28 = @load_ssbo_uniform_block_intel (%12 (0x2), %27 (0x58)) (access=readonly|reorderable, align_mul=1073741824, align_offset=88, base=0)
        con 32      %29 = ieq32 %1 (0x0), %28.b
        div 32      %30 = ult32 %21.x, %28.a
        div 32      %31 = iand %29, %30
        con 32      %32 = ilt32 %1 (0x0), %28.b
        div 32      %33 = ior %32, %31
        con 32      %34 = ieq32 %28.d, %1 (0x0)
        div 32      %35 = ult32 %28.c, %21.x
        div 32      %36 = iand %34, %35
        con 32      %37 = ilt32 %28.d, %1 (0x0)
        div 32      %38 = ior %37, %36
        div 32      %39 = b32csel %38, %28.d, %1 (0x0)
        div 32      %40 = b32csel %38, %28.c, %21.x
        div 32      %41 = b32csel %33, %28.b, %39
        div 32      %42 = b32csel %33, %28.a, %40
        con 32      %43 = ieq32 %1 (0x0), %28.f
        div 32      %44 = ult32 %21.y, %28.e
        div 32      %45 = iand %43, %44
        con 32      %46 = ilt32 %1 (0x0), %28.f
        div 32      %47 = ior %46, %45
        con 32      %48 = ieq32 %28.h, %1 (0x0)
        div 32      %49 = ult32 %28.g, %21.y
        div 32      %50 = iand %48, %49
        con 32      %51 = ilt32 %28.h, %1 (0x0)
        div 32      %52 = ior %51, %50
        div 32      %53 = b32csel %52, %28.h, %1 (0x0)
        div 32      %54 = b32csel %52, %28.g, %21.y
        div 32      %55 = b32csel %47, %28.f, %53
        div 32      %56 = b32csel %47, %28.e, %54
        con 32      %57 = ieq32 %1 (0x0), %28.j
        div 32      %58 = ult32 %21.z, %28.i
        div 32      %59 = iand %57, %58
        con 32      %60 = ilt32 %1 (0x0), %28.j
        div 32      %61 = ior %60, %59
        con 32      %62 = ieq32 %28.l, %1 (0x0)
        div 32      %63 = ult32 %28.k, %21.z
        div 32      %64 = iand %62, %63
        con 32      %65 = ilt32 %28.l, %1 (0x0)
        div 32      %66 = ior %65, %64
        div 32      %67 = b32csel %66, %28.l, %1 (0x0)
        div 32      %68 = b32csel %66, %28.k, %21.z
        div 32      %69 = b32csel %61, %28.j, %67
        div 32      %70 = b32csel %61, %28.i, %68
        con 32      %71 = load_const (0x000000a0 = 160)
        con 32      %72 = load_const (0x00000088 = 136)
        con 32x2    %73 = @load_ssbo (%12 (0x2), %72 (0x88)) (access=readonly|reorderable, align_mul=1073741824, align_offset=136, offset_shift=0)
        con 32      %74 = load_const (0x00000098 = 152)
        con 32      %75 = load_const (0xfffffffe = -2 = 4294967294)
        con 32      %76 = iadd %73.x, %75 (0xfffffffe)
                          // succs: b2
        div loop {
            div block b2:         // preds: b1 b5
            con 32      %77 = phi b1: %1 (0x0), b5: %91
            con 32      %78 = phi b1: %74 (0x98), b5: %90
            con 32x2    %79 = @load_ssbo (%12 (0x2), %78) (access=readonly|reorderable, align_mul=8, align_offset=0, offset_shift=0)
            con 32      %80 = ieq32 %1 (0x0), %79.y
            div 32      %81 = ult32 %26, %79.x
            div 32      %82 = iand %80, %81
            con 32      %83 = ilt32 %1 (0x0), %79.y
            div 32      %84 = ior %83, %82
            div 32      %85 = inot %84
            con 32      %86 = ilt32 %77, %76
            div 32      %87 = iand %86, %85
            div 32      %88 = inot %87
                              // succs: b3 b4
            if %88 {
                div block b3:// preds: b2
                break
                // succs: b6
            } else {
                div block b4:  // preds: b2, succs: b5
            }
            div block b5:         // preds: b4
            con 32      %89 = ishl %77, %3 (0x3)
            con 32      %90 = iadd %89, %71 (0xa0)
            con 32      %91 = iadd %77, %18 (0x1)
                              // succs: b2
        }
        div block b6:         // preds: b3
        div 32      %92 = phi b3: %77
        con 32      %93 = load_const (0x00000118 = 280)
        con 32      %94 = load_const (0x000000c0 = 192)
        div 32      %95 = imul_32x16 %92, %94 (0xc0)
        div 32      %96 = iadd %95, %93 (0x118)
        div 32x4    %97 = @load_ssbo (%12 (0x2), %96) (access=readonly|reorderable, align_mul=64, align_offset=24, offset_shift=0)
        div 32      %98 = ior %97.x, %97.y
        con 32      %99 = load_const (0x00000020 = 32)
        con 32x2   %100 = @load_ssbo (%12 (0x2), %99 (0x20)) (access=readonly|reorderable, align_mul=1073741824, align_offset=32, offset_shift=0)
        con 32     %101 = load_const (0x00000018 = 24)
        con 64     %102 = load_const (0x0000000000000000)
        con 32     %103 = load_const (0x00000014 = 20)
        con 32     %104 = load_const (0xffffffe0 = -32 = 4294967264)
        div 32     %105 = ieq32 %98, %1 (0x0)
                          // succs: b7 b13
        if %105 {
            div block b7:         // preds: b6
            con 32     %106 = ieq32 %16.x, %18 (0x1)
            div 32     %107 = b32csel %106, %55, %69
            div 32     %108 = b32csel %106, %56, %70
            con 32     %109 = ieq32 %16.x, %1 (0x0)
            div 32     %110 = b32csel %109, %41, %107
            div 32     %111 = b32csel %109, %42, %108
            con 32     %112 = load_const (0x00000130 = 304)
            div 32     %113 = imul_32x16 %92, %101 (0x18)
            con 64     %114 = load_const (0x0000000000000001)
                              // succs: b8
            div loop {
                div block b8:         // preds: b7 b11
                div 64     %115 = phi b7: %114 (0x1), b11: %167
                con 32     %116 = phi b7: %1 (0x0), b11: %165
                div 64     %117 = phi b7: %102 (0x0), b11: %166
                div 32     %118 = ilt32 %97.z, %116
                                  // succs: b9 b10
                if %118 {
                    div block b9:// preds: b8
                    break
                    // succs: b12
                } else {
                    div block b10:  // preds: b8, succs: b11
                }
                div block b11:        // preds: b10
                div 32     %119 = iadd %113, %116
                div 32     %120 = unpack_64_2x32_split_x %115
                div 32     %121 = unpack_64_2x32_split_y %115
                div 32     %122 = ishl %119, %3 (0x3)
                div 32     %123 = iadd %122, %112 (0x130)
                div 32x2   %124 = @load_ssbo (%12 (0x2), %123) (access=readonly|reorderable, align_mul=8, align_offset=0, offset_shift=0)
                div 32     %125 = umul_high %124.x, %120
                div 32     %126 = imul %124.x, %120
                div 32     %127 = imul %124.y, %120
                div 32     %128 = imul %124.x, %121
                div 32     %129 = iadd %128, %127
                div 32     %130 = iadd %125, %129
                con 32     %131 = imul %100.x, %116
                con 32     %132 = ineg %131
                con 32     %133 = iadd %103 (0x14), %132
                con 32     %134 = iand %133, %9 (0x3f)
                con 32     %135 = uge32 %134, %99 (0x20)
                con 32     %136 = iadd %134, %104 (0xffffffe0)
                con 32     %137 = iabs %136
                con 32     %138 = ushr %18 (0x1), %137
                con 32     %139 = ishl %18 (0x1), %137
                con 32     %140 = b32csel %135, %139, %138
                con 32     %141 = ishl %18 (0x1), %134
                con 32     %142 = b32csel %135, %1 (0x0), %141
                con 32     %143 = ieq32 %134, %1 (0x0)
                con 32     %144 = b32csel %143, %1 (0x0), %140
                con 32     %145 = b32csel %143, %18 (0x1), %142
                div 32     %146 = umul_high %126, %145
                div 32     %147 = imul %126, %145
                div 32     %148 = imul %130, %145
                div 32     %149 = imul %126, %144
                div 32     %150 = iadd %149, %148
                div 32     %151 = iadd %146, %150
                div 32     %152 = unpack_64_2x32_split_x %117
                div 32     %153 = unpack_64_2x32_split_y %117
                div 32     %154 = iadd %152, %147
                div 32     %155 = iadd %153, %151
                div 32     %156 = ult32 %154, %152
                div 32     %157 = b2i32 %156
                div 32     %158 = iadd %157, %155
                div 32     %159 = umul_high %120, %111
                div 32     %160 = imul %120, %111
                div 32     %161 = imul %121, %111
                div 32     %162 = imul %120, %110
                div 32     %163 = iadd %162, %161
                div 32     %164 = iadd %159, %163
                con 32     %165 = iadd %116, %18 (0x1)
                div 64     %166 = pack_64_2x32_split %154, %158
                div 64     %167 = pack_64_2x32_split %160, %164
                                  // succs: b8
            }
            div block b12:        // preds: b9
            div 64     %168 = phi b9: %117
                              // succs: b56
        } else {
            div block b13:        // preds: b6
            con 32     %169 = ineg %100.x
            con 32     %170 = iadd %103 (0x14), %169
            con 32     %171 = iand %170, %9 (0x3f)
            con 32     %172 = uge32 %171, %99 (0x20)
            con 32     %173 = iadd %171, %104 (0xffffffe0)
            con 32     %174 = iabs %173
            con 32     %175 = ushr %18 (0x1), %174
            con 32     %176 = ishl %18 (0x1), %174
            con 32     %177 = b32csel %172, %176, %175
            con 32     %178 = ishl %18 (0x1), %171
            con 32     %179 = b32csel %172, %1 (0x0), %178
            con 32     %180 = ieq32 %171, %1 (0x0)
            con 32     %181 = b32csel %180, %1 (0x0), %177
            con 32     %182 = b32csel %180, %18 (0x1), %179
            con 32     %183 = ishl %100.x, %18 (0x1)
            con 32     %184 = ineg %183
            con 32     %185 = iadd %103 (0x14), %184
            con 32     %186 = iand %185, %9 (0x3f)
            con 32     %187 = uge32 %186, %99 (0x20)
            con 32     %188 = iadd %186, %104 (0xffffffe0)
            con 32     %189 = iabs %188
            con 32     %190 = ushr %18 (0x1), %189
            con 32     %191 = ishl %18 (0x1), %189
            con 32     %192 = b32csel %187, %191, %190
            con 32     %193 = ishl %18 (0x1), %186
            con 32     %194 = b32csel %187, %1 (0x0), %193
            con 32     %195 = ieq32 %186, %1 (0x0)
            con 32     %196 = b32csel %195, %1 (0x0), %192
            con 32     %197 = b32csel %195, %18 (0x1), %194
            con 32     %198 = load_const (0x0000000c = 12)
            con 32     %199 = load_const (0x00000128 = 296)
            div 32     %200 = iadd %95, %199 (0x128)
            div 32x4   %201 = @load_ssbo (%12 (0x2), %200) (access=readonly|reorderable, align_mul=64, align_offset=40, offset_shift=0)
            div 32     %202 = ushr %201.x, %198 (0xc)
            div 32     %203 = ishl %201.y, %103 (0x14)
            div 32     %204 = ior %203, %202
            div 32     %205 = umul_high %42, %182
            div 32     %206 = imul %42, %182
            div 32     %207 = imul %41, %182
            div 32     %208 = imul %42, %181
            div 32     %209 = iadd %208, %207
            div 32     %210 = iadd %205, %209
            div 32     %211 = iadd %42, %42
            div 32     %212 = imul %41, %211
            div 32     %213 = umul_high %42, %42
            div 32     %214 = iadd %213, %212
            div 32     %215 = imul %42, %42
            div 32     %216 = umul_high %215, %197
            div 32     %217 = imul %215, %197
            div 32     %218 = imul %214, %197
            div 32     %219 = imul %215, %196
            div 32     %220 = iadd %219, %218
            div 32     %221 = iadd %216, %220
            div 32     %222 = umul_high %201.z, %206
            div 32     %223 = imul %201.z, %206
            div 32     %224 = imul %201.w, %206
            div 32     %225 = imul %201.z, %210
            div 32     %226 = iadd %225, %224
            div 32     %227 = iadd %222, %226
            div 32     %228 = ishl %201.x, %103 (0x14)
            div 32     %229 = iadd %228, %223
            div 32     %230 = iadd %204, %227
            div 32     %231 = ult32 %229, %228
            div 32     %232 = b2i32 %231
            div 32     %233 = iadd %232, %230
            div 32     %234 = ige32 %97.z, %12 (0x2)
                              // succs: b14 b15
            if %234 {
                div block b14:        // preds: b13
                con 32     %235 = load_const (0x00000168 = 360)
                div 32     %236 = iadd %95, %235 (0x168)
                div 32x2   %237 = @load_ssbo (%12 (0x2), %236) (access=readonly|reorderable, align_mul=64, align_offset=40, offset_shift=0)
                div 32     %238 = umul_high %237.x, %217
                div 32     %239 = imul %237.x, %217
                div 32     %240 = imul %237.y, %217
                div 32     %241 = imul %237.x, %221
                div 32     %242 = iadd %241, %240
                div 32     %243 = iadd %238, %242
                div 32     %244 = iadd %229, %239
                div 32     %245 = iadd %233, %243
                div 32     %246 = ult32 %244, %229
                div 32     %247 = b2i32 %246
                div 32     %248 = iadd %247, %245
                div 64     %249 = pack_64_2x32_split %244, %248
                                  // succs: b16
            } else {
                div block b15:        // preds: b13
                div 64     %250 = pack_64_2x32_split %229, %233
                                  // succs: b16
            }
            div block b16:        // preds: b14 b15
            div 64     %251 = phi b14: %249, b15: %250
            div 32     %252 = ige32 %97.z, %3 (0x3)
                              // succs: b17 b18
            if %252 {
                div block b17:        // preds: b16
                div 32     %253 = umul_high %206, %217
                div 32     %254 = imul %206, %217
                div 32     %255 = imul %210, %217
                div 32     %256 = imul %206, %221
                div 32     %257 = iadd %256, %255
                div 32     %258 = iadd %253, %257
                div 32     %259 = ishl %258, %198 (0xc)
                div 32     %260 = ushr %254, %103 (0x14)
                div 32     %261 = ior %260, %259
                div 32     %262 = iadd %254, %18 (0x1)
                div 32     %263 = ult32 %262, %254
                div 32     %264 = b2i32 %263
                div 32     %265 = iadd %264, %258
                div 32     %266 = ineg %265
                div 32     %267 = ine32 %262, %1 (0x0)
                div 32     %268 = b2i32 %267
                div 32     %269 = ineg %268
                div 32     %270 = iadd %266, %269
                div 32     %271 = ishl %270, %198 (0xc)
                div 32     %272 = ineg %262
                div 32     %273 = ushr %272, %103 (0x14)
                div 32     %274 = ior %273, %271
                con 32     %275 = load_const (0xffffffff = -1 = 4294967295)
                div 32     %276 = ishr %270, %103 (0x14)
                div 32     %277 = ineg %276
                div 32     %278 = iadd %277, %275 (0xffffffff)
                div 32     %279 = ine32 %274, %1 (0x0)
                div 32     %280 = b2i32 %279
                div 32     %281 = ineg %280
                div 32     %282 = iadd %278, %281
                div 32     %283 = ineg %274
                div 32     %284 = iadd %275 (0xffffffff), %283
                div 32     %285 = ult32 %284, %275 (0xffffffff)
                div 32     %286 = b2i32 %285
                div 32     %287 = iadd %282, %286
                div 32     %288 = ige32 %258, %1 (0x0)
                div 32     %289 = ishr %258, %103 (0x14)
                div 32     %290 = b32csel %288, %289, %287
                div 32     %291 = b32csel %288, %261, %284
                con 32     %292 = load_const (0x000001a0 = 416)
                div 32     %293 = iadd %95, %292 (0x1a0)
                div 32x2   %294 = @load_ssbo (%12 (0x2), %293) (access=readonly|reorderable, align_mul=64, align_offset=32, offset_shift=0)
                div 32     %295 = umul_high %294.x, %291
                div 32     %296 = imul %294.x, %291
                div 32     %297 = imul %294.y, %291
                div 32     %298 = imul %294.x, %290
                div 32     %299 = iadd %298, %297
                div 32     %300 = iadd %295, %299
                div 32     %301 = unpack_64_2x32_split_x %251
                div 32     %302 = unpack_64_2x32_split_y %251
                div 32     %303 = iadd %301, %296
                div 32     %304 = iadd %302, %300
                div 32     %305 = ult32 %303, %301
                div 32     %306 = b2i32 %305
                div 32     %307 = iadd %306, %304
                div 64     %308 = pack_64_2x32_split %303, %307
                                  // succs: b19
            } else {
                div block b18:  // preds: b16, succs: b19
            }
            div block b19:        // preds: b17 b18
            div 64     %309 = phi b17: %308, b18: %251
            div 32     %310 = umul_high %56, %182
            div 32     %311 = imul %56, %182
            div 32     %312 = imul %55, %182
            div 32     %313 = imul %56, %181
            div 32     %314 = iadd %313, %312
            div 32     %315 = iadd %310, %314
            div 32     %316 = iadd %56, %56
            div 32     %317 = imul %55, %316
            div 32     %318 = umul_high %56, %56
            div 32     %319 = iadd %318, %317
            div 32     %320 = imul %56, %56
            div 32     %321 = umul_high %320, %197
            div 32     %322 = imul %320, %197
            div 32     %323 = imul %319, %197
            div 32     %324 = imul %320, %196
            div 32     %325 = iadd %324, %323
            div 32     %326 = iadd %321, %325
            con 32     %327 = load_const (0x00000138 = 312)
            div 32     %328 = iadd %95, %327 (0x138)
            div 32x2   %329 = @load_ssbo (%12 (0x2), %328) (access=readonly|reorderable, align_mul=64, align_offset=56, offset_shift=0)
            div 32     %330 = umul_high %329.x, %311
            div 32     %331 = imul %329.x, %311
            div 32     %332 = imul %329.y, %311
            div 32     %333 = imul %329.x, %315
            div 32     %334 = iadd %333, %332
            div 32     %335 = iadd %330, %334
            div 32     %336 = unpack_64_2x32_split_x %309
            div 32     %337 = unpack_64_2x32_split_y %309
            div 32     %338 = iadd %336, %331
            div 32     %339 = iadd %337, %335
            div 32     %340 = ult32 %338, %336
            div 32     %341 = b2i32 %340
            div 32     %342 = iadd %341, %339
                              // succs: b20 b21
            if %234 {
                div block b20:        // preds: b19
                con 32     %343 = load_const (0x00000170 = 368)
                div 32     %344 = iadd %95, %343 (0x170)
                div 32x2   %345 = @load_ssbo (%12 (0x2), %344) (access=readonly|reorderable, align_mul=64, align_offset=48, offset_shift=0)
                div 32     %346 = umul_high %345.x, %322
                div 32     %347 = imul %345.x, %322
                div 32     %348 = imul %345.y, %322
                div 32     %349 = imul %345.x, %326
                div 32     %350 = iadd %349, %348
                div 32     %351 = iadd %346, %350
                div 32     %352 = iadd %338, %347
                div 32     %353 = iadd %342, %351
                div 32     %354 = ult32 %352, %338
                div 32     %355 = b2i32 %354
                div 32     %356 = iadd %355, %353
                div 64     %357 = pack_64_2x32_split %352, %356
                                  // succs: b22
            } else {
                div block b21:        // preds: b19
                div 64     %358 = pack_64_2x32_split %338, %342
                                  // succs: b22
            }
            div block b22:        // preds: b20 b21
            div 64     %359 = phi b20: %357, b21: %358
                              // succs: b23 b24
            if %252 {
                div block b23:        // preds: b22
                div 32     %360 = umul_high %311, %322
                div 32     %361 = imul %311, %322
                div 32     %362 = imul %315, %322
                div 32     %363 = imul %311, %326
                div 32     %364 = iadd %363, %362
                div 32     %365 = iadd %360, %364
                div 32     %366 = ishl %365, %198 (0xc)
                div 32     %367 = ushr %361, %103 (0x14)
                div 32     %368 = ior %367, %366
                div 32     %369 = iadd %361, %18 (0x1)
                div 32     %370 = ult32 %369, %361
                div 32     %371 = b2i32 %370
                div 32     %372 = iadd %371, %365
                div 32     %373 = ineg %372
                div 32     %374 = ine32 %369, %1 (0x0)
                div 32     %375 = b2i32 %374
                div 32     %376 = ineg %375
                div 32     %377 = iadd %373, %376
                div 32     %378 = ishl %377, %198 (0xc)
                div 32     %379 = ineg %369
                div 32     %380 = ushr %379, %103 (0x14)
                div 32     %381 = ior %380, %378
                con 32     %382 = load_const (0xffffffff = -1 = 4294967295)
                div 32     %383 = ishr %377, %103 (0x14)
                div 32     %384 = ineg %383
                div 32     %385 = iadd %384, %382 (0xffffffff)
                div 32     %386 = ine32 %381, %1 (0x0)
                div 32     %387 = b2i32 %386
                div 32     %388 = ineg %387
                div 32     %389 = iadd %385, %388
                div 32     %390 = ineg %381
                div 32     %391 = iadd %382 (0xffffffff), %390
                div 32     %392 = ult32 %391, %382 (0xffffffff)
                div 32     %393 = b2i32 %392
                div 32     %394 = iadd %389, %393
                div 32     %395 = ige32 %365, %1 (0x0)
                div 32     %396 = ishr %365, %103 (0x14)
                div 32     %397 = b32csel %395, %396, %394
                div 32     %398 = b32csel %395, %368, %391
                con 32     %399 = load_const (0x000001a8 = 424)
                div 32     %400 = iadd %95, %399 (0x1a8)
                div 32x2   %401 = @load_ssbo (%12 (0x2), %400) (access=readonly|reorderable, align_mul=64, align_offset=40, offset_shift=0)
                div 32     %402 = umul_high %401.x, %398
                div 32     %403 = imul %401.x, %398
                div 32     %404 = imul %401.y, %398
                div 32     %405 = imul %401.x, %397
                div 32     %406 = iadd %405, %404
                div 32     %407 = iadd %402, %406
                div 32     %408 = unpack_64_2x32_split_x %359
                div 32     %409 = unpack_64_2x32_split_y %359
                div 32     %410 = iadd %408, %403
                div 32     %411 = iadd %409, %407
                div 32     %412 = ult32 %410, %408
                div 32     %413 = b2i32 %412
                div 32     %414 = iadd %413, %411
                div 64     %415 = pack_64_2x32_split %410, %414
                                  // succs: b25
            } else {
                div block b24:  // preds: b22, succs: b25
            }
            div block b25:        // preds: b23 b24
            div 64     %416 = phi b23: %415, b24: %359
            div 32     %417 = umul_high %70, %182
            div 32     %418 = imul %70, %182
            div 32     %419 = imul %69, %182
            div 32     %420 = imul %70, %181
            div 32     %421 = iadd %420, %419
            div 32     %422 = iadd %417, %421
            div 32     %423 = iadd %70, %70
            div 32     %424 = imul %69, %423
            div 32     %425 = umul_high %70, %70
            div 32     %426 = iadd %425, %424
            div 32     %427 = imul %70, %70
            div 32     %428 = umul_high %427, %197
            div 32     %429 = imul %427, %197
            div 32     %430 = imul %426, %197
            div 32     %431 = imul %427, %196
            div 32     %432 = iadd %431, %430
            div 32     %433 = iadd %428, %432
            con 32     %434 = load_const (0x00000140 = 320)
            div 32     %435 = iadd %95, %434 (0x140)
            div 32x2   %436 = @load_ssbo (%12 (0x2), %435) (access=readonly|reorderable, align_mul=64, align_offset=0, offset_shift=0)
            div 32     %437 = umul_high %436.x, %418
            div 32     %438 = imul %436.x, %418
            div 32     %439 = imul %436.y, %418
            div 32     %440 = imul %436.x, %422
            div 32     %441 = iadd %440, %439
            div 32     %442 = iadd %437, %441
            div 32     %443 = unpack_64_2x32_split_x %416
            div 32     %444 = unpack_64_2x32_split_y %416
            div 32     %445 = iadd %443, %438
            div 32     %446 = iadd %444, %442
            div 32     %447 = ult32 %445, %443
            div 32     %448 = b2i32 %447
            div 32     %449 = iadd %448, %446
                              // succs: b26 b27
            if %234 {
                div block b26:        // preds: b25
                con 32     %450 = load_const (0x00000178 = 376)
                div 32     %451 = iadd %95, %450 (0x178)
                div 32x2   %452 = @load_ssbo (%12 (0x2), %451) (access=readonly|reorderable, align_mul=64, align_offset=56, offset_shift=0)
                div 32     %453 = umul_high %452.x, %429
                div 32     %454 = imul %452.x, %429
                div 32     %455 = imul %452.y, %429
                div 32     %456 = imul %452.x, %433
                div 32     %457 = iadd %456, %455
                div 32     %458 = iadd %453, %457
                div 32     %459 = iadd %445, %454
                div 32     %460 = iadd %449, %458
                div 32     %461 = ult32 %459, %445
                div 32     %462 = b2i32 %461
                div 32     %463 = iadd %462, %460
                div 64     %464 = pack_64_2x32_split %459, %463
                                  // succs: b28
            } else {
                div block b27:        // preds: b25
                div 64     %465 = pack_64_2x32_split %445, %449
                                  // succs: b28
            }
            div block b28:        // preds: b26 b27
            div 64     %466 = phi b26: %464, b27: %465
                              // succs: b29 b30
            if %252 {
                div block b29:        // preds: b28
                div 32     %467 = umul_high %418, %429
                div 32     %468 = imul %418, %429
                div 32     %469 = imul %422, %429
                div 32     %470 = imul %418, %433
                div 32     %471 = iadd %470, %469
                div 32     %472 = iadd %467, %471
                div 32     %473 = ishl %472, %198 (0xc)
                div 32     %474 = ushr %468, %103 (0x14)
                div 32     %475 = ior %474, %473
                div 32     %476 = iadd %468, %18 (0x1)
                div 32     %477 = ult32 %476, %468
                div 32     %478 = b2i32 %477
                div 32     %479 = iadd %478, %472
                div 32     %480 = ineg %479
                div 32     %481 = ine32 %476, %1 (0x0)
                div 32     %482 = b2i32 %481
                div 32     %483 = ineg %482
                div 32     %484 = iadd %480, %483
                div 32     %485 = ishl %484, %198 (0xc)
                div 32     %486 = ineg %476
                div 32     %487 = ushr %486, %103 (0x14)
                div 32     %488 = ior %487, %485
                con 32     %489 = load_const (0xffffffff = -1 = 4294967295)
                div 32     %490 = ishr %484, %103 (0x14)
                div 32     %491 = ineg %490
                div 32     %492 = iadd %491, %489 (0xffffffff)
                div 32     %493 = ine32 %488, %1 (0x0)
                div 32     %494 = b2i32 %493
                div 32     %495 = ineg %494
                div 32     %496 = iadd %492, %495
                div 32     %497 = ineg %488
                div 32     %498 = iadd %489 (0xffffffff), %497
                div 32     %499 = ult32 %498, %489 (0xffffffff)
                div 32     %500 = b2i32 %499
                div 32     %501 = iadd %496, %500
                div 32     %502 = ige32 %472, %1 (0x0)
                div 32     %503 = ishr %472, %103 (0x14)
                div 32     %504 = b32csel %502, %503, %501
                div 32     %505 = b32csel %502, %475, %498
                con 32     %506 = load_const (0x000001b0 = 432)
                div 32     %507 = iadd %95, %506 (0x1b0)
                div 32x2   %508 = @load_ssbo (%12 (0x2), %507) (access=readonly|reorderable, align_mul=64, align_offset=48, offset_shift=0)
                div 32     %509 = umul_high %508.x, %505
                div 32     %510 = imul %508.x, %505
                div 32     %511 = imul %508.y, %505
                div 32     %512 = imul %508.x, %504
                div 32     %513 = iadd %512, %511
                div 32     %514 = iadd %509, %513
                div 32     %515 = unpack_64_2x32_split_x %466
                div 32     %516 = unpack_64_2x32_split_y %466
                div 32     %517 = iadd %515, %510
                div 32     %518 = iadd %516, %514
                div 32     %519 = ult32 %517, %515
                div 32     %520 = b2i32 %519
                div 32     %521 = iadd %520, %518
                div 64     %522 = pack_64_2x32_split %517, %521
                                  // succs: b31
            } else {
                div block b30:  // preds: b28, succs: b31
            }
            div block b31:        // preds: b29 b30
            div 64     %523 = phi b29: %522, b30: %466
            div 32     %524 = umul_high %42, %56
            div 32     %525 = imul %42, %56
            div 32     %526 = imul %41, %56
            div 32     %527 = imul %42, %55
            div 32     %528 = iadd %527, %526
            div 32     %529 = iadd %524, %528
            div 32     %530 = umul_high %525, %197
            div 32     %531 = imul %525, %197
            div 32     %532 = imul %529, %197
            div 32     %533 = imul %525, %196
            div 32     %534 = iadd %533, %532
            div 32     %535 = iadd %530, %534
            con 32     %536 = iadd %197, %197
            div 32     %537 = imul %525, %536
            div 32     %538 = imul %535, %537
            div 32     %539 = umul_high %531, %531
            div 32     %540 = iadd %539, %538
            div 32     %541 = ishl %540, %198 (0xc)
            div 32     %542 = imul %531, %531
            div 32     %543 = ushr %542, %103 (0x14)
            div 32     %544 = ior %543, %541
            div 32     %545 = iadd %542, %18 (0x1)
            div 32     %546 = ult32 %545, %542
            div 32     %547 = b2i32 %546
            div 32     %548 = iadd %547, %540
            div 32     %549 = ineg %548
            div 32     %550 = ine32 %545, %1 (0x0)
            div 32     %551 = b2i32 %550
            div 32     %552 = ineg %551
            div 32     %553 = iadd %549, %552
            div 32     %554 = ishl %553, %198 (0xc)
            div 32     %555 = ineg %545
            div 32     %556 = ushr %555, %103 (0x14)
            div 32     %557 = ior %556, %554
            con 32     %558 = load_const (0xffffffff = -1 = 4294967295)
            div 32     %559 = ishr %553, %103 (0x14)
            div 32     %560 = ineg %559
            div 32     %561 = iadd %560, %558 (0xffffffff)
            div 32     %562 = ine32 %557, %1 (0x0)
            div 32     %563 = b2i32 %562
            div 32     %564 = ineg %563
            div 32     %565 = iadd %561, %564
            div 32     %566 = ineg %557
            div 32     %567 = iadd %558 (0xffffffff), %566
            div 32     %568 = ult32 %567, %558 (0xffffffff)
            div 32     %569 = b2i32 %568
            div 32     %570 = iadd %565, %569
            div 32     %571 = ige32 %540, %1 (0x0)
            div 32     %572 = ishr %540, %103 (0x14)
            div 32     %573 = b32csel %571, %572, %570
            div 32     %574 = b32csel %571, %544, %567
            con 32     %575 = load_const (0x00000148 = 328)
            div 32     %576 = iadd %95, %575 (0x148)
            div 32x2   %577 = @load_ssbo (%12 (0x2), %576) (access=readonly|reorderable, align_mul=64, align_offset=8, offset_shift=0)
            div 32     %578 = umul_high %577.x, %531
            div 32     %579 = imul %577.x, %531
            div 32     %580 = imul %577.y, %531
            div 32     %581 = imul %577.x, %535
            div 32     %582 = iadd %581, %580
            div 32     %583 = iadd %578, %582
            div 32     %584 = unpack_64_2x32_split_x %523
            div 32     %585 = unpack_64_2x32_split_y %523
            div 32     %586 = iadd %584, %579
            div 32     %587 = iadd %585, %583
            div 32     %588 = ult32 %586, %584
            div 32     %589 = b2i32 %588
            div 32     %590 = iadd %589, %587
                              // succs: b32 b33
            if %234 {
                div block b32:        // preds: b31
                con 32     %591 = load_const (0x00000180 = 384)
                div 32     %592 = iadd %95, %591 (0x180)
                div 32x2   %593 = @load_ssbo (%12 (0x2), %592) (access=readonly|reorderable, align_mul=64, align_offset=0, offset_shift=0)
                div 32     %594 = umul_high %593.x, %574
                div 32     %595 = imul %593.x, %574
                div 32     %596 = imul %593.y, %574
                div 32     %597 = imul %593.x, %573
                div 32     %598 = iadd %597, %596
                div 32     %599 = iadd %594, %598
                div 32     %600 = iadd %586, %595
                div 32     %601 = iadd %590, %599
                div 32     %602 = ult32 %600, %586
                div 32     %603 = b2i32 %602
                div 32     %604 = iadd %603, %601
                div 64     %605 = pack_64_2x32_split %600, %604
                                  // succs: b34
            } else {
                div block b33:        // preds: b31
                div 64     %606 = pack_64_2x32_split %586, %590
                                  // succs: b34
            }
            div block b34:        // preds: b32 b33
            div 64     %607 = phi b32: %605, b33: %606
                              // succs: b35 b36
            if %252 {
                div block b35:        // preds: b34
                div 32     %608 = umul_high %531, %574
                div 32     %609 = imul %531, %574
                div 32     %610 = imul %535, %574
                div 32     %611 = imul %531, %573
                div 32     %612 = iadd %611, %610
                div 32     %613 = iadd %608, %612
                div 32     %614 = ishl %613, %198 (0xc)
                div 32     %615 = ushr %609, %103 (0x14)
                div 32     %616 = ior %615, %614
                div 32     %617 = iadd %609, %18 (0x1)
                div 32     %618 = ult32 %617, %609
                div 32     %619 = b2i32 %618
                div 32     %620 = iadd %619, %613
                div 32     %621 = ineg %620
                div 32     %622 = ine32 %617, %1 (0x0)
                div 32     %623 = b2i32 %622
                div 32     %624 = ineg %623
                div 32     %625 = iadd %621, %624
                div 32     %626 = ishl %625, %198 (0xc)
                div 32     %627 = ineg %617
                div 32     %628 = ushr %627, %103 (0x14)
                div 32     %629 = ior %628, %626
                div 32     %630 = ishr %625, %103 (0x14)
                div 32     %631 = ineg %630
                div 32     %632 = iadd %631, %558 (0xffffffff)
                div 32     %633 = ine32 %629, %1 (0x0)
                div 32     %634 = b2i32 %633
                div 32     %635 = ineg %634
                div 32     %636 = iadd %632, %635
                div 32     %637 = ineg %629
                div 32     %638 = iadd %558 (0xffffffff), %637
                div 32     %639 = ult32 %638, %558 (0xffffffff)
                div 32     %640 = b2i32 %639
                div 32     %641 = iadd %636, %640
                div 32     %642 = ige32 %613, %1 (0x0)
                div 32     %643 = ishr %613, %103 (0x14)
                div 32     %644 = b32csel %642, %643, %641
                div 32     %645 = b32csel %642, %616, %638
                con 32     %646 = load_const (0x000001b8 = 440)
                div 32     %647 = iadd %95, %646 (0x1b8)
                div 32x2   %648 = @load_ssbo (%12 (0x2), %647) (access=readonly|reorderable, align_mul=64, align_offset=56, offset_shift=0)
                div 32     %649 = umul_high %648.x, %645
                div 32     %650 = imul %648.x, %645
                div 32     %651 = imul %648.y, %645
                div 32     %652 = imul %648.x, %644
                div 32     %653 = iadd %652, %651
                div 32     %654 = iadd %649, %653
                div 32     %655 = unpack_64_2x32_split_x %607
                div 32     %656 = unpack_64_2x32_split_y %607
                div 32     %657 = iadd %655, %650
                div 32     %658 = iadd %656, %654
                div 32     %659 = ult32 %657, %655
                div 32     %660 = b2i32 %659
                div 32     %661 = iadd %660, %658
                div 64     %662 = pack_64_2x32_split %657, %661
                                  // succs: b37
            } else {
                div block b36:  // preds: b34, succs: b37
            }
            div block b37:        // preds: b35 b36
            div 64     %663 = phi b35: %662, b36: %607
            div 32     %664 = umul_high %42, %70
            div 32     %665 = imul %42, %70
            div 32     %666 = imul %41, %70
            div 32     %667 = imul %42, %69
            div 32     %668 = iadd %667, %666
            div 32     %669 = iadd %664, %668
            div 32     %670 = umul_high %665, %197
            div 32     %671 = imul %665, %197
            div 32     %672 = imul %669, %197
            div 32     %673 = imul %665, %196
            div 32     %674 = iadd %673, %672
            div 32     %675 = iadd %670, %674
            div 32     %676 = imul %665, %536
            div 32     %677 = imul %675, %676
            div 32     %678 = umul_high %671, %671
            div 32     %679 = iadd %678, %677
            div 32     %680 = ishl %679, %198 (0xc)
            div 32     %681 = imul %671, %671
            div 32     %682 = ushr %681, %103 (0x14)
            div 32     %683 = ior %682, %680
            div 32     %684 = iadd %681, %18 (0x1)
            div 32     %685 = ult32 %684, %681
            div 32     %686 = b2i32 %685
            div 32     %687 = iadd %686, %679
            div 32     %688 = ineg %687
            div 32     %689 = ine32 %684, %1 (0x0)
            div 32     %690 = b2i32 %689
            div 32     %691 = ineg %690
            div 32     %692 = iadd %688, %691
            div 32     %693 = ishl %692, %198 (0xc)
            div 32     %694 = ineg %684
            div 32     %695 = ushr %694, %103 (0x14)
            div 32     %696 = ior %695, %693
            div 32     %697 = ishr %692, %103 (0x14)
            div 32     %698 = ineg %697
            div 32     %699 = iadd %698, %558 (0xffffffff)
            div 32     %700 = ine32 %696, %1 (0x0)
            div 32     %701 = b2i32 %700
            div 32     %702 = ineg %701
            div 32     %703 = iadd %699, %702
            div 32     %704 = ineg %696
            div 32     %705 = iadd %558 (0xffffffff), %704
            div 32     %706 = ult32 %705, %558 (0xffffffff)
            div 32     %707 = b2i32 %706
            div 32     %708 = iadd %703, %707
            div 32     %709 = ige32 %679, %1 (0x0)
            div 32     %710 = ishr %679, %103 (0x14)
            div 32     %711 = b32csel %709, %710, %708
            div 32     %712 = b32csel %709, %683, %705
            con 32     %713 = load_const (0x00000150 = 336)
            div 32     %714 = iadd %95, %713 (0x150)
            div 32x2   %715 = @load_ssbo (%12 (0x2), %714) (access=readonly|reorderable, align_mul=64, align_offset=16, offset_shift=0)
            div 32     %716 = umul_high %715.x, %671
            div 32     %717 = imul %715.x, %671
            div 32     %718 = imul %715.y, %671
            div 32     %719 = imul %715.x, %675
            div 32     %720 = iadd %719, %718
            div 32     %721 = iadd %716, %720
            div 32     %722 = unpack_64_2x32_split_x %663
            div 32     %723 = unpack_64_2x32_split_y %663
            div 32     %724 = iadd %722, %717
            div 32     %725 = iadd %723, %721
            div 32     %726 = ult32 %724, %722
            div 32     %727 = b2i32 %726
            div 32     %728 = iadd %727, %725
                              // succs: b38 b39
            if %234 {
                div block b38:        // preds: b37
                con 32     %729 = load_const (0x00000188 = 392)
                div 32     %730 = iadd %95, %729 (0x188)
                div 32x2   %731 = @load_ssbo (%12 (0x2), %730) (access=readonly|reorderable, align_mul=64, align_offset=8, offset_shift=0)
                div 32     %732 = umul_high %731.x, %712
                div 32     %733 = imul %731.x, %712
                div 32     %734 = imul %731.y, %712
                div 32     %735 = imul %731.x, %711
                div 32     %736 = iadd %735, %734
                div 32     %737 = iadd %732, %736
                div 32     %738 = iadd %724, %733
                div 32     %739 = iadd %728, %737
                div 32     %740 = ult32 %738, %724
                div 32     %741 = b2i32 %740
                div 32     %742 = iadd %741, %739
                div 64     %743 = pack_64_2x32_split %738, %742
                                  // succs: b40
            } else {
                div block b39:        // preds: b37
                div 64     %744 = pack_64_2x32_split %724, %728
                                  // succs: b40
            }
            div block b40:        // preds: b38 b39
            div 64     %745 = phi b38: %743, b39: %744
                              // succs: b41 b42
            if %252 {
                div block b41:        // preds: b40
                div 32     %746 = umul_high %671, %712
                div 32     %747 = imul %671, %712
                div 32     %748 = imul %675, %712
                div 32     %749 = imul %671, %711
                div 32     %750 = iadd %749, %748
                div 32     %751 = iadd %746, %750
                div 32     %752 = ishl %751, %198 (0xc)
                div 32     %753 = ushr %747, %103 (0x14)
                div 32     %754 = ior %753, %752
                div 32     %755 = iadd %747, %18 (0x1)
                div 32     %756 = ult32 %755, %747
                div 32     %757 = b2i32 %756
                div 32     %758 = iadd %757, %751
                div 32     %759 = ineg %758
                div 32     %760 = ine32 %755, %1 (0x0)
                div 32     %761 = b2i32 %760
                div 32     %762 = ineg %761
                div 32     %763 = iadd %759, %762
                div 32     %764 = ishl %763, %198 (0xc)
                div 32     %765 = ineg %755
                div 32     %766 = ushr %765, %103 (0x14)
                div 32     %767 = ior %766, %764
                div 32     %768 = ishr %763, %103 (0x14)
                div 32     %769 = ineg %768
                div 32     %770 = iadd %769, %558 (0xffffffff)
                div 32     %771 = ine32 %767, %1 (0x0)
                div 32     %772 = b2i32 %771
                div 32     %773 = ineg %772
                div 32     %774 = iadd %770, %773
                div 32     %775 = ineg %767
                div 32     %776 = iadd %558 (0xffffffff), %775
                div 32     %777 = ult32 %776, %558 (0xffffffff)
                div 32     %778 = b2i32 %777
                div 32     %779 = iadd %774, %778
                div 32     %780 = ige32 %751, %1 (0x0)
                div 32     %781 = ishr %751, %103 (0x14)
                div 32     %782 = b32csel %780, %781, %779
                div 32     %783 = b32csel %780, %754, %776
                con 32     %784 = load_const (0x000001c0 = 448)
                div 32     %785 = iadd %95, %784 (0x1c0)
                div 32x2   %786 = @load_ssbo (%12 (0x2), %785) (access=readonly|reorderable, align_mul=64, align_offset=0, offset_shift=0)
                div 32     %787 = umul_high %786.x, %783
                div 32     %788 = imul %786.x, %783
                div 32     %789 = imul %786.y, %783
                div 32     %790 = imul %786.x, %782
                div 32     %791 = iadd %790, %789
                div 32     %792 = iadd %787, %791
                div 32     %793 = unpack_64_2x32_split_x %745
                div 32     %794 = unpack_64_2x32_split_y %745
                div 32     %795 = iadd %793, %788
                div 32     %796 = iadd %794, %792
                div 32     %797 = ult32 %795, %793
                div 32     %798 = b2i32 %797
                div 32     %799 = iadd %798, %796
                div 64     %800 = pack_64_2x32_split %795, %799
                                  // succs: b43
            } else {
                div block b42:  // preds: b40, succs: b43
            }
            div block b43:        // preds: b41 b42
            div 64     %801 = phi b41: %800, b42: %745
            div 32     %802 = umul_high %56, %70
            div 32     %803 = imul %56, %70
            div 32     %804 = imul %55, %70
            div 32     %805 = imul %56, %69
            div 32     %806 = iadd %805, %804
            div 32     %807 = iadd %802, %806
            div 32     %808 = umul_high %803, %197
            div 32     %809 = imul %803, %197
            div 32     %810 = imul %807, %197
            div 32     %811 = imul %803, %196
            div 32     %812 = iadd %811, %810
            div 32     %813 = iadd %808, %812
            div 32     %814 = imul %803, %536
            div 32     %815 = imul %813, %814
            div 32     %816 = umul_high %809, %809
            div 32     %817 = iadd %816, %815
            div 32     %818 = ishl %817, %198 (0xc)
            div 32     %819 = imul %809, %809
            div 32     %820 = ushr %819, %103 (0x14)
            div 32     %821 = ior %820, %818
            div 32     %822 = iadd %819, %18 (0x1)
            div 32     %823 = ult32 %822, %819
            div 32     %824 = b2i32 %823
            div 32     %825 = iadd %824, %817
            div 32     %826 = ineg %825
            div 32     %827 = ine32 %822, %1 (0x0)
            div 32     %828 = b2i32 %827
            div 32     %829 = ineg %828
            div 32     %830 = iadd %826, %829
            div 32     %831 = ishl %830, %198 (0xc)
            div 32     %832 = ineg %822
            div 32     %833 = ushr %832, %103 (0x14)
            div 32     %834 = ior %833, %831
            div 32     %835 = ishr %830, %103 (0x14)
            div 32     %836 = ineg %835
            div 32     %837 = iadd %836, %558 (0xffffffff)
            div 32     %838 = ine32 %834, %1 (0x0)
            div 32     %839 = b2i32 %838
            div 32     %840 = ineg %839
            div 32     %841 = iadd %837, %840
            div 32     %842 = ineg %834
            div 32     %843 = iadd %558 (0xffffffff), %842
            div 32     %844 = ult32 %843, %558 (0xffffffff)
            div 32     %845 = b2i32 %844
            div 32     %846 = iadd %841, %845
            div 32     %847 = ige32 %817, %1 (0x0)
            div 32     %848 = ishr %817, %103 (0x14)
            div 32     %849 = b32csel %847, %848, %846
            div 32     %850 = b32csel %847, %821, %843
            con 32     %851 = load_const (0x00000158 = 344)
            div 32     %852 = iadd %95, %851 (0x158)
            div 32x2   %853 = @load_ssbo (%12 (0x2), %852) (access=readonly|reorderable, align_mul=64, align_offset=24, offset_shift=0)
            div 32     %854 = umul_high %853.x, %809
            div 32     %855 = imul %853.x, %809
            div 32     %856 = imul %853.y, %809
            div 32     %857 = imul %853.x, %813
            div 32     %858 = iadd %857, %856
            div 32     %859 = iadd %854, %858
            div 32     %860 = unpack_64_2x32_split_x %801
            div 32     %861 = unpack_64_2x32_split_y %801
            div 32     %862 = iadd %860, %855
            div 32     %863 = iadd %861, %859
            div 32     %864 = ult32 %862, %860
            div 32     %865 = b2i32 %864
            div 32     %866 = iadd %865, %863
                              // succs: b44 b45
            if %234 {
                div block b44:        // preds: b43
                con 32     %867 = load_const (0x00000190 = 400)
                div 32     %868 = iadd %95, %867 (0x190)
                div 32x2   %869 = @load_ssbo (%12 (0x2), %868) (access=readonly|reorderable, align_mul=64, align_offset=16, offset_shift=0)
                div 32     %870 = umul_high %869.x, %850
                div 32     %871 = imul %869.x, %850
                div 32     %872 = imul %869.y, %850
                div 32     %873 = imul %869.x, %849
                div 32     %874 = iadd %873, %872
                div 32     %875 = iadd %870, %874
                div 32     %876 = iadd %862, %871
                div 32     %877 = iadd %866, %875
                div 32     %878 = ult32 %876, %862
                div 32     %879 = b2i32 %878
                div 32     %880 = iadd %879, %877
                div 64     %881 = pack_64_2x32_split %876, %880
                                  // succs: b46
            } else {
                div block b45:        // preds: b43
                div 64     %882 = pack_64_2x32_split %862, %866
                                  // succs: b46
            }
            div block b46:        // preds: b44 b45
            div 64     %883 = phi b44: %881, b45: %882
                              // succs: b47 b48
            if %252 {
                div block b47:        // preds: b46
                div 32     %884 = umul_high %809, %850
                div 32     %885 = imul %809, %850
                div 32     %886 = imul %813, %850
                div 32     %887 = imul %809, %849
                div 32     %888 = iadd %887, %886
                div 32     %889 = iadd %884, %888
                div 32     %890 = ishl %889, %198 (0xc)
                div 32     %891 = ushr %885, %103 (0x14)
                div 32     %892 = ior %891, %890
                div 32     %893 = iadd %885, %18 (0x1)
                div 32     %894 = ult32 %893, %885
                div 32     %895 = b2i32 %894
                div 32     %896 = iadd %895, %889
                div 32     %897 = ineg %896
                div 32     %898 = ine32 %893, %1 (0x0)
                div 32     %899 = b2i32 %898
                div 32     %900 = ineg %899
                div 32     %901 = iadd %897, %900
                div 32     %902 = ishl %901, %198 (0xc)
                div 32     %903 = ineg %893
                div 32     %904 = ushr %903, %103 (0x14)
                div 32     %905 = ior %904, %902
                div 32     %906 = ishr %901, %103 (0x14)
                div 32     %907 = ineg %906
                div 32     %908 = iadd %907, %558 (0xffffffff)
                div 32     %909 = ine32 %905, %1 (0x0)
                div 32     %910 = b2i32 %909
                div 32     %911 = ineg %910
                div 32     %912 = iadd %908, %911
                div 32     %913 = ineg %905
                div 32     %914 = iadd %558 (0xffffffff), %913
                div 32     %915 = ult32 %914, %558 (0xffffffff)
                div 32     %916 = b2i32 %915
                div 32     %917 = iadd %912, %916
                div 32     %918 = ige32 %889, %1 (0x0)
                div 32     %919 = ishr %889, %103 (0x14)
                div 32     %920 = b32csel %918, %919, %917
                div 32     %921 = b32csel %918, %892, %914
                con 32     %922 = load_const (0x000001c8 = 456)
                div 32     %923 = iadd %95, %922 (0x1c8)
                div 32x2   %924 = @load_ssbo (%12 (0x2), %923) (access=readonly|reorderable, align_mul=64, align_offset=8, offset_shift=0)
                div 32     %925 = umul_high %924.x, %921
                div 32     %926 = imul %924.x, %921
                div 32     %927 = imul %924.y, %921
                div 32     %928 = imul %924.x, %920
                div 32     %929 = iadd %928, %927
                div 32     %930 = iadd %925, %929
                div 32     %931 = unpack_64_2x32_split_x %883
                div 32     %932 = unpack_64_2x32_split_y %883
                div 32     %933 = iadd %931, %926
                div 32     %934 = iadd %932, %930
                div 32     %935 = ult32 %933, %931
                div 32     %936 = b2i32 %935
                div 32     %937 = iadd %936, %934
                div 64     %938 = pack_64_2x32_split %933, %937
                                  // succs: b49
            } else {
                div block b48:  // preds: b46, succs: b49
            }
            div block b49:        // preds: b47 b48
            div 64     %939 = phi b47: %938, b48: %883
            div 32     %940 = umul_high %197, %70
            div 32     %941 = imul %197, %70
            div 32     %942 = imul %196, %70
            div 32     %943 = imul %197, %69
            div 32     %944 = iadd %943, %942
            div 32     %945 = iadd %940, %944
            div 32     %946 = umul_high %941, %182
            div 32     %947 = imul %941, %182
            div 32     %948 = imul %945, %182
            div 32     %949 = imul %941, %181
            div 32     %950 = iadd %949, %948
            div 32     %951 = iadd %946, %950
            div 32     %952 = umul_high %525, %947
            div 32     %953 = imul %525, %947
            div 32     %954 = imul %529, %947
            div 32     %955 = imul %525, %951
            div 32     %956 = iadd %955, %954
            div 32     %957 = iadd %952, %956
            div 32     %958 = ishl %957, %198 (0xc)
            div 32     %959 = ushr %953, %103 (0x14)
            div 32     %960 = ior %959, %958
            div 32     %961 = iadd %953, %18 (0x1)
            div 32     %962 = ult32 %961, %953
            div 32     %963 = b2i32 %962
            div 32     %964 = iadd %963, %957
            div 32     %965 = ineg %964
            div 32     %966 = ine32 %961, %1 (0x0)
            div 32     %967 = b2i32 %966
            div 32     %968 = ineg %967
            div 32     %969 = iadd %965, %968
            div 32     %970 = ishl %969, %198 (0xc)
            div 32     %971 = ineg %961
            div 32     %972 = ushr %971, %103 (0x14)
            div 32     %973 = ior %972, %970
            div 32     %974 = ishr %969, %103 (0x14)
            div 32     %975 = ineg %974
            div 32     %976 = iadd %975, %558 (0xffffffff)
            div 32     %977 = ine32 %973, %1 (0x0)
            div 32     %978 = b2i32 %977
            div 32     %979 = ineg %978
            div 32     %980 = iadd %976, %979
            div 32     %981 = ineg %973
            div 32     %982 = iadd %558 (0xffffffff), %981
            div 32     %983 = ult32 %982, %558 (0xffffffff)
            div 32     %984 = b2i32 %983
            div 32     %985 = iadd %980, %984
            div 32     %986 = ige32 %957, %1 (0x0)
            div 32     %987 = ishr %957, %103 (0x14)
            div 32     %988 = b32csel %986, %987, %985
            div 32     %989 = b32csel %986, %960, %982
            div 32     %990 = iadd %989, %989
            div 32     %991 = imul %988, %990
            div 32     %992 = umul_high %989, %989
            div 32     %993 = iadd %992, %991
            div 32     %994 = ishl %993, %198 (0xc)
            div 32     %995 = imul %989, %989
            div 32     %996 = ushr %995, %103 (0x14)
            div 32     %997 = ior %996, %994
            div 32     %998 = iadd %995, %18 (0x1)
            div 32     %999 = ult32 %998, %995
            div 32    %1000 = b2i32 %999
            div 32    %1001 = iadd %1000, %993
            div 32    %1002 = ineg %1001
            div 32    %1003 = ine32 %998, %1 (0x0)
            div 32    %1004 = b2i32 %1003
            div 32    %1005 = ineg %1004
            div 32    %1006 = iadd %1002, %1005
            div 32    %1007 = ishl %1006, %198 (0xc)
            div 32    %1008 = ineg %998
            div 32    %1009 = ushr %1008, %103 (0x14)
            div 32    %1010 = ior %1009, %1007
            div 32    %1011 = ishr %1006, %103 (0x14)
            div 32    %1012 = ineg %1011
            div 32    %1013 = iadd %1012, %558 (0xffffffff)
            div 32    %1014 = ine32 %1010, %1 (0x0)
            div 32    %1015 = b2i32 %1014
            div 32    %1016 = ineg %1015
            div 32    %1017 = iadd %1013, %1016
            div 32    %1018 = ineg %1010
            div 32    %1019 = iadd %558 (0xffffffff), %1018
            div 32    %1020 = ult32 %1019, %558 (0xffffffff)
            div 32    %1021 = b2i32 %1020
            div 32    %1022 = iadd %1017, %1021
            div 32    %1023 = ige32 %993, %1 (0x0)
            div 32    %1024 = ishr %993, %103 (0x14)
            div 32    %1025 = b32csel %1023, %1024, %1022
            div 32    %1026 = b32csel %1023, %997, %1019
            con 32    %1027 = load_const (0x00000160 = 352)
            div 32    %1028 = iadd %95, %1027 (0x160)
            div 32x2  %1029 = @load_ssbo (%12 (0x2), %1028) (access=readonly|reorderable, align_mul=64, align_offset=32, offset_shift=0)
            div 32    %1030 = umul_high %1029.x, %989
            div 32    %1031 = imul %1029.x, %989
            div 32    %1032 = imul %1029.y, %989
            div 32    %1033 = imul %1029.x, %988
            div 32    %1034 = iadd %1033, %1032
            div 32    %1035 = iadd %1030, %1034
            div 32    %1036 = unpack_64_2x32_split_x %939
            div 32    %1037 = unpack_64_2x32_split_y %939
            div 32    %1038 = iadd %1036, %1031
            div 32    %1039 = iadd %1037, %1035
            div 32    %1040 = ult32 %1038, %1036
            div 32    %1041 = b2i32 %1040
            div 32    %1042 = iadd %1041, %1039
                              // succs: b50 b51
            if %234 {
                div block b50:        // preds: b49
                con 32    %1043 = load_const (0x00000198 = 408)
                div 32    %1044 = iadd %95, %1043 (0x198)
                div 32x2  %1045 = @load_ssbo (%12 (0x2), %1044) (access=readonly|reorderable, align_mul=64, align_offset=24, offset_shift=0)
                div 32    %1046 = umul_high %1045.x, %1026
                div 32    %1047 = imul %1045.x, %1026
                div 32    %1048 = imul %1045.y, %1026
                div 32    %1049 = imul %1045.x, %1025
                div 32    %1050 = iadd %1049, %1048
                div 32    %1051 = iadd %1046, %1050
                div 32    %1052 = iadd %1038, %1047
                div 32    %1053 = iadd %1042, %1051
                div 32    %1054 = ult32 %1052, %1038
                div 32    %1055 = b2i32 %1054
                div 32    %1056 = iadd %1055, %1053
                div 64    %1057 = pack_64_2x32_split %1052, %1056
                                  // succs: b52
            } else {
                div block b51:        // preds: b49
                div 64    %1058 = pack_64_2x32_split %1038, %1042
                                  // succs: b52
            }
            div block b52:        // preds: b50 b51
            div 64    %1059 = phi b50: %1057, b51: %1058
                              // succs: b53 b54
            if %252 {
                div block b53:        // preds: b52
                div 32    %1060 = umul_high %989, %1026
                div 32    %1061 = imul %989, %1026
                div 32    %1062 = imul %988, %1026
                div 32    %1063 = imul %989, %1025
                div 32    %1064 = iadd %1063, %1062
                div 32    %1065 = iadd %1060, %1064
                div 32    %1066 = ishl %1065, %198 (0xc)
                div 32    %1067 = ushr %1061, %103 (0x14)
                div 32    %1068 = ior %1067, %1066
                div 32    %1069 = iadd %1061, %18 (0x1)
                div 32    %1070 = ult32 %1069, %1061
                div 32    %1071 = b2i32 %1070
                div 32    %1072 = iadd %1071, %1065
                div 32    %1073 = ineg %1072
                div 32    %1074 = ine32 %1069, %1 (0x0)
                div 32    %1075 = b2i32 %1074
                div 32    %1076 = ineg %1075
                div 32    %1077 = iadd %1073, %1076
                div 32    %1078 = ishl %1077, %198 (0xc)
                div 32    %1079 = ineg %1069
                div 32    %1080 = ushr %1079, %103 (0x14)
                div 32    %1081 = ior %1080, %1078
                div 32    %1082 = ishr %1077, %103 (0x14)
                div 32    %1083 = ineg %1082
                div 32    %1084 = iadd %1083, %558 (0xffffffff)
                div 32    %1085 = ine32 %1081, %1 (0x0)
                div 32    %1086 = b2i32 %1085
                div 32    %1087 = ineg %1086
                div 32    %1088 = iadd %1084, %1087
                div 32    %1089 = ineg %1081
                div 32    %1090 = iadd %558 (0xffffffff), %1089
                div 32    %1091 = ult32 %1090, %558 (0xffffffff)
                div 32    %1092 = b2i32 %1091
                div 32    %1093 = iadd %1088, %1092
                div 32    %1094 = ige32 %1065, %1 (0x0)
                div 32    %1095 = ishr %1065, %103 (0x14)
                div 32    %1096 = b32csel %1094, %1095, %1093
                div 32    %1097 = b32csel %1094, %1068, %1090
                con 32    %1098 = load_const (0x000001d0 = 464)
                div 32    %1099 = iadd %95, %1098 (0x1d0)
                div 32x2  %1100 = @load_ssbo (%12 (0x2), %1099) (access=readonly|reorderable, align_mul=64, align_offset=16, offset_shift=0)
                div 32    %1101 = umul_high %1100.x, %1097
                div 32    %1102 = imul %1100.x, %1097
                div 32    %1103 = imul %1100.y, %1097
                div 32    %1104 = imul %1100.x, %1096
                div 32    %1105 = iadd %1104, %1103
                div 32    %1106 = iadd %1101, %1105
                div 32    %1107 = unpack_64_2x32_split_x %1059
                div 32    %1108 = unpack_64_2x32_split_y %1059
                div 32    %1109 = iadd %1107, %1102
                div 32    %1110 = iadd %1108, %1106
                div 32    %1111 = ult32 %1109, %1107
                div 32    %1112 = b2i32 %1111
                div 32    %1113 = iadd %1112, %1110
                div 64    %1114 = pack_64_2x32_split %1109, %1113
                                  // succs: b55
            } else {
                div block b54:  // preds: b52, succs: b55
            }
            div block b55:        // preds: b53 b54
            div 64    %1115 = phi b53: %1114, b54: %1059
                              // succs: b56
        }
        div block b56:        // preds: b12 b55
        div 64    %1116 = phi b12: %168, b55: %1115
        div 32    %1117 = unpack_64_2x32_split_y %1116
        div 32    %1118 = unpack_64_2x32_split_x %1116
        con 32    %1119 = load_const (0x00000028 = 40)
        con 32x2  %1120 = @load_ssbo (%12 (0x2), %1119 (0x28)) (access=readonly|reorderable, align_mul=1073741824, align_offset=40, offset_shift=0)
        con 32    %1121 = iadd %1120.x, %19 (0x4)
        con 32    %1122 = iand %1121, %9 (0x3f)
        div 32    %1123 = ushr %1118, %1122
        div 32    %1124 = ishr %1117, %1122
        con 32    %1125 = iadd %1122, %104 (0xffffffe0)
        con 32    %1126 = iabs %1125
        div 32    %1127 = ishl %1117, %1126
        div 32    %1128 = ior %1123, %1127
        div 32    %1129 = ishr %1117, %1126
        con 32    %1130 = uge32 %1122, %99 (0x20)
        con 32    %1131 = load_const (0x0000001f = 31)
        div 32    %1132 = ishr %1117, %1131 (0x1f)
        div 32    %1133 = b32csel %1130, %1132, %1124
        div 32    %1134 = b32csel %1130, %1129, %1128
        con 32    %1135 = ieq32 %1122, %1 (0x0)
        div 32    %1136 = b32csel %1135, %1117, %1133
        div 32    %1137 = b32csel %1135, %1118, %1134
        div 32    %1138 = iadd %1118, %18 (0x1)
        div 32    %1139 = ult32 %1138, %1118
        div 32    %1140 = b2i32 %1139
        div 32    %1141 = iadd %1140, %1117
        div 32    %1142 = ineg %1141
        div 32    %1143 = ine32 %1138, %1 (0x0)
        div 32    %1144 = b2i32 %1143
        div 32    %1145 = ineg %1144
        div 32    %1146 = iadd %1142, %1145
        div 32    %1147 = ineg %1138
        div 32    %1148 = ushr %1147, %1122
        div 32    %1149 = ishr %1146, %1122
        div 32    %1150 = ishl %1146, %1126
        div 32    %1151 = ior %1148, %1150
        div 32    %1152 = ishr %1146, %1126
        div 32    %1153 = ishr %1146, %1131 (0x1f)
        div 32    %1154 = b32csel %1130, %1153, %1149
        div 32    %1155 = b32csel %1130, %1152, %1151
        div 32    %1156 = b32csel %1135, %1146, %1154
        div 32    %1157 = b32csel %1135, %1147, %1155
        con 32    %1158 = load_const (0xffffffff = -1 = 4294967295)
        div 32    %1159 = ineg %1156
        div 32    %1160 = iadd %1159, %1158 (0xffffffff)
        div 32    %1161 = ine32 %1157, %1 (0x0)
        div 32    %1162 = b2i32 %1161
        div 32    %1163 = ineg %1162
        div 32    %1164 = iadd %1160, %1163
        div 32    %1165 = ineg %1157
        div 32    %1166 = iadd %1158 (0xffffffff), %1165
        div 32    %1167 = ult32 %1166, %1158 (0xffffffff)
        div 32    %1168 = b2i32 %1167
        div 32    %1169 = iadd %1164, %1168
        div 32    %1170 = ige32 %1117, %1 (0x0)
        div 32    %1171 = b32csel %1170, %1136, %1169
        div 32    %1172 = b32csel %1170, %1137, %1166
        div 32    %1173 = ieq32 %1 (0x0), %1171
        con 32    %1174 = load_const (0x0000ffff = 65535)
        div 32    %1175 = ult32 %1174 (0xffff), %1172
        div 32    %1176 = iand %1173, %1175
        div 32    %1177 = ilt32 %1 (0x0), %1171
        div 32    %1178 = ior %1177, %1176
        div 32    %1179 = b32csel %1178, %1174 (0xffff), %1172
        div 32    %1180 = ilt32 %1171, %1 (0x0)
        div 32    %1181 = ior %1180, %1178
        div 32    %1182 = b32csel %1181, %1 (0x0), %1171
        div 32    %1183 = b32csel %1180, %1 (0x0), %1179
        con 32    %1184 = load_const (0x00000010 = 16)
        con 32x2  %1185 = @load_ssbo (%12 (0x2), %1184 (0x10)) (access=readonly|reorderable, align_mul=1073741824, align_offset=16, offset_shift=0)
        con 32    %1186 = ieq32 %1185.y, %1 (0x0)
        con 32    %1187 = ieq32 %1185.x, %18 (0x1)
        con 32    %1188 = iand %1186, %1187
                          // succs: b57 b61
        if %1188 {
            div block b57:        // preds: b56
            con 32    %1189 = load_const (0x00000038 = 56)
            con 32x2  %1190 = @load_ssbo (%12 (0x2), %1189 (0x38)) (access=readonly|reorderable, align_mul=1073741824, align_offset=56, offset_shift=0)
            con 32    %1191 = ineg %1190.y
            con 32    %1192 = ine32 %1190.x, %1 (0x0)
            con 32    %1193 = b2i32 %1192
            con 32    %1194 = ineg %1193
            con 32    %1195 = iadd %1191, %1194
            con 32    %1196 = ineg %1190.x
            div 32    %1197 = iadd %21.w, %1196
            div 32    %1198 = ult32 %1197, %21.w
            div 32    %1199 = b2i32 %1198
            div 32    %1200 = iadd %1199, %1195
            div 32    %1201 = ior %1197, %1200
            div 32    %1202 = ine32 %1201, %1 (0x0)
                              // succs: b58 b59
            if %1202 {
                div block b58:        // preds: b57
                div 32    %1203 = ieq32 %1 (0x0), %1200
                div 32    %1204 = ine32 %1197, %1 (0x0)
                div 32    %1205 = iand %1203, %1204
                div 32    %1206 = ilt32 %1 (0x0), %1200
                div 32    %1207 = ior %1206, %1205
                con 32    %1208 = load_const (0x00000030 = 48)
                con 32x2  %1209 = @load_ssbo (%12 (0x2), %1208 (0x30)) (access=readonly|reorderable, align_mul=1073741824, align_offset=48, offset_shift=0)
                con 32    %1210 = ineg %1209.x
                con 32    %1211 = load_const (0x0000000a = 10)
                con 32    %1212 = iadd %1211 (0xa), %1210
                con 32    %1213 = iand %1212, %9 (0x3f)
                con 32    %1214 = uge32 %1213, %99 (0x20)
                con 32    %1215 = iadd %1213, %104 (0xffffffe0)
                con 32    %1216 = iabs %1215
                con 32    %1217 = ushr %18 (0x1), %1216
                con 32    %1218 = ishl %18 (0x1), %1216
                con 32    %1219 = b32csel %1214, %1218, %1217
                con 32    %1220 = ishl %18 (0x1), %1213
                con 32    %1221 = b32csel %1214, %1 (0x0), %1220
                con 32    %1222 = ieq32 %1213, %1 (0x0)
                con 32    %1223 = b32csel %1222, %1 (0x0), %1219
                con 32    %1224 = b32csel %1222, %18 (0x1), %1221
                con 32    %1225 = ushr %1224, %1131 (0x1f)
                con 32    %1226 = ishl %1223, %18 (0x1)
                con 32    %1227 = ior %1226, %1225
                con 32    %1228 = load_const (0x00000050 = 80)
                con 32x2  %1229 = @load_ssbo (%12 (0x2), %1228 (0x50)) (access=readonly|reorderable, align_mul=1073741824, align_offset=80, offset_shift=0)
                con 32    %1230 = ishl %1224, %18 (0x1)
                con 32    %1231 = umul_high %1230, %1229.x
                con 32    %1232 = imul %1230, %1229.x
                con 32    %1233 = imul %1227, %1229.x
                con 32    %1234 = imul %1230, %1229.y
                con 32    %1235 = iadd %1234, %1233
                con 32    %1236 = iadd %1231, %1235
                div 32    %1237 = ushr %1197, %1131 (0x1f)
                div 32    %1238 = ishl %1200, %18 (0x1)
                div 32    %1239 = ior %1238, %1237
                div 32    %1240 = b32csel %1207, %1158 (0xffffffff), %18 (0x1)
                div 32    %1241 = ishl %1197, %18 (0x1)
                div 32    %1242 = iadd %1241, %1240
                div 32    %1243 = b2i32 %1207
                div 32    %1244 = ineg %1243
                div 32    %1245 = iadd %1239, %1244
                div 32    %1246 = ult32 %1242, %1241
                div 32    %1247 = b2i32 %1246
                div 32    %1248 = iadd %1247, %1245
                con 32    %1249 = load_const (0x00000040 = 64)
                con 32x4  %1250 = @load_ssbo_uniform_block_intel (%12 (0x2), %1249 (0x40)) (access=readonly|reorderable, align_mul=1073741824, align_offset=64, base=0)
                div 32    %1251 = umul_high %1242, %1250.x
                div 32    %1252 = imul %1242, %1250.x
                div 32    %1253 = imul %1248, %1250.x
                div 32    %1254 = imul %1242, %1250.y
                div 32    %1255 = iadd %1254, %1253
                div 32    %1256 = iadd %1251, %1255
                div 32    %1257 = b32csel %1207, %12 (0x2), %75 (0xfffffffe)
                div 32    %1258 = umul_high %1257, %1250.z
                div 32    %1259 = imul %1257, %1250.z
                div 32    %1260 = b32csel %1207, %1 (0x0), %1250.z
                div 32    %1261 = imul %1257, %1250.w
                div 32    %1262 = ineg %1260
                div 32    %1263 = iadd %1261, %1262
                div 32    %1264 = iadd %1258, %1263
                div 32    %1265 = iadd %1252, %1259
                div 32    %1266 = iadd %1256, %1264
                div 32    %1267 = ult32 %1265, %1252
                div 32    %1268 = b2i32 %1267
                div 32    %1269 = iadd %1268, %1266
                div 32    %1270 = umul_high %1265, %1224
                div 32    %1271 = imul %1265, %1224
                div 32    %1272 = imul %1269, %1224
                div 32    %1273 = imul %1265, %1223
                div 32    %1274 = iadd %1273, %1272
                div 32    %1275 = iadd %1270, %1274
                con 32    %1276 = ineg %1236
                con 32    %1277 = ine32 %1232, %1 (0x0)
                con 32    %1278 = b2i32 %1277
                con 32    %1279 = ineg %1278
                con 32    %1280 = iadd %1276, %1279
                div 32    %1281 = ieq32 %1275, %1280
                con 32    %1282 = ineg %1232
                div 32    %1283 = ult32 %1271, %1282
                div 32    %1284 = iand %1281, %1283
                div 32    %1285 = ilt32 %1275, %1280
                div 32    %1286 = ior %1285, %1284
                div 32    %1287 = ieq32 %1236, %1275
                div 32    %1288 = ult32 %1232, %1271
                div 32    %1289 = iand %1287, %1288
                div 32    %1290 = ilt32 %1236, %1275
                div 32    %1291 = ior %1290, %1289
                div 32    %1292 = b32csel %1291, %1236, %1275
                div 32    %1293 = b32csel %1291, %1232, %1271
                div 32    %1294 = b32csel %1286, %1280, %1292
                div 32    %1295 = b32csel %1286, %1282, %1293
                con 32    %1296 = load_const (0xfffffffb = -5 = 4294967291)
                con 32    %1297 = iadd %1120.x, %1296 (0xfffffffb)
                con 32    %1298 = iadd %1297, %1210
                con 32    %1299 = iand %1298, %9 (0x3f)
                div 32    %1300 = ushr %1295, %1299
                div 32    %1301 = ishr %1294, %1299
                con 32    %1302 = iadd %1299, %104 (0xffffffe0)
                con 32    %1303 = iabs %1302
                div 32    %1304 = ishl %1294, %1303
                div 32    %1305 = ior %1300, %1304
                div 32    %1306 = ishr %1294, %1303
                con 32    %1307 = uge32 %1299, %99 (0x20)
                div 32    %1308 = ishr %1294, %1131 (0x1f)
                div 32    %1309 = b32csel %1307, %1308, %1301
                div 32    %1310 = b32csel %1307, %1306, %1305
                con 32    %1311 = ieq32 %1299, %1 (0x0)
                div 32    %1312 = b32csel %1311, %1294, %1309
                div 32    %1313 = b32csel %1311, %1295, %1310
                div 32    %1314 = iadd %1295, %18 (0x1)
                div 32    %1315 = ult32 %1314, %1295
                div 32    %1316 = b2i32 %1315
                div 32    %1317 = iadd %1316, %1294
                div 32    %1318 = ineg %1317
                div 32    %1319 = ine32 %1314, %1 (0x0)
                div 32    %1320 = b2i32 %1319
                div 32    %1321 = ineg %1320
                div 32    %1322 = iadd %1318, %1321
                div 32    %1323 = ineg %1314
                div 32    %1324 = ushr %1323, %1299
                div 32    %1325 = ishr %1322, %1299
                div 32    %1326 = ishl %1322, %1303
                div 32    %1327 = ior %1324, %1326
                div 32    %1328 = ishr %1322, %1303
                div 32    %1329 = ishr %1322, %1131 (0x1f)
                div 32    %1330 = b32csel %1307, %1329, %1325
                div 32    %1331 = b32csel %1307, %1328, %1327
                div 32    %1332 = b32csel %1311, %1322, %1330
                div 32    %1333 = b32csel %1311, %1323, %1331
                div 32    %1334 = ineg %1332
                div 32    %1335 = iadd %1334, %1158 (0xffffffff)
                div 32    %1336 = ine32 %1333, %1 (0x0)
                div 32    %1337 = b2i32 %1336
                div 32    %1338 = ineg %1337
                div 32    %1339 = iadd %1335, %1338
                div 32    %1340 = ineg %1333
                div 32    %1341 = iadd %1158 (0xffffffff), %1340
                div 32    %1342 = ult32 %1341, %1158 (0xffffffff)
                div 32    %1343 = b2i32 %1342
                div 32    %1344 = iadd %1339, %1343
                div 32    %1345 = ige32 %1294, %1 (0x0)
                div 32    %1346 = b32csel %1345, %1312, %1344
                div 32    %1347 = b32csel %1345, %1313, %1341
                div 64    %1348 = pack_64_2x32_split %1347, %1346
                                  // succs: b60
            } else {
                div block b59:  // preds: b57, succs: b60
            }
            div block b60:        // preds: b58 b59
            div 64    %1349 = phi b58: %1348, b59: %102 (0x0)
                              // succs: b62
        } else {
            div block b61:  // preds: b56, succs: b62
        }
        div block b62:        // preds: b60 b61
        div 64    %1350 = phi b60: %1349, b61: %102 (0x0)
        div 32    %1351 = unpack_64_2x32_split_x %1350
        div 32    %1352 = unpack_64_2x32_split_y %1350
        div 32    %1353 = iadd %1183, %1351
        div 32    %1354 = iadd %1182, %1352
        div 32    %1355 = ult32 %1353, %1183
        div 32    %1356 = b2i32 %1355
        div 32    %1357 = iadd %1356, %1354
        con 32x2  %1358 = @load_ssbo (%12 (0x2), %101 (0x18)) (access=readonly|reorderable, align_mul=1073741824, align_offset=24, offset_shift=0)
        con 32    %1359 = ineg %1358.x
        con 32    %1360 = load_const (0x0000000f = 15)
        con 32    %1361 = iadd %1360 (0xf), %1359
        con 32    %1362 = iand %1361, %9 (0x3f)
        con 32    %1363 = uge32 %1362, %99 (0x20)
        con 32    %1364 = iadd %1362, %104 (0xffffffe0)
        con 32    %1365 = iabs %1364
        con 32    %1366 = ushr %18 (0x1), %1365
        con 32    %1367 = ishl %18 (0x1), %1365
        con 32    %1368 = b32csel %1363, %1367, %1366
        con 32    %1369 = ishl %18 (0x1), %1362
        con 32    %1370 = b32csel %1363, %1 (0x0), %1369
        con 32    %1371 = ieq32 %1362, %1 (0x0)
        con 32    %1372 = b32csel %1371, %1 (0x0), %1368
        con 32    %1373 = b32csel %1371, %18 (0x1), %1370
        div 32    %1374 = iadd %1353, %1373
        div 32    %1375 = iadd %1357, %1372
        div 32    %1376 = ult32 %1374, %1353
        div 32    %1377 = b2i32 %1376
        div 32    %1378 = iadd %1377, %1375
        con 32    %1379 = iadd %1184 (0x10), %1359
        con 32    %1380 = iand %1379, %9 (0x3f)
        div 32    %1381 = ushr %1374, %1380
        div 32    %1382 = ishr %1378, %1380
        con 32    %1383 = iadd %1380, %104 (0xffffffe0)
        con 32    %1384 = iabs %1383
        div 32    %1385 = ishl %1378, %1384
        div 32    %1386 = ior %1381, %1385
        div 32    %1387 = ishr %1378, %1384
        con 32    %1388 = uge32 %1380, %99 (0x20)
        div 32    %1389 = ishr %1378, %1131 (0x1f)
        div 32    %1390 = b32csel %1388, %1389, %1382
        div 32    %1391 = b32csel %1388, %1387, %1386
        con 32    %1392 = ieq32 %1380, %1 (0x0)
        div 32    %1393 = b32csel %1392, %1378, %1390
        div 32    %1394 = b32csel %1392, %1374, %1391
        div 32    %1395 = iadd %1374, %18 (0x1)
        div 32    %1396 = ult32 %1395, %1374
        div 32    %1397 = b2i32 %1396
        div 32    %1398 = iadd %1397, %1378
        div 32    %1399 = ineg %1398
        div 32    %1400 = ine32 %1395, %1 (0x0)
        div 32    %1401 = b2i32 %1400
        div 32    %1402 = ineg %1401
        div 32    %1403 = iadd %1399, %1402
        div 32    %1404 = ineg %1395
        div 32    %1405 = ushr %1404, %1380
        div 32    %1406 = ishr %1403, %1380
        div 32    %1407 = ishl %1403, %1384
        div 32    %1408 = ior %1405, %1407
        div 32    %1409 = ishr %1403, %1384
        div 32    %1410 = ishr %1403, %1131 (0x1f)
        div 32    %1411 = b32csel %1388, %1410, %1406
        div 32    %1412 = b32csel %1388, %1409, %1408
        div 32    %1413 = b32csel %1392, %1403, %1411
        div 32    %1414 = b32csel %1392, %1404, %1412
        div 32    %1415 = ineg %1413
        div 32    %1416 = iadd %1415, %1158 (0xffffffff)
        div 32    %1417 = ine32 %1414, %1 (0x0)
        div 32    %1418 = b2i32 %1417
        div 32    %1419 = ineg %1418
        div 32    %1420 = iadd %1416, %1419
        div 32    %1421 = ineg %1414
        div 32    %1422 = iadd %1158 (0xffffffff), %1421
        div 32    %1423 = ult32 %1422, %1158 (0xffffffff)
        div 32    %1424 = b2i32 %1423
        div 32    %1425 = iadd %1420, %1424
        div 32    %1426 = ige32 %1378, %1 (0x0)
        div 32    %1427 = b32csel %1426, %1393, %1425
        div 32    %1428 = b32csel %1426, %1394, %1422
        con 32    %1429 = iand %1358.x, %9 (0x3f)
        con 32    %1430 = uge32 %1429, %99 (0x20)
        con 32    %1431 = iadd %1429, %104 (0xffffffe0)
        con 32    %1432 = iabs %1431
        con 32    %1433 = ushr %18 (0x1), %1432
        con 32    %1434 = ishl %18 (0x1), %1432
        con 32    %1435 = b32csel %1430, %1434, %1433
        con 32    %1436 = ishl %18 (0x1), %1429
        con 32    %1437 = b32csel %1430, %1 (0x0), %1436
        con 32    %1438 = ieq32 %1429, %1 (0x0)
        con 32    %1439 = b32csel %1438, %18 (0x1), %1437
        con 32    %1440 = iadd %1435, %1158 (0xffffffff)
        con 32    %1441 = b32csel %1438, %1158 (0xffffffff), %1440
        con 32    %1442 = iadd %1439, %1158 (0xffffffff)
        con 32    %1443 = ult32 %1442, %1439
        con 32    %1444 = b2i32 %1443
        con 32    %1445 = iadd %1444, %1441
        div 32    %1446 = ieq32 %1445, %1427
        div 32    %1447 = ult32 %1442, %1428
        div 32    %1448 = iand %1446, %1447
        div 32    %1449 = ilt32 %1445, %1427
        div 32    %1450 = ior %1449, %1448
        div 32    %1451 = b32csel %1450, %1442, %1428
        div 32    %1452 = ilt32 %1427, %1 (0x0)
        div 32    %1453 = b32csel %1452, %1 (0x0), %1451
        div 32x4  %1454 = vec4 %1183, %1351, %1353, %1453
                          @store_ssbo (%1454, %1 (0x0), %20) (wrmask=xyzw, access=writeonly, align_mul=16, align_offset=0, offset_shift=0)
                          // succs: b64
    } else {
        div block b63:  // preds: b0, succs: b64
    }
    con block b64:  // preds: b62 b63, succs: b65
    block b65:
}

NIR (final form) for compute shader:
shader: MESA_SHADER_COMPUTE
source_blake3: {0x225dad7f, 0xe2b4d708, 0x2c1f3472, 0x273b6837, 0x4dba321c, 0x9a282a80, 0x56b23ddc, 0xd22127d3}
name: GLSL2
workgroup_size: 64, 1, 1
num_ssbos: 3
system_values_read: 0x00000000'00000000'00008400'00000000
max_subgroup_size: 8
min_subgroup_size: 8
bit_sizes_int: 0x61
first_ubo_is_default_ubo: true
flrp_lowered: true
writes_memory: true
decl_var ssbo INTERP_MODE_NONE writeonly ivec4[] results (0, 0, 2)
decl_var ssbo INTERP_MODE_NONE readonly uvec4[] samples (0, 1, 1)
decl_var ssbo INTERP_MODE_NONE readonly int64_t[] m (0, 2, 0)
decl_function main () (entrypoint)

impl main {
    con block b0:         // preds:
    con 32       %0 = @decl_reg (num_components=1, num_array_elems=0, bit_size=32, divergent=0)
    con 32       %1 = @decl_reg (num_components=1, num_array_elems=0, bit_size=32, divergent=0)
    div 32       %2 = @decl_reg (num_components=1, num_array_elems=0, bit_size=32, divergent=1)
    div 32       %3 = @decl_reg (num_components=1, num_array_elems=0, bit_size=64, divergent=1)
    con 32       %4 = @decl_reg (num_components=1, num_array_elems=0, bit_size=32, divergent=0)
    div 32       %5 = @decl_reg (num_components=1, num_array_elems=0, bit_size=64, divergent=1)
    div 32       %6 = @decl_reg (num_components=1, num_array_elems=0, bit_size=64, divergent=1)
    div 32       %7 = @decl_reg (num_components=1, num_array_elems=0, bit_size=64, divergent=1)
    div 32       %8 = @decl_reg (num_components=1, num_array_elems=0, bit_size=64, divergent=1)
    div 32       %9 = @decl_reg (num_components=1, num_array_elems=0, bit_size=64, divergent=1)
    div 32      %10 = @decl_reg (num_components=1, num_array_elems=0, bit_size=64, divergent=1)
    div 32      %11 = @decl_reg (num_components=1, num_array_elems=0, bit_size=64, divergent=1)
    div 32      %12 = @decl_reg (num_components=1, num_array_elems=0, bit_size=64, divergent=1)
    con 32x3    %13 = @load_workgroup_id
    con 32      %14 = load_const (0x00000000)
    con 32      %15 = @load_push_data_intel (%14 (0x0)) (base=0, range=4, access=none)
    con 32      %16 = load_const (0x00000003)
    con 32      %17 = ishl %15, %16 (0x3)
    div 32      %18 = @load_subgroup_invocation
    div 32      %19 = iadd %18, %17
    con 32      %20 = load_const (0x00000006)
    con 32      %21 = ishl %13.x, %20 (0x6)
    con 32      %22 = load_const (0x0000003f = 63)
    div 32      %23 = iand %19, %22 (0x3f)
    div 32      %24 = iadd %21, %23
    con 32      %25 = load_const (0x00000002)
    con 32x2    %26 = @load_ssbo (%25 (0x2), %14 (0x0)) (access=readonly|reorderable, align_mul=1073741824, align_offset=0, offset_shift=0)
    div 32      %27 = ult32 %24, %26.x
                      // succs: b1 b63
    if %27 {
        div block b1:         // preds: b0
        con 32      %28 = load_const (0x00000008)
        con 32x2    %29 = @load_ssbo (%25 (0x2), %28 (0x8)) (access=readonly|reorderable, align_mul=1073741824, align_offset=8, offset_shift=0)
        con 32      %30 = ilt32 %29.x, %16 (0x3)
        con 32      %31 = load_const (0x00000001)
        con 32      %32 = load_const (0x00000004)
        div 32      %33 = ishl %24, %32 (0x4)
        div 32x4    %34 = @load_ssbo (%31 (0x1), %33) (access=readonly|reorderable, align_mul=16, align_offset=0, offset_shift=0)
        div 32      %35 = b32csel %30, %34.z, %34.w
        con 32      %36 = ilt32 %29.x, %31 (0x1)
        div 32      %37 = b32csel %36, %34.x, %34.y
        con 32      %38 = ilt32 %29.x, %25 (0x2)
        div 32      %39 = b32csel %38, %37, %35
        con 32      %40 = load_const (0x00000058 = 88)
        con 32x16   %41 = @load_ssbo_uniform_block_intel (%25 (0x2), %40 (0x58)) (access=readonly|reorderable, align_mul=1073741824, align_offset=88, base=0)
        con 32      %42 = ieq32 %14 (0x0), %41.b
        div 32      %43 = ult32 %34.x, %41.a
        div 32      %44 = iand %42, %43
        con 32      %45 = ilt32 %14 (0x0), %41.b
        div 32      %46 = ior %45, %44
        con 32      %47 = ieq32 %41.d, %14 (0x0)
        div 32      %48 = ult32 %41.c, %34.x
        div 32      %49 = iand %47, %48
        con 32      %50 = ilt32 %41.d, %14 (0x0)
        div 32      %51 = ior %50, %49
        div 32      %52 = b32csel %51, %41.d, %14 (0x0)
        div 32      %53 = b32csel %51, %41.c, %34.x
        div 32      %54 = b32csel %46, %41.b, %52
        div 32      %55 = b32csel %46, %41.a, %53
        con 32      %56 = ieq32 %14 (0x0), %41.f
        div 32      %57 = ult32 %34.y, %41.e
        div 32      %58 = iand %56, %57
        con 32      %59 = ilt32 %14 (0x0), %41.f
        div 32      %60 = ior %59, %58
        con 32      %61 = ieq32 %41.h, %14 (0x0)
        div 32      %62 = ult32 %41.g, %34.y
        div 32      %63 = iand %61, %62
        con 32      %64 = ilt32 %41.h, %14 (0x0)
        div 32      %65 = ior %64, %63
        div 32      %66 = b32csel %65, %41.h, %14 (0x0)
        div 32      %67 = b32csel %65, %41.g, %34.y
        div 32      %68 = b32csel %60, %41.f, %66
        div 32      %69 = b32csel %60, %41.e, %67
        con 32      %70 = ieq32 %14 (0x0), %41.j
        div 32      %71 = ult32 %34.z, %41.i
        div 32      %72 = iand %70, %71
        con 32      %73 = ilt32 %14 (0x0), %41.j
        div 32      %74 = ior %73, %72
        con 32      %75 = ieq32 %41.l, %14 (0x0)
        div 32      %76 = ult32 %41.k, %34.z
        div 32      %77 = iand %75, %76
        con 32      %78 = ilt32 %41.l, %14 (0x0)
        div 32      %79 = ior %78, %77
        div 32      %80 = b32csel %79, %41.l, %14 (0x0)
        div 32      %81 = b32csel %79, %41.k, %34.z
        div 32      %82 = b32csel %74, %41.j, %80
        div 32      %83 = b32csel %74, %41.i, %81
        con 32      %84 = load_const (0x000000a0 = 160)
        con 32      %85 = load_const (0x00000088 = 136)
        con 32x2    %86 = @load_ssbo (%25 (0x2), %85 (0x88)) (access=readonly|reorderable, align_mul=1073741824, align_offset=136, offset_shift=0)
        con 32      %87 = load_const (0x00000098 = 0.000000 = 152)
        con 32      %88 = load_const (0xfffffffe = -2 = 4294967294)
        con 32      %89 = iadd %86.x, %88 (0xfffffffe)
        con 32      %90 = mov %87 (0x98)
                          @store_reg (%90, %1) (base=0, wrmask=x, legacy_fsat=0)
        con 32      %91 = mov %14 (0x0)
                          @store_reg (%91, %0) (base=0, wrmask=x, legacy_fsat=0)
                          // succs: b2
        div loop {
            div block b2:         // preds: b1 b5
            con 32      %92 = @load_reg (%1) (base=0, legacy_fabs=0, legacy_fneg=0)
            con 32x2    %93 = @load_ssbo (%25 (0x2), %92) (access=readonly|reorderable, align_mul=8, align_offset=0, offset_shift=0)
            con 32      %94 = ieq32 %14 (0x0), %93.y
            div 32      %95 = ult32 %39, %93.x
            div 32      %96 = iand %94, %95
            con 32      %97 = ilt32 %14 (0x0), %93.y
            div 32      %98 = ior %97, %96
            div 32      %99 = inot %98
            con 32     %100 = @load_reg (%0) (base=0, legacy_fabs=0, legacy_fneg=0)
            con 32     %101 = ilt32 %100, %89
            div 32     %102 = iand %101, %99
            div 32     %103 = inot %102
                              // succs: b3 b4
            if %103 {
                div block b3:         // preds: b2
                con 32     %104 = @load_reg (%0) (base=0, legacy_fabs=0, legacy_fneg=0)
                con 32     %105 = mov %104
                                  @store_reg (%105, %2) (base=0, wrmask=x, legacy_fsat=0)
                                  break
                                  // succs: b6
            } else {
                div block b4:  // preds: b2, succs: b5
            }
            div block b5:         // preds: b4
            con 32     %106 = @load_reg (%0) (base=0, legacy_fabs=0, legacy_fneg=0)
            con 32     %107 = ishl %106, %16 (0x3)
            con 32     %108 = iadd %107, %84 (0xa0)
                              @store_reg (%108, %1) (base=0, wrmask=x, legacy_fsat=0)
            con 32     %109 = @load_reg (%0) (base=0, legacy_fabs=0, legacy_fneg=0)
            con 32     %110 = iadd %109, %31 (0x1)
                              @store_reg (%110, %0) (base=0, wrmask=x, legacy_fsat=0)
                              // succs: b2
        }
        div block b6:         // preds: b3
        con 32     %111 = load_const (0x00000118 = 280)
        con 32     %112 = load_const (0x000000c0 = 192)
        div 32     %113 = @load_reg (%2) (base=0, legacy_fabs=0, legacy_fneg=0)
        div 32     %114 = imul_32x16 %113, %112 (0xc0)
        div 32     %115 = iadd %114, %111 (0x118)
        div 32x4   %116 = @load_ssbo (%25 (0x2), %115) (access=readonly|reorderable, align_mul=64, align_offset=24, offset_shift=0)
        div 32     %117 = ior %116.x, %116.y
        con 32     %118 = load_const (0x00000020 = 32)
        con 32x2   %119 = @load_ssbo (%25 (0x2), %118 (0x20)) (access=readonly|reorderable, align_mul=1073741824, align_offset=32, offset_shift=0)
        con 32     %120 = load_const (0x00000018 = 24)
        con 64     %121 = load_const (0x0000000000000000 = 0.000000)
        con 32     %122 = load_const (0x00000014 = 20)
        con 32     %123 = load_const (0xffffffe0 = -32 = 4294967264)
        div 32     %124 = ieq32 %117, %14 (0x0)
                          // succs: b7 b13
        if %124 {
            div block b7:         // preds: b6
            con 32     %125 = ieq32 %29.x, %31 (0x1)
            div 32     %126 = b32csel %125, %68, %82
            div 32     %127 = b32csel %125, %69, %83
            con 32     %128 = ieq32 %29.x, %14 (0x0)
            div 32     %129 = b32csel %128, %54, %126
            div 32     %130 = b32csel %128, %55, %127
            con 32     %131 = load_const (0x00000130 = 304)
            div 32     %132 = @load_reg (%2) (base=0, legacy_fabs=0, legacy_fneg=0)
            div 32     %133 = imul_32x16 %132, %120 (0x18)
            con 64     %134 = load_const (0x0000000000000001 = 0.000000)
            con 64     %135 = mov %121 (0x0)
                              @store_reg (%135, %11) (base=0, wrmask=x, legacy_fsat=0)
            con 32     %136 = mov %14 (0x0)
                              @store_reg (%136, %4) (base=0, wrmask=x, legacy_fsat=0)
            con 64     %137 = mov %134 (0x1)
                              @store_reg (%137, %3) (base=0, wrmask=x, legacy_fsat=0)
                              // succs: b8
            div loop {
                div block b8:         // preds: b7 b11
                con 32     %138 = @load_reg (%4) (base=0, legacy_fabs=0, legacy_fneg=0)
                div 32     %139 = ilt32 %116.z, %138
                                  // succs: b9 b10
                if %139 {
                    div block b9:// preds: b8
                    break
                    // succs: b12
                } else {
                    div block b10:  // preds: b8, succs: b11
                }
                div block b11:        // preds: b10
                con 32     %140 = @load_reg (%4) (base=0, legacy_fabs=0, legacy_fneg=0)
                div 32     %141 = iadd %133, %140
                div 64     %142 = @load_reg (%3) (base=0, legacy_fabs=0, legacy_fneg=0)
                div 32     %143 = unpack_64_2x32_split_x %142
                div 64     %144 = @load_reg (%3) (base=0, legacy_fabs=0, legacy_fneg=0)
                div 32     %145 = unpack_64_2x32_split_y %144
                div 32     %146 = ishl %141, %16 (0x3)
                div 32     %147 = iadd %146, %131 (0x130)
                div 32x2   %148 = @load_ssbo (%25 (0x2), %147) (access=readonly|reorderable, align_mul=8, align_offset=0, offset_shift=0)
                div 32     %149 = umul_high %148.x, %143
                div 32     %150 = imul %148.x, %143
                div 32     %151 = imul %148.y, %143
                div 32     %152 = imul %148.x, %145
                div 32     %153 = iadd %152, %151
                div 32     %154 = iadd %149, %153
                con 32     %155 = @load_reg (%4) (base=0, legacy_fabs=0, legacy_fneg=0)
                con 32     %156 = imul %119.x, %155
                con 32     %157 = ineg %156
                con 32     %158 = iadd %122 (0x14), %157
                con 32     %159 = iand %158, %22 (0x3f)
                con 32     %160 = uge32 %159, %118 (0x20)
                con 32     %161 = iadd %159, %123 (0xffffffe0)
                con 32     %162 = iabs %161
                con 32     %163 = ushr %31 (0x1), %162
                con 32     %164 = ishl %31 (0x1), %162
                con 32     %165 = b32csel %160, %164, %163
                con 32     %166 = ishl %31 (0x1), %159
                con 32     %167 = b32csel %160, %14 (0x0), %166
                con 32     %168 = ieq32 %159, %14 (0x0)
                con 32     %169 = b32csel %168, %14 (0x0), %165
                con 32     %170 = b32csel %168, %31 (0x1), %167
                div 32     %171 = umul_high %150, %170
                div 32     %172 = imul %150, %170
                div 32     %173 = imul %154, %170
                div 32     %174 = imul %150, %169
                div 32     %175 = iadd %174, %173
                div 32     %176 = iadd %171, %175
                div 64     %177 = @load_reg (%11) (base=0, legacy_fabs=0, legacy_fneg=0)
                div 32     %178 = unpack_64_2x32_split_x %177
                div 64     %179 = @load_reg (%11) (base=0, legacy_fabs=0, legacy_fneg=0)
                div 32     %180 = unpack_64_2x32_split_y %179
                div 32     %181 = iadd %178, %172
                div 32     %182 = iadd %180, %176
                div 32     %183 = ult32 %181, %178
                div 32     %184 = b2i32 %183
                div 32     %185 = iadd %184, %182
                div 32     %186 = umul_high %143, %130
                div 32     %187 = imul %143, %130
                div 32     %188 = imul %145, %130
                div 32     %189 = imul %143, %129
                div 32     %190 = iadd %189, %188
                div 32     %191 = iadd %186, %190
                con 32     %192 = @load_reg (%4) (base=0, legacy_fabs=0, legacy_fneg=0)
                con 32     %193 = iadd %192, %31 (0x1)
                                  @store_reg (%193, %4) (base=0, wrmask=x, legacy_fsat=0)
                div 64     %194 = pack_64_2x32_split %181, %185
                                  @store_reg (%194, %11) (base=0, wrmask=x, legacy_fsat=0)
                div 64     %195 = pack_64_2x32_split %187, %191
                                  @store_reg (%195, %3) (base=0, wrmask=x, legacy_fsat=0)
                                  // succs: b8
            }
            div block b12:  // preds: b9, succs: b56
        } else {
            div block b13:        // preds: b6
            con 32     %196 = ineg %119.x
            con 32     %197 = iadd %122 (0x14), %196
            con 32     %198 = iand %197, %22 (0x3f)
            con 32     %199 = uge32 %198, %118 (0x20)
            con 32     %200 = iadd %198, %123 (0xffffffe0)
            con 32     %201 = iabs %200
            con 32     %202 = ushr %31 (0x1), %201
            con 32     %203 = ishl %31 (0x1), %201
            con 32     %204 = b32csel %199, %203, %202
            con 32     %205 = ishl %31 (0x1), %198
            con 32     %206 = b32csel %199, %14 (0x0), %205
            con 32     %207 = ieq32 %198, %14 (0x0)
            con 32     %208 = b32csel %207, %14 (0x0), %204
            con 32     %209 = b32csel %207, %31 (0x1), %206
            con 32     %210 = ishl %119.x, %31 (0x1)
            con 32     %211 = ineg %210
            con 32     %212 = iadd %122 (0x14), %211
            con 32     %213 = iand %212, %22 (0x3f)
            con 32     %214 = uge32 %213, %118 (0x20)
            con 32     %215 = iadd %213, %123 (0xffffffe0)
            con 32     %216 = iabs %215
            con 32     %217 = ushr %31 (0x1), %216
            con 32     %218 = ishl %31 (0x1), %216
            con 32     %219 = b32csel %214, %218, %217
            con 32     %220 = ishl %31 (0x1), %213
            con 32     %221 = b32csel %214, %14 (0x0), %220
            con 32     %222 = ieq32 %213, %14 (0x0)
            con 32     %223 = b32csel %222, %14 (0x0), %219
            con 32     %224 = b32csel %222, %31 (0x1), %221
            con 32     %225 = load_const (0x0000000c = 12)
            con 32     %226 = load_const (0x00000128 = 296)
            div 32     %227 = iadd %114, %226 (0x128)
            div 32x4   %228 = @load_ssbo (%25 (0x2), %227) (access=readonly|reorderable, align_mul=64, align_offset=40, offset_shift=0)
            div 32     %229 = ushr %228.x, %225 (0xc)
            div 32     %230 = ishl %228.y, %122 (0x14)
            div 32     %231 = ior %230, %229
            div 32     %232 = umul_high %55, %209
            div 32     %233 = imul %55, %209
            div 32     %234 = imul %54, %209
            div 32     %235 = imul %55, %208
            div 32     %236 = iadd %235, %234
            div 32     %237 = iadd %232, %236
            div 32     %238 = iadd %55, %55
            div 32     %239 = imul %54, %238
            div 32     %240 = umul_high %55, %55
            div 32     %241 = iadd %240, %239
            div 32     %242 = imul %55, %55
            div 32     %243 = umul_high %242, %224
            div 32     %244 = imul %242, %224
            div 32     %245 = imul %241, %224
            div 32     %246 = imul %242, %223
            div 32     %247 = iadd %246, %245
            div 32     %248 = iadd %243, %247
            div 32     %249 = umul_high %228.z, %233
            div 32     %250 = imul %228.z, %233
            div 32     %251 = imul %228.w, %233
            div 32     %252 = imul %228.z, %237
            div 32     %253 = iadd %252, %251
            div 32     %254 = iadd %249, %253
            div 32     %255 = ishl %228.x, %122 (0x14)
            div 32     %256 = iadd %255, %250
            div 32     %257 = iadd %231, %254
            div 32     %258 = ult32 %256, %255
            div 32     %259 = b2i32 %258
            div 32     %260 = iadd %259, %257
            div 32     %261 = ige32 %116.z, %25 (0x2)
                              // succs: b14 b15
            if %261 {
                div block b14:        // preds: b13
                con 32     %262 = load_const (0x00000168 = 360)
                div 32     %263 = iadd %114, %262 (0x168)
                div 32x2   %264 = @load_ssbo (%25 (0x2), %263) (access=readonly|reorderable, align_mul=64, align_offset=40, offset_shift=0)
                div 32     %265 = umul_high %264.x, %244
                div 32     %266 = imul %264.x, %244
                div 32     %267 = imul %264.y, %244
                div 32     %268 = imul %264.x, %248
                div 32     %269 = iadd %268, %267
                div 32     %270 = iadd %265, %269
                div 32     %271 = iadd %256, %266
                div 32     %272 = iadd %260, %270
                div 32     %273 = ult32 %271, %256
                div 32     %274 = b2i32 %273
                div 32     %275 = iadd %274, %272
                div 64     %276 = pack_64_2x32_split %271, %275
                                  @store_reg (%276, %5) (base=0, wrmask=x, legacy_fsat=0)
                                  // succs: b16
            } else {
                div block b15:        // preds: b13
                div 64     %277 = pack_64_2x32_split %256, %260
                                  @store_reg (%277, %5) (base=0, wrmask=x, legacy_fsat=0)
                                  // succs: b16
            }
            div block b16:        // preds: b14 b15
            div 32     %278 = ige32 %116.z, %16 (0x3)
                              // succs: b17 b18
            if %278 {
                div block b17:        // preds: b16
                div 32     %279 = umul_high %233, %244
                div 32     %280 = imul %233, %244
                div 32     %281 = imul %237, %244
                div 32     %282 = imul %233, %248
                div 32     %283 = iadd %282, %281
                div 32     %284 = iadd %279, %283
                div 32     %285 = ishl %284, %225 (0xc)
                div 32     %286 = ushr %280, %122 (0x14)
                div 32     %287 = ior %286, %285
                div 32     %288 = iadd %280, %31 (0x1)
                div 32     %289 = ult32 %288, %280
                div 32     %290 = b2i32 %289
                div 32     %291 = iadd %290, %284
                div 32     %292 = ineg %291
                div 32     %293 = ine32 %288, %14 (0x0)
                div 32     %294 = b2i32 %293
                div 32     %295 = ineg %294
                div 32     %296 = iadd %292, %295
                div 32     %297 = ishl %296, %225 (0xc)
                div 32     %298 = ineg %288
                div 32     %299 = ushr %298, %122 (0x14)
                div 32     %300 = ior %299, %297
                con 32     %301 = load_const (0xffffffff = -1 = 4294967295)
                div 32     %302 = ishr %296, %122 (0x14)
                div 32     %303 = ineg %302
                div 32     %304 = iadd %303, %301 (0xffffffff)
                div 32     %305 = ine32 %300, %14 (0x0)
                div 32     %306 = b2i32 %305
                div 32     %307 = ineg %306
                div 32     %308 = iadd %304, %307
                div 32     %309 = ineg %300
                div 32     %310 = iadd %301 (0xffffffff), %309
                div 32     %311 = ult32 %310, %301 (0xffffffff)
                div 32     %312 = b2i32 %311
                div 32     %313 = iadd %308, %312
                div 32     %314 = ige32 %284, %14 (0x0)
                div 32     %315 = ishr %284, %122 (0x14)
                div 32     %316 = b32csel %314, %315, %313
                div 32     %317 = b32csel %314, %287, %310
                con 32     %318 = load_const (0x000001a0 = 416)
                div 32     %319 = iadd %114, %318 (0x1a0)
                div 32x2   %320 = @load_ssbo (%25 (0x2), %319) (access=readonly|reorderable, align_mul=64, align_offset=32, offset_shift=0)
                div 32     %321 = umul_high %320.x, %317
                div 32     %322 = imul %320.x, %317
                div 32     %323 = imul %320.y, %317
                div 32     %324 = imul %320.x, %316
                div 32     %325 = iadd %324, %323
                div 32     %326 = iadd %321, %325
                div 64     %327 = @load_reg (%5) (base=0, legacy_fabs=0, legacy_fneg=0)
                div 32     %328 = unpack_64_2x32_split_x %327
                div 64     %329 = @load_reg (%5) (base=0, legacy_fabs=0, legacy_fneg=0)
                div 32     %330 = unpack_64_2x32_split_y %329
                div 32     %331 = iadd %328, %322
                div 32     %332 = iadd %330, %326
                div 32     %333 = ult32 %331, %328
                div 32     %334 = b2i32 %333
                div 32     %335 = iadd %334, %332
                div 64     %336 = pack_64_2x32_split %331, %335
                                  @store_reg (%336, %5) (base=0, wrmask=x, legacy_fsat=0)
                                  // succs: b19
            } else {
                div block b18:  // preds: b16, succs: b19
            }
            div block b19:        // preds: b17 b18
            div 32     %337 = umul_high %69, %209
            div 32     %338 = imul %69, %209
            div 32     %339 = imul %68, %209
            div 32     %340 = imul %69, %208
            div 32     %341 = iadd %340, %339
            div 32     %342 = iadd %337, %341
            div 32     %343 = iadd %69, %69
            div 32     %344 = imul %68, %343
            div 32     %345 = umul_high %69, %69
            div 32     %346 = iadd %345, %344
            div 32     %347 = imul %69, %69
            div 32     %348 = umul_high %347, %224
            div 32     %349 = imul %347, %224
            div 32     %350 = imul %346, %224
            div 32     %351 = imul %347, %223
            div 32     %352 = iadd %351, %350
            div 32     %353 = iadd %348, %352
            con 32     %354 = load_const (0x00000138 = 312)
            div 32     %355 = iadd %114, %354 (0x138)
            div 32x2   %356 = @load_ssbo (%25 (0x2), %355) (access=readonly|reorderable, align_mul=64, align_offset=56, offset_shift=0)
            div 32     %357 = umul_high %356.x, %338
            div 32     %358 = imul %356.x, %338
            div 32     %359 = imul %356.y, %338
            div 32     %360 = imul %356.x, %342
            div 32     %361 = iadd %360, %359
            div 32     %362 = iadd %357, %361
            div 64     %363 = @load_reg (%5) (base=0, legacy_fabs=0, legacy_fneg=0)
            div 32     %364 = unpack_64_2x32_split_x %363
            div 64     %365 = @load_reg (%5) (base=0, legacy_fabs=0, legacy_fneg=0)
            div 32     %366 = unpack_64_2x32_split_y %365
            div 32     %367 = iadd %364, %358
            div 32     %368 = iadd %366, %362
            div 32     %369 = ult32 %367, %364
            div 32     %370 = b2i32 %369
            div 32     %371 = iadd %370, %368
            div 32     %372 = ige32 %116.z, %25 (0x2)
                              // succs: b20 b21
            if %372 {
                div block b20:        // preds: b19
                con 32     %373 = load_const (0x00000170 = 368)
                div 32     %374 = iadd %114, %373 (0x170)
                div 32x2   %375 = @load_ssbo (%25 (0x2), %374) (access=readonly|reorderable, align_mul=64, align_offset=48, offset_shift=0)
                div 32     %376 = umul_high %375.x, %349
                div 32     %377 = imul %375.x, %349
                div 32     %378 = imul %375.y, %349
                div 32     %379 = imul %375.x, %353
                div 32     %380 = iadd %379, %378
                div 32     %381 = iadd %376, %380
                div 32     %382 = iadd %367, %377
                div 32     %383 = iadd %371, %381
                div 32     %384 = ult32 %382, %367
                div 32     %385 = b2i32 %384
                div 32     %386 = iadd %385, %383
                div 64     %387 = pack_64_2x32_split %382, %386
                                  @store_reg (%387, %6) (base=0, wrmask=x, legacy_fsat=0)
                                  // succs: b22
            } else {
                div block b21:        // preds: b19
                div 64     %388 = pack_64_2x32_split %367, %371
                                  @store_reg (%388, %6) (base=0, wrmask=x, legacy_fsat=0)
                                  // succs: b22
            }
            div block b22:        // preds: b20 b21
            div 32     %389 = ige32 %116.z, %16 (0x3)
                              // succs: b23 b24
            if %389 {
                div block b23:        // preds: b22
                div 32     %390 = umul_high %338, %349
                div 32     %391 = imul %338, %349
                div 32     %392 = imul %342, %349
                div 32     %393 = imul %338, %353
                div 32     %394 = iadd %393, %392
                div 32     %395 = iadd %390, %394
                div 32     %396 = ishl %395, %225 (0xc)
                div 32     %397 = ushr %391, %122 (0x14)
                div 32     %398 = ior %397, %396
                div 32     %399 = iadd %391, %31 (0x1)
                div 32     %400 = ult32 %399, %391
                div 32     %401 = b2i32 %400
                div 32     %402 = iadd %401, %395
                div 32     %403 = ineg %402
                div 32     %404 = ine32 %399, %14 (0x0)
                div 32     %405 = b2i32 %404
                div 32     %406 = ineg %405
                div 32     %407 = iadd %403, %406
                div 32     %408 = ishl %407, %225 (0xc)
                div 32     %409 = ineg %399
                div 32     %410 = ushr %409, %122 (0x14)
                div 32     %411 = ior %410, %408
                con 32     %412 = load_const (0xffffffff = -1 = 4294967295)
                div 32     %413 = ishr %407, %122 (0x14)
                div 32     %414 = ineg %413
                div 32     %415 = iadd %414, %412 (0xffffffff)
                div 32     %416 = ine32 %411, %14 (0x0)
                div 32     %417 = b2i32 %416
                div 32     %418 = ineg %417
                div 32     %419 = iadd %415, %418
                div 32     %420 = ineg %411
                div 32     %421 = iadd %412 (0xffffffff), %420
                div 32     %422 = ult32 %421, %412 (0xffffffff)
                div 32     %423 = b2i32 %422
                div 32     %424 = iadd %419, %423
                div 32     %425 = ige32 %395, %14 (0x0)
                div 32     %426 = ishr %395, %122 (0x14)
                div 32     %427 = b32csel %425, %426, %424
                div 32     %428 = b32csel %425, %398, %421
                con 32     %429 = load_const (0x000001a8 = 424)
                div 32     %430 = iadd %114, %429 (0x1a8)
                div 32x2   %431 = @load_ssbo (%25 (0x2), %430) (access=readonly|reorderable, align_mul=64, align_offset=40, offset_shift=0)
                div 32     %432 = umul_high %431.x, %428
                div 32     %433 = imul %431.x, %428
                div 32     %434 = imul %431.y, %428
                div 32     %435 = imul %431.x, %427
                div 32     %436 = iadd %435, %434
                div 32     %437 = iadd %432, %436
                div 64     %438 = @load_reg (%6) (base=0, legacy_fabs=0, legacy_fneg=0)
                div 32     %439 = unpack_64_2x32_split_x %438
                div 64     %440 = @load_reg (%6) (base=0, legacy_fabs=0, legacy_fneg=0)
                div 32     %441 = unpack_64_2x32_split_y %440
                div 32     %442 = iadd %439, %433
                div 32     %443 = iadd %441, %437
                div 32     %444 = ult32 %442, %439
                div 32     %445 = b2i32 %444
                div 32     %446 = iadd %445, %443
                div 64     %447 = pack_64_2x32_split %442, %446
                                  @store_reg (%447, %6) (base=0, wrmask=x, legacy_fsat=0)
                                  // succs: b25
            } else {
                div block b24:  // preds: b22, succs: b25
            }
            div block b25:        // preds: b23 b24
            div 32     %448 = umul_high %83, %209
            div 32     %449 = imul %83, %209
            div 32     %450 = imul %82, %209
            div 32     %451 = imul %83, %208
            div 32     %452 = iadd %451, %450
            div 32     %453 = iadd %448, %452
            div 32     %454 = iadd %83, %83
            div 32     %455 = imul %82, %454
            div 32     %456 = umul_high %83, %83
            div 32     %457 = iadd %456, %455
            div 32     %458 = imul %83, %83
            div 32     %459 = umul_high %458, %224
            div 32     %460 = imul %458, %224
            div 32     %461 = imul %457, %224
            div 32     %462 = imul %458, %223
            div 32     %463 = iadd %462, %461
            div 32     %464 = iadd %459, %463
            con 32     %465 = load_const (0x00000140 = 320)
            div 32     %466 = iadd %114, %465 (0x140)
            div 32x2   %467 = @load_ssbo (%25 (0x2), %466) (access=readonly|reorderable, align_mul=64, align_offset=0, offset_shift=0)
            div 32     %468 = umul_high %467.x, %449
            div 32     %469 = imul %467.x, %449
            div 32     %470 = imul %467.y, %449
            div 32     %471 = imul %467.x, %453
            div 32     %472 = iadd %471, %470
            div 32     %473 = iadd %468, %472
            div 64     %474 = @load_reg (%6) (base=0, legacy_fabs=0, legacy_fneg=0)
            div 32     %475 = unpack_64_2x32_split_x %474
            div 64     %476 = @load_reg (%6) (base=0, legacy_fabs=0, legacy_fneg=0)
            div 32     %477 = unpack_64_2x32_split_y %476
            div 32     %478 = iadd %475, %469
            div 32     %479 = iadd %477, %473
            div 32     %480 = ult32 %478, %475
            div 32     %481 = b2i32 %480
            div 32     %482 = iadd %481, %479
            div 32     %483 = ige32 %116.z, %25 (0x2)
                              // succs: b26 b27
            if %483 {
                div block b26:        // preds: b25
                con 32     %484 = load_const (0x00000178 = 376)
                div 32     %485 = iadd %114, %484 (0x178)
                div 32x2   %486 = @load_ssbo (%25 (0x2), %485) (access=readonly|reorderable, align_mul=64, align_offset=56, offset_shift=0)
                div 32     %487 = umul_high %486.x, %460
                div 32     %488 = imul %486.x, %460
                div 32     %489 = imul %486.y, %460
                div 32     %490 = imul %486.x, %464
                div 32     %491 = iadd %490, %489
                div 32     %492 = iadd %487, %491
                div 32     %493 = iadd %478, %488
                div 32     %494 = iadd %482, %492
                div 32     %495 = ult32 %493, %478
                div 32     %496 = b2i32 %495
                div 32     %497 = iadd %496, %494
                div 64     %498 = pack_64_2x32_split %493, %497
                                  @store_reg (%498, %7) (base=0, wrmask=x, legacy_fsat=0)
                                  // succs: b28
            } else {
                div block b27:        // preds: b25
                div 64     %499 = pack_64_2x32_split %478, %482
                                  @store_reg (%499, %7) (base=0, wrmask=x, legacy_fsat=0)
                                  // succs: b28
            }
            div block b28:        // preds: b26 b27
            div 32     %500 = ige32 %116.z, %16 (0x3)
                              // succs: b29 b30
            if %500 {
                div block b29:        // preds: b28
                div 32     %501 = umul_high %449, %460
                div 32     %502 = imul %449, %460
                div 32     %503 = imul %453, %460
                div 32     %504 = imul %449, %464
                div 32     %505 = iadd %504, %503
                div 32     %506 = iadd %501, %505
                div 32     %507 = ishl %506, %225 (0xc)
                div 32     %508 = ushr %502, %122 (0x14)
                div 32     %509 = ior %508, %507
                div 32     %510 = iadd %502, %31 (0x1)
                div 32     %511 = ult32 %510, %502
                div 32     %512 = b2i32 %511
                div 32     %513 = iadd %512, %506
                div 32     %514 = ineg %513
                div 32     %515 = ine32 %510, %14 (0x0)
                div 32     %516 = b2i32 %515
                div 32     %517 = ineg %516
                div 32     %518 = iadd %514, %517
                div 32     %519 = ishl %518, %225 (0xc)
                div 32     %520 = ineg %510
                div 32     %521 = ushr %520, %122 (0x14)
                div 32     %522 = ior %521, %519
                con 32     %523 = load_const (0xffffffff = -1 = 4294967295)
                div 32     %524 = ishr %518, %122 (0x14)
                div 32     %525 = ineg %524
                div 32     %526 = iadd %525, %523 (0xffffffff)
                div 32     %527 = ine32 %522, %14 (0x0)
                div 32     %528 = b2i32 %527
                div 32     %529 = ineg %528
                div 32     %530 = iadd %526, %529
                div 32     %531 = ineg %522
                div 32     %532 = iadd %523 (0xffffffff), %531
                div 32     %533 = ult32 %532, %523 (0xffffffff)
                div 32     %534 = b2i32 %533
                div 32     %535 = iadd %530, %534
                div 32     %536 = ige32 %506, %14 (0x0)
                div 32     %537 = ishr %506, %122 (0x14)
                div 32     %538 = b32csel %536, %537, %535
                div 32     %539 = b32csel %536, %509, %532
                con 32     %540 = load_const (0x000001b0 = 432)
                div 32     %541 = iadd %114, %540 (0x1b0)
                div 32x2   %542 = @load_ssbo (%25 (0x2), %541) (access=readonly|reorderable, align_mul=64, align_offset=48, offset_shift=0)
                div 32     %543 = umul_high %542.x, %539
                div 32     %544 = imul %542.x, %539
                div 32     %545 = imul %542.y, %539
                div 32     %546 = imul %542.x, %538
                div 32     %547 = iadd %546, %545
                div 32     %548 = iadd %543, %547
                div 64     %549 = @load_reg (%7) (base=0, legacy_fabs=0, legacy_fneg=0)
                div 32     %550 = unpack_64_2x32_split_x %549
                div 64     %551 = @load_reg (%7) (base=0, legacy_fabs=0, legacy_fneg=0)
                div 32     %552 = unpack_64_2x32_split_y %551
                div 32     %553 = iadd %550, %544
                div 32     %554 = iadd %552, %548
                div 32     %555 = ult32 %553, %550
                div 32     %556 = b2i32 %555
                div 32     %557 = iadd %556, %554
                div 64     %558 = pack_64_2x32_split %553, %557
                                  @store_reg (%558, %7) (base=0, wrmask=x, legacy_fsat=0)
                                  // succs: b31
            } else {
                div block b30:  // preds: b28, succs: b31
            }
            div block b31:        // preds: b29 b30
            div 32     %559 = umul_high %55, %69
            div 32     %560 = imul %55, %69
            div 32     %561 = imul %54, %69
            div 32     %562 = imul %55, %68
            div 32     %563 = iadd %562, %561
            div 32     %564 = iadd %559, %563
            div 32     %565 = umul_high %560, %224
            div 32     %566 = imul %560, %224
            div 32     %567 = imul %564, %224
            div 32     %568 = imul %560, %223
            div 32     %569 = iadd %568, %567
            div 32     %570 = iadd %565, %569
            con 32     %571 = iadd %224, %224
            div 32     %572 = imul %560, %571
            div 32     %573 = imul %570, %572
            div 32     %574 = umul_high %566, %566
            div 32     %575 = iadd %574, %573
            div 32     %576 = ishl %575, %225 (0xc)
            div 32     %577 = imul %566, %566
            div 32     %578 = ushr %577, %122 (0x14)
            div 32     %579 = ior %578, %576
            div 32     %580 = iadd %577, %31 (0x1)
            div 32     %581 = ult32 %580, %577
            div 32     %582 = b2i32 %581
            div 32     %583 = iadd %582, %575
            div 32     %584 = ineg %583
            div 32     %585 = ine32 %580, %14 (0x0)
            div 32     %586 = b2i32 %585
            div 32     %587 = ineg %586
            div 32     %588 = iadd %584, %587
            div 32     %589 = ishl %588, %225 (0xc)
            div 32     %590 = ineg %580
            div 32     %591 = ushr %590, %122 (0x14)
            div 32     %592 = ior %591, %589
            con 32     %593 = load_const (0xffffffff = -1 = 4294967295)
            div 32     %594 = ishr %588, %122 (0x14)
            div 32     %595 = ineg %594
            div 32     %596 = iadd %595, %593 (0xffffffff)
            div 32     %597 = ine32 %592, %14 (0x0)
            div 32     %598 = b2i32 %597
            div 32     %599 = ineg %598
            div 32     %600 = iadd %596, %599
            div 32     %601 = ineg %592
            div 32     %602 = iadd %593 (0xffffffff), %601
            div 32     %603 = ult32 %602, %593 (0xffffffff)
            div 32     %604 = b2i32 %603
            div 32     %605 = iadd %600, %604
            div 32     %606 = ige32 %575, %14 (0x0)
            div 32     %607 = ishr %575, %122 (0x14)
            div 32     %608 = b32csel %606, %607, %605
            div 32     %609 = b32csel %606, %579, %602
            con 32     %610 = load_const (0x00000148 = 328)
            div 32     %611 = iadd %114, %610 (0x148)
            div 32x2   %612 = @load_ssbo (%25 (0x2), %611) (access=readonly|reorderable, align_mul=64, align_offset=8, offset_shift=0)
            div 32     %613 = umul_high %612.x, %566
            div 32     %614 = imul %612.x, %566
            div 32     %615 = imul %612.y, %566
            div 32     %616 = imul %612.x, %570
            div 32     %617 = iadd %616, %615
            div 32     %618 = iadd %613, %617
            div 64     %619 = @load_reg (%7) (base=0, legacy_fabs=0, legacy_fneg=0)
            div 32     %620 = unpack_64_2x32_split_x %619
            div 64     %621 = @load_reg (%7) (base=0, legacy_fabs=0, legacy_fneg=0)
            div 32     %622 = unpack_64_2x32_split_y %621
            div 32     %623 = iadd %620, %614
            div 32     %624 = iadd %622, %618
            div 32     %625 = ult32 %623, %620
            div 32     %626 = b2i32 %625
            div 32     %627 = iadd %626, %624
            div 32     %628 = ige32 %116.z, %25 (0x2)
                              // succs: b32 b33
            if %628 {
                div block b32:        // preds: b31
                con 32     %629 = load_const (0x00000180 = 384)
                div 32     %630 = iadd %114, %629 (0x180)
                div 32x2   %631 = @load_ssbo (%25 (0x2), %630) (access=readonly|reorderable, align_mul=64, align_offset=0, offset_shift=0)
                div 32     %632 = umul_high %631.x, %609
                div 32     %633 = imul %631.x, %609
                div 32     %634 = imul %631.y, %609
                div 32     %635 = imul %631.x, %608
                div 32     %636 = iadd %635, %634
                div 32     %637 = iadd %632, %636
                div 32     %638 = iadd %623, %633
                div 32     %639 = iadd %627, %637
                div 32     %640 = ult32 %638, %623
                div 32     %641 = b2i32 %640
                div 32     %642 = iadd %641, %639
                div 64     %643 = pack_64_2x32_split %638, %642
                                  @store_reg (%643, %8) (base=0, wrmask=x, legacy_fsat=0)
                                  // succs: b34
            } else {
                div block b33:        // preds: b31
                div 64     %644 = pack_64_2x32_split %623, %627
                                  @store_reg (%644, %8) (base=0, wrmask=x, legacy_fsat=0)
                                  // succs: b34
            }
            div block b34:        // preds: b32 b33
            div 32     %645 = ige32 %116.z, %16 (0x3)
                              // succs: b35 b36
            if %645 {
                div block b35:        // preds: b34
                div 32     %646 = umul_high %566, %609
                div 32     %647 = imul %566, %609
                div 32     %648 = imul %570, %609
                div 32     %649 = imul %566, %608
                div 32     %650 = iadd %649, %648
                div 32     %651 = iadd %646, %650
                div 32     %652 = ishl %651, %225 (0xc)
                div 32     %653 = ushr %647, %122 (0x14)
                div 32     %654 = ior %653, %652
                div 32     %655 = iadd %647, %31 (0x1)
                div 32     %656 = ult32 %655, %647
                div 32     %657 = b2i32 %656
                div 32     %658 = iadd %657, %651
                div 32     %659 = ineg %658
                div 32     %660 = ine32 %655, %14 (0x0)
                div 32     %661 = b2i32 %660
                div 32     %662 = ineg %661
                div 32     %663 = iadd %659, %662
                div 32     %664 = ishl %663, %225 (0xc)
                div 32     %665 = ineg %655
                div 32     %666 = ushr %665, %122 (0x14)
                div 32     %667 = ior %666, %664
                div 32     %668 = ishr %663, %122 (0x14)
                div 32     %669 = ineg %668
                div 32     %670 = iadd %669, %593 (0xffffffff)
                div 32     %671 = ine32 %667, %14 (0x0)
                div 32     %672 = b2i32 %671
                div 32     %673 = ineg %672
                div 32     %674 = iadd %670, %673
                div 32     %675 = ineg %667
                div 32     %676 = iadd %593 (0xffffffff), %675
                div 32     %677 = ult32 %676, %593 (0xffffffff)
                div 32     %678 = b2i32 %677
                div 32     %679 = iadd %674, %678
                div 32     %680 = ige32 %651, %14 (0x0)
                div 32     %681 = ishr %651, %122 (0x14)
                div 32     %682 = b32csel %680, %681, %679
                div 32     %683 = b32csel %680, %654, %676
                con 32     %684 = load_const (0x000001b8 = 440)
                div 32     %685 = iadd %114, %684 (0x1b8)
                div 32x2   %686 = @load_ssbo (%25 (0x2), %685) (access=readonly|reorderable, align_mul=64, align_offset=56, offset_shift=0)
                div 32     %687 = umul_high %686.x, %683
                div 32     %688 = imul %686.x, %683
                div 32     %689 = imul %686.y, %683
                div 32     %690 = imul %686.x, %682
                div 32     %691 = iadd %690, %689
                div 32     %692 = iadd %687, %691
                div 64     %693 = @load_reg (%8) (base=0, legacy_fabs=0, legacy_fneg=0)
                div 32     %694 = unpack_64_2x32_split_x %693
                div 64     %695 = @load_reg (%8) (base=0, legacy_fabs=0, legacy_fneg=0)
                div 32     %696 = unpack_64_2x32_split_y %695
                div 32     %697 = iadd %694, %688
                div 32     %698 = iadd %696, %692
                div 32     %699 = ult32 %697, %694
                div 32     %700 = b2i32 %699
                div 32     %701 = iadd %700, %698
                div 64     %702 = pack_64_2x32_split %697, %701
                                  @store_reg (%702, %8) (base=0, wrmask=x, legacy_fsat=0)
                                  // succs: b37
            } else {
                div block b36:  // preds: b34, succs: b37
            }
            div block b37:        // preds: b35 b36
            div 32     %703 = umul_high %55, %83
            div 32     %704 = imul %55, %83
            div 32     %705 = imul %54, %83
            div 32     %706 = imul %55, %82
            div 32     %707 = iadd %706, %705
            div 32     %708 = iadd %703, %707
            div 32     %709 = umul_high %704, %224
            div 32     %710 = imul %704, %224
            div 32     %711 = imul %708, %224
            div 32     %712 = imul %704, %223
            div 32     %713 = iadd %712, %711
            div 32     %714 = iadd %709, %713
            div 32     %715 = imul %704, %571
            div 32     %716 = imul %714, %715
            div 32     %717 = umul_high %710, %710
            div 32     %718 = iadd %717, %716
            div 32     %719 = ishl %718, %225 (0xc)
            div 32     %720 = imul %710, %710
            div 32     %721 = ushr %720, %122 (0x14)
            div 32     %722 = ior %721, %719
            div 32     %723 = iadd %720, %31 (0x1)
            div 32     %724 = ult32 %723, %720
            div 32     %725 = b2i32 %724
            div 32     %726 = iadd %725, %718
            div 32     %727 = ineg %726
            div 32     %728 = ine32 %723, %14 (0x0)
            div 32     %729 = b2i32 %728
            div 32     %730 = ineg %729
            div 32     %731 = iadd %727, %730
            div 32     %732 = ishl %731, %225 (0xc)
            div 32     %733 = ineg %723
            div 32     %734 = ushr %733, %122 (0x14)
            div 32     %735 = ior %734, %732
            div 32     %736 = ishr %731, %122 (0x14)
            div 32     %737 = ineg %736
            div 32     %738 = iadd %737, %593 (0xffffffff)
            div 32     %739 = ine32 %735, %14 (0x0)
            div 32     %740 = b2i32 %739
            div 32     %741 = ineg %740
            div 32     %742 = iadd %738, %741
            div 32     %743 = ineg %735
            div 32     %744 = iadd %593 (0xffffffff), %743
            div 32     %745 = ult32 %744, %593 (0xffffffff)
            div 32     %746 = b2i32 %745
            div 32     %747 = iadd %742, %746
            div 32     %748 = ige32 %718, %14 (0x0)
            div 32     %749 = ishr %718, %122 (0x14)
            div 32     %750 = b32csel %748, %749, %747
            div 32     %751 = b32csel %748, %722, %744
            con 32     %752 = load_const (0x00000150 = 336)
            div 32     %753 = iadd %114, %752 (0x150)
            div 32x2   %754 = @load_ssbo (%25 (0x2), %753) (access=readonly|reorderable, align_mul=64, align_offset=16, offset_shift=0)
            div 32     %755 = umul_high %754.x, %710
            div 32     %756 = imul %754.x, %710
            div 32     %757 = imul %754.y, %710
            div 32     %758 = imul %754.x, %714
            div 32     %759 = iadd %758, %757
            div 32     %760 = iadd %755, %759
            div 64     %761 = @load_reg (%8) (base=0, legacy_fabs=0, legacy_fneg=0)
            div 32     %762 = unpack_64_2x32_split_x %761
            div 64     %763 = @load_reg (%8) (base=0, legacy_fabs=0, legacy_fneg=0)
            div 32     %764 = unpack_64_2x32_split_y %763
            div 32     %765 = iadd %762, %756
            div 32     %766 = iadd %764, %760
            div 32     %767 = ult32 %765, %762
            div 32     %768 = b2i32 %767
            div 32     %769 = iadd %768, %766
            div 32     %770 = ige32 %116.z, %25 (0x2)
                              // succs: b38 b39
            if %770 {
                div block b38:        // preds: b37
                con 32     %771 = load_const (0x00000188 = 392)
                div 32     %772 = iadd %114, %771 (0x188)
                div 32x2   %773 = @load_ssbo (%25 (0x2), %772) (access=readonly|reorderable, align_mul=64, align_offset=8, offset_shift=0)
                div 32     %774 = umul_high %773.x, %751
                div 32     %775 = imul %773.x, %751
                div 32     %776 = imul %773.y, %751
                div 32     %777 = imul %773.x, %750
                div 32     %778 = iadd %777, %776
                div 32     %779 = iadd %774, %778
                div 32     %780 = iadd %765, %775
                div 32     %781 = iadd %769, %779
                div 32     %782 = ult32 %780, %765
                div 32     %783 = b2i32 %782
                div 32     %784 = iadd %783, %781
                div 64     %785 = pack_64_2x32_split %780, %784
                                  @store_reg (%785, %9) (base=0, wrmask=x, legacy_fsat=0)
                                  // succs: b40
            } else {
                div block b39:        // preds: b37
                div 64     %786 = pack_64_2x32_split %765, %769
                                  @store_reg (%786, %9) (base=0, wrmask=x, legacy_fsat=0)
                                  // succs: b40
            }
            div block b40:        // preds: b38 b39
            div 32     %787 = ige32 %116.z, %16 (0x3)
                              // succs: b41 b42
            if %787 {
                div block b41:        // preds: b40
                div 32     %788 = umul_high %710, %751
                div 32     %789 = imul %710, %751
                div 32     %790 = imul %714, %751
                div 32     %791 = imul %710, %750
                div 32     %792 = iadd %791, %790
                div 32     %793 = iadd %788, %792
                div 32     %794 = ishl %793, %225 (0xc)
                div 32     %795 = ushr %789, %122 (0x14)
                div 32     %796 = ior %795, %794
                div 32     %797 = iadd %789, %31 (0x1)
                div 32     %798 = ult32 %797, %789
                div 32     %799 = b2i32 %798
                div 32     %800 = iadd %799, %793
                div 32     %801 = ineg %800
                div 32     %802 = ine32 %797, %14 (0x0)
                div 32     %803 = b2i32 %802
                div 32     %804 = ineg %803
                div 32     %805 = iadd %801, %804
                div 32     %806 = ishl %805, %225 (0xc)
                div 32     %807 = ineg %797
                div 32     %808 = ushr %807, %122 (0x14)
                div 32     %809 = ior %808, %806
                div 32     %810 = ishr %805, %122 (0x14)
                div 32     %811 = ineg %810
                div 32     %812 = iadd %811, %593 (0xffffffff)
                div 32     %813 = ine32 %809, %14 (0x0)
                div 32     %814 = b2i32 %813
                div 32     %815 = ineg %814
                div 32     %816 = iadd %812, %815
                div 32     %817 = ineg %809
                div 32     %818 = iadd %593 (0xffffffff), %817
                div 32     %819 = ult32 %818, %593 (0xffffffff)
                div 32     %820 = b2i32 %819
                div 32     %821 = iadd %816, %820
                div 32     %822 = ige32 %793, %14 (0x0)
                div 32     %823 = ishr %793, %122 (0x14)
                div 32     %824 = b32csel %822, %823, %821
                div 32     %825 = b32csel %822, %796, %818
                con 32     %826 = load_const (0x000001c0 = 448)
                div 32     %827 = iadd %114, %826 (0x1c0)
                div 32x2   %828 = @load_ssbo (%25 (0x2), %827) (access=readonly|reorderable, align_mul=64, align_offset=0, offset_shift=0)
                div 32     %829 = umul_high %828.x, %825
                div 32     %830 = imul %828.x, %825
                div 32     %831 = imul %828.y, %825
                div 32     %832 = imul %828.x, %824
                div 32     %833 = iadd %832, %831
                div 32     %834 = iadd %829, %833
                div 64     %835 = @load_reg (%9) (base=0, legacy_fabs=0, legacy_fneg=0)
                div 32     %836 = unpack_64_2x32_split_x %835
                div 64     %837 = @load_reg (%9) (base=0, legacy_fabs=0, legacy_fneg=0)
                div 32     %838 = unpack_64_2x32_split_y %837
                div 32     %839 = iadd %836, %830
                div 32     %840 = iadd %838, %834
                div 32     %841 = ult32 %839, %836
                div 32     %842 = b2i32 %841
                div 32     %843 = iadd %842, %840
                div 64     %844 = pack_64_2x32_split %839, %843
                                  @store_reg (%844, %9) (base=0, wrmask=x, legacy_fsat=0)
                                  // succs: b43
            } else {
                div block b42:  // preds: b40, succs: b43
            }
            div block b43:        // preds: b41 b42
            div 32     %845 = umul_high %69, %83
            div 32     %846 = imul %69, %83
            div 32     %847 = imul %68, %83
            div 32     %848 = imul %69, %82
            div 32     %849 = iadd %848, %847
            div 32     %850 = iadd %845, %849
            div 32     %851 = umul_high %846, %224
            div 32     %852 = imul %846, %224
            div 32     %853 = imul %850, %224
            div 32     %854 = imul %846, %223
            div 32     %855 = iadd %854, %853
            div 32     %856 = iadd %851, %855
            div 32     %857 = imul %846, %571
            div 32     %858 = imul %856, %857
            div 32     %859 = umul_high %852, %852
            div 32     %860 = iadd %859, %858
            div 32     %861 = ishl %860, %225 (0xc)
            div 32     %862 = imul %852, %852
            div 32     %863 = ushr %862, %122 (0x14)
            div 32     %864 = ior %863, %861
            div 32     %865 = iadd %862, %31 (0x1)
            div 32     %866 = ult32 %865, %862
            div 32     %867 = b2i32 %866
            div 32     %868 = iadd %867, %860
            div 32     %869 = ineg %868
            div 32     %870 = ine32 %865, %14 (0x0)
            div 32     %871 = b2i32 %870
            div 32     %872 = ineg %871
            div 32     %873 = iadd %869, %872
            div 32     %874 = ishl %873, %225 (0xc)
            div 32     %875 = ineg %865
            div 32     %876 = ushr %875, %122 (0x14)
            div 32     %877 = ior %876, %874
            div 32     %878 = ishr %873, %122 (0x14)
            div 32     %879 = ineg %878
            div 32     %880 = iadd %879, %593 (0xffffffff)
            div 32     %881 = ine32 %877, %14 (0x0)
            div 32     %882 = b2i32 %881
            div 32     %883 = ineg %882
            div 32     %884 = iadd %880, %883
            div 32     %885 = ineg %877
            div 32     %886 = iadd %593 (0xffffffff), %885
            div 32     %887 = ult32 %886, %593 (0xffffffff)
            div 32     %888 = b2i32 %887
            div 32     %889 = iadd %884, %888
            div 32     %890 = ige32 %860, %14 (0x0)
            div 32     %891 = ishr %860, %122 (0x14)
            div 32     %892 = b32csel %890, %891, %889
            div 32     %893 = b32csel %890, %864, %886
            con 32     %894 = load_const (0x00000158 = 344)
            div 32     %895 = iadd %114, %894 (0x158)
            div 32x2   %896 = @load_ssbo (%25 (0x2), %895) (access=readonly|reorderable, align_mul=64, align_offset=24, offset_shift=0)
            div 32     %897 = umul_high %896.x, %852
            div 32     %898 = imul %896.x, %852
            div 32     %899 = imul %896.y, %852
            div 32     %900 = imul %896.x, %856
            div 32     %901 = iadd %900, %899
            div 32     %902 = iadd %897, %901
            div 64     %903 = @load_reg (%9) (base=0, legacy_fabs=0, legacy_fneg=0)
            div 32     %904 = unpack_64_2x32_split_x %903
            div 64     %905 = @load_reg (%9) (base=0, legacy_fabs=0, legacy_fneg=0)
            div 32     %906 = unpack_64_2x32_split_y %905
            div 32     %907 = iadd %904, %898
            div 32     %908 = iadd %906, %902
            div 32     %909 = ult32 %907, %904
            div 32     %910 = b2i32 %909
            div 32     %911 = iadd %910, %908
            div 32     %912 = ige32 %116.z, %25 (0x2)
                              // succs: b44 b45
            if %912 {
                div block b44:        // preds: b43
                con 32     %913 = load_const (0x00000190 = 400)
                div 32     %914 = iadd %114, %913 (0x190)
                div 32x2   %915 = @load_ssbo (%25 (0x2), %914) (access=readonly|reorderable, align_mul=64, align_offset=16, offset_shift=0)
                div 32     %916 = umul_high %915.x, %893
                div 32     %917 = imul %915.x, %893
                div 32     %918 = imul %915.y, %893
                div 32     %919 = imul %915.x, %892
                div 32     %920 = iadd %919, %918
                div 32     %921 = iadd %916, %920
                div 32     %922 = iadd %907, %917
                div 32     %923 = iadd %911, %921
                div 32     %924 = ult32 %922, %907
                div 32     %925 = b2i32 %924
                div 32     %926 = iadd %925, %923
                div 64     %927 = pack_64_2x32_split %922, %926
                                  @store_reg (%927, %10) (base=0, wrmask=x, legacy_fsat=0)
                                  // succs: b46
            } else {
                div block b45:        // preds: b43
                div 64     %928 = pack_64_2x32_split %907, %911
                                  @store_reg (%928, %10) (base=0, wrmask=x, legacy_fsat=0)
                                  // succs: b46
            }
            div block b46:        // preds: b44 b45
            div 32     %929 = ige32 %116.z, %16 (0x3)
                              // succs: b47 b48
            if %929 {
                div block b47:        // preds: b46
                div 32     %930 = umul_high %852, %893
                div 32     %931 = imul %852, %893
                div 32     %932 = imul %856, %893
                div 32     %933 = imul %852, %892
                div 32     %934 = iadd %933, %932
                div 32     %935 = iadd %930, %934
                div 32     %936 = ishl %935, %225 (0xc)
                div 32     %937 = ushr %931, %122 (0x14)
                div 32     %938 = ior %937, %936
                div 32     %939 = iadd %931, %31 (0x1)
                div 32     %940 = ult32 %939, %931
                div 32     %941 = b2i32 %940
                div 32     %942 = iadd %941, %935
                div 32     %943 = ineg %942
                div 32     %944 = ine32 %939, %14 (0x0)
                div 32     %945 = b2i32 %944
                div 32     %946 = ineg %945
                div 32     %947 = iadd %943, %946
                div 32     %948 = ishl %947, %225 (0xc)
                div 32     %949 = ineg %939
                div 32     %950 = ushr %949, %122 (0x14)
                div 32     %951 = ior %950, %948
                div 32     %952 = ishr %947, %122 (0x14)
                div 32     %953 = ineg %952
                div 32     %954 = iadd %953, %593 (0xffffffff)
                div 32     %955 = ine32 %951, %14 (0x0)
                div 32     %956 = b2i32 %955
                div 32     %957 = ineg %956
                div 32     %958 = iadd %954, %957
                div 32     %959 = ineg %951
                div 32     %960 = iadd %593 (0xffffffff), %959
                div 32     %961 = ult32 %960, %593 (0xffffffff)
                div 32     %962 = b2i32 %961
                div 32     %963 = iadd %958, %962
                div 32     %964 = ige32 %935, %14 (0x0)
                div 32     %965 = ishr %935, %122 (0x14)
                div 32     %966 = b32csel %964, %965, %963
                div 32     %967 = b32csel %964, %938, %960
                con 32     %968 = load_const (0x000001c8 = 456)
                div 32     %969 = iadd %114, %968 (0x1c8)
                div 32x2   %970 = @load_ssbo (%25 (0x2), %969) (access=readonly|reorderable, align_mul=64, align_offset=8, offset_shift=0)
                div 32     %971 = umul_high %970.x, %967
                div 32     %972 = imul %970.x, %967
                div 32     %973 = imul %970.y, %967
                div 32     %974 = imul %970.x, %966
                div 32     %975 = iadd %974, %973
                div 32     %976 = iadd %971, %975
                div 64     %977 = @load_reg (%10) (base=0, legacy_fabs=0, legacy_fneg=0)
                div 32     %978 = unpack_64_2x32_split_x %977
                div 64     %979 = @load_reg (%10) (base=0, legacy_fabs=0, legacy_fneg=0)
                div 32     %980 = unpack_64_2x32_split_y %979
                div 32     %981 = iadd %978, %972
                div 32     %982 = iadd %980, %976
                div 32     %983 = ult32 %981, %978
                div 32     %984 = b2i32 %983
                div 32     %985 = iadd %984, %982
                div 64     %986 = pack_64_2x32_split %981, %985
                                  @store_reg (%986, %10) (base=0, wrmask=x, legacy_fsat=0)
                                  // succs: b49
            } else {
                div block b48:  // preds: b46, succs: b49
            }
            div block b49:        // preds: b47 b48
            div 32     %987 = umul_high %224, %83
            div 32     %988 = imul %224, %83
            div 32     %989 = imul %223, %83
            div 32     %990 = imul %224, %82
            div 32     %991 = iadd %990, %989
            div 32     %992 = iadd %987, %991
            div 32     %993 = umul_high %988, %209
            div 32     %994 = imul %988, %209
            div 32     %995 = imul %992, %209
            div 32     %996 = imul %988, %208
            div 32     %997 = iadd %996, %995
            div 32     %998 = iadd %993, %997
            div 32     %999 = umul_high %560, %994
            div 32    %1000 = imul %560, %994
            div 32    %1001 = imul %564, %994
            div 32    %1002 = imul %560, %998
            div 32    %1003 = iadd %1002, %1001
            div 32    %1004 = iadd %999, %1003
            div 32    %1005 = ishl %1004, %225 (0xc)
            div 32    %1006 = ushr %1000, %122 (0x14)
            div 32    %1007 = ior %1006, %1005
            div 32    %1008 = iadd %1000, %31 (0x1)
            div 32    %1009 = ult32 %1008, %1000
            div 32    %1010 = b2i32 %1009
            div 32    %1011 = iadd %1010, %1004
            div 32    %1012 = ineg %1011
            div 32    %1013 = ine32 %1008, %14 (0x0)
            div 32    %1014 = b2i32 %1013
            div 32    %1015 = ineg %1014
            div 32    %1016 = iadd %1012, %1015
            div 32    %1017 = ishl %1016, %225 (0xc)
            div 32    %1018 = ineg %1008
            div 32    %1019 = ushr %1018, %122 (0x14)
            div 32    %1020 = ior %1019, %1017
            div 32    %1021 = ishr %1016, %122 (0x14)
            div 32    %1022 = ineg %1021
            div 32    %1023 = iadd %1022, %593 (0xffffffff)
            div 32    %1024 = ine32 %1020, %14 (0x0)
            div 32    %1025 = b2i32 %1024
            div 32    %1026 = ineg %1025
            div 32    %1027 = iadd %1023, %1026
            div 32    %1028 = ineg %1020
            div 32    %1029 = iadd %593 (0xffffffff), %1028
            div 32    %1030 = ult32 %1029, %593 (0xffffffff)
            div 32    %1031 = b2i32 %1030
            div 32    %1032 = iadd %1027, %1031
            div 32    %1033 = ige32 %1004, %14 (0x0)
            div 32    %1034 = ishr %1004, %122 (0x14)
            div 32    %1035 = b32csel %1033, %1034, %1032
            div 32    %1036 = b32csel %1033, %1007, %1029
            div 32    %1037 = iadd %1036, %1036
            div 32    %1038 = imul %1035, %1037
            div 32    %1039 = umul_high %1036, %1036
            div 32    %1040 = iadd %1039, %1038
            div 32    %1041 = ishl %1040, %225 (0xc)
            div 32    %1042 = imul %1036, %1036
            div 32    %1043 = ushr %1042, %122 (0x14)
            div 32    %1044 = ior %1043, %1041
            div 32    %1045 = iadd %1042, %31 (0x1)
            div 32    %1046 = ult32 %1045, %1042
            div 32    %1047 = b2i32 %1046
            div 32    %1048 = iadd %1047, %1040
            div 32    %1049 = ineg %1048
            div 32    %1050 = ine32 %1045, %14 (0x0)
            div 32    %1051 = b2i32 %1050
            div 32    %1052 = ineg %1051
            div 32    %1053 = iadd %1049, %1052
            div 32    %1054 = ishl %1053, %225 (0xc)
            div 32    %1055 = ineg %1045
            div 32    %1056 = ushr %1055, %122 (0x14)
            div 32    %1057 = ior %1056, %1054
            div 32    %1058 = ishr %1053, %122 (0x14)
            div 32    %1059 = ineg %1058
            div 32    %1060 = iadd %1059, %593 (0xffffffff)
            div 32    %1061 = ine32 %1057, %14 (0x0)
            div 32    %1062 = b2i32 %1061
            div 32    %1063 = ineg %1062
            div 32    %1064 = iadd %1060, %1063
            div 32    %1065 = ineg %1057
            div 32    %1066 = iadd %593 (0xffffffff), %1065
            div 32    %1067 = ult32 %1066, %593 (0xffffffff)
            div 32    %1068 = b2i32 %1067
            div 32    %1069 = iadd %1064, %1068
            div 32    %1070 = ige32 %1040, %14 (0x0)
            div 32    %1071 = ishr %1040, %122 (0x14)
            div 32    %1072 = b32csel %1070, %1071, %1069
            div 32    %1073 = b32csel %1070, %1044, %1066
            con 32    %1074 = load_const (0x00000160 = 352)
            div 32    %1075 = iadd %114, %1074 (0x160)
            div 32x2  %1076 = @load_ssbo (%25 (0x2), %1075) (access=readonly|reorderable, align_mul=64, align_offset=32, offset_shift=0)
            div 32    %1077 = umul_high %1076.x, %1036
            div 32    %1078 = imul %1076.x, %1036
            div 32    %1079 = imul %1076.y, %1036
            div 32    %1080 = imul %1076.x, %1035
            div 32    %1081 = iadd %1080, %1079
            div 32    %1082 = iadd %1077, %1081
            div 64    %1083 = @load_reg (%10) (base=0, legacy_fabs=0, legacy_fneg=0)
            div 32    %1084 = unpack_64_2x32_split_x %1083
            div 64    %1085 = @load_reg (%10) (base=0, legacy_fabs=0, legacy_fneg=0)
            div 32    %1086 = unpack_64_2x32_split_y %1085
            div 32    %1087 = iadd %1084, %1078
            div 32    %1088 = iadd %1086, %1082
            div 32    %1089 = ult32 %1087, %1084
            div 32    %1090 = b2i32 %1089
            div 32    %1091 = iadd %1090, %1088
            div 32    %1092 = ige32 %116.z, %25 (0x2)
                              // succs: b50 b51
            if %1092 {
                div block b50:        // preds: b49
                con 32    %1093 = load_const (0x00000198 = 408)
                div 32    %1094 = iadd %114, %1093 (0x198)
                div 32x2  %1095 = @load_ssbo (%25 (0x2), %1094) (access=readonly|reorderable, align_mul=64, align_offset=24, offset_shift=0)
                div 32    %1096 = umul_high %1095.x, %1073
                div 32    %1097 = imul %1095.x, %1073
                div 32    %1098 = imul %1095.y, %1073
                div 32    %1099 = imul %1095.x, %1072
                div 32    %1100 = iadd %1099, %1098
                div 32    %1101 = iadd %1096, %1100
                div 32    %1102 = iadd %1087, %1097
                div 32    %1103 = iadd %1091, %1101
                div 32    %1104 = ult32 %1102, %1087
                div 32    %1105 = b2i32 %1104
                div 32    %1106 = iadd %1105, %1103
                div 64    %1107 = pack_64_2x32_split %1102, %1106
                                  @store_reg (%1107, %11) (base=0, wrmask=x, legacy_fsat=0)
                                  // succs: b52
            } else {
                div block b51:        // preds: b49
                div 64    %1108 = pack_64_2x32_split %1087, %1091
                                  @store_reg (%1108, %11) (base=0, wrmask=x, legacy_fsat=0)
                                  // succs: b52
            }
            div block b52:        // preds: b50 b51
            div 32    %1109 = ige32 %116.z, %16 (0x3)
                              // succs: b53 b54
            if %1109 {
                div block b53:        // preds: b52
                div 32    %1110 = umul_high %1036, %1073
                div 32    %1111 = imul %1036, %1073
                div 32    %1112 = imul %1035, %1073
                div 32    %1113 = imul %1036, %1072
                div 32    %1114 = iadd %1113, %1112
                div 32    %1115 = iadd %1110, %1114
                div 32    %1116 = ishl %1115, %225 (0xc)
                div 32    %1117 = ushr %1111, %122 (0x14)
                div 32    %1118 = ior %1117, %1116
                div 32    %1119 = iadd %1111, %31 (0x1)
                div 32    %1120 = ult32 %1119, %1111
                div 32    %1121 = b2i32 %1120
                div 32    %1122 = iadd %1121, %1115
                div 32    %1123 = ineg %1122
                div 32    %1124 = ine32 %1119, %14 (0x0)
                div 32    %1125 = b2i32 %1124
                div 32    %1126 = ineg %1125
                div 32    %1127 = iadd %1123, %1126
                div 32    %1128 = ishl %1127, %225 (0xc)
                div 32    %1129 = ineg %1119
                div 32    %1130 = ushr %1129, %122 (0x14)
                div 32    %1131 = ior %1130, %1128
                div 32    %1132 = ishr %1127, %122 (0x14)
                div 32    %1133 = ineg %1132
                div 32    %1134 = iadd %1133, %593 (0xffffffff)
                div 32    %1135 = ine32 %1131, %14 (0x0)
                div 32    %1136 = b2i32 %1135
                div 32    %1137 = ineg %1136
                div 32    %1138 = iadd %1134, %1137
                div 32    %1139 = ineg %1131
                div 32    %1140 = iadd %593 (0xffffffff), %1139
                div 32    %1141 = ult32 %1140, %593 (0xffffffff)
                div 32    %1142 = b2i32 %1141
                div 32    %1143 = iadd %1138, %1142
                div 32    %1144 = ige32 %1115, %14 (0x0)
                div 32    %1145 = ishr %1115, %122 (0x14)
                div 32    %1146 = b32csel %1144, %1145, %1143
                div 32    %1147 = b32csel %1144, %1118, %1140
                con 32    %1148 = load_const (0x000001d0 = 464)
                div 32    %1149 = iadd %114, %1148 (0x1d0)
                div 32x2  %1150 = @load_ssbo (%25 (0x2), %1149) (access=readonly|reorderable, align_mul=64, align_offset=16, offset_shift=0)
                div 32    %1151 = umul_high %1150.x, %1147
                div 32    %1152 = imul %1150.x, %1147
                div 32    %1153 = imul %1150.y, %1147
                div 32    %1154 = imul %1150.x, %1146
                div 32    %1155 = iadd %1154, %1153
                div 32    %1156 = iadd %1151, %1155
                div 64    %1157 = @load_reg (%11) (base=0, legacy_fabs=0, legacy_fneg=0)
                div 32    %1158 = unpack_64_2x32_split_x %1157
                div 64    %1159 = @load_reg (%11) (base=0, legacy_fabs=0, legacy_fneg=0)
                div 32    %1160 = unpack_64_2x32_split_y %1159
                div 32    %1161 = iadd %1158, %1152
                div 32    %1162 = iadd %1160, %1156
                div 32    %1163 = ult32 %1161, %1158
                div 32    %1164 = b2i32 %1163
                div 32    %1165 = iadd %1164, %1162
                div 64    %1166 = pack_64_2x32_split %1161, %1165
                                  @store_reg (%1166, %11) (base=0, wrmask=x, legacy_fsat=0)
                                  // succs: b55
            } else {
                div block b54:  // preds: b52, succs: b55
            }
            div block b55:  // preds: b53 b54, succs: b56
        }
        div block b56:        // preds: b12 b55
        div 64    %1167 = @load_reg (%11) (base=0, legacy_fabs=0, legacy_fneg=0)
        div 32    %1168 = unpack_64_2x32_split_y %1167
        div 64    %1169 = @load_reg (%11) (base=0, legacy_fabs=0, legacy_fneg=0)
        div 32    %1170 = unpack_64_2x32_split_x %1169
        con 32    %1171 = load_const (0x00000028 = 40)
        con 32x2  %1172 = @load_ssbo (%25 (0x2), %1171 (0x28)) (access=readonly|reorderable, align_mul=1073741824, align_offset=40, offset_shift=0)
        con 32    %1173 = iadd %1172.x, %32 (0x4)
        con 32    %1174 = iand %1173, %22 (0x3f)
        div 32    %1175 = ushr %1170, %1174
        div 32    %1176 = ishr %1168, %1174
        con 32    %1177 = iadd %1174, %123 (0xffffffe0)
        con 32    %1178 = iabs %1177
        div 32    %1179 = ishl %1168, %1178
        div 32    %1180 = ior %1175, %1179
        div 32    %1181 = ishr %1168, %1178
        con 32    %1182 = uge32 %1174, %118 (0x20)
        con 32    %1183 = load_const (0x0000001f = 31)
        div 32    %1184 = ishr %1168, %1183 (0x1f)
        div 32    %1185 = b32csel %1182, %1184, %1176
        div 32    %1186 = b32csel %1182, %1181, %1180
        con 32    %1187 = ieq32 %1174, %14 (0x0)
        div 32    %1188 = b32csel %1187, %1168, %1185
        div 32    %1189 = b32csel %1187, %1170, %1186
        div 32    %1190 = iadd %1170, %31 (0x1)
        div 32    %1191 = ult32 %1190, %1170
        div 32    %1192 = b2i32 %1191
        div 32    %1193 = iadd %1192, %1168
        div 32    %1194 = ineg %1193
        div 32    %1195 = ine32 %1190, %14 (0x0)
        div 32    %1196 = b2i32 %1195
        div 32    %1197 = ineg %1196
        div 32    %1198 = iadd %1194, %1197
        div 32    %1199 = ineg %1190
        div 32    %1200 = ushr %1199, %1174
        div 32    %1201 = ishr %1198, %1174
        div 32    %1202 = ishl %1198, %1178
        div 32    %1203 = ior %1200, %1202
        div 32    %1204 = ishr %1198, %1178
        div 32    %1205 = ishr %1198, %1183 (0x1f)
        div 32    %1206 = b32csel %1182, %1205, %1201
        div 32    %1207 = b32csel %1182, %1204, %1203
        div 32    %1208 = b32csel %1187, %1198, %1206
        div 32    %1209 = b32csel %1187, %1199, %1207
        con 32    %1210 = load_const (0xffffffff = -1 = 4294967295)
        div 32    %1211 = ineg %1208
        div 32    %1212 = iadd %1211, %1210 (0xffffffff)
        div 32    %1213 = ine32 %1209, %14 (0x0)
        div 32    %1214 = b2i32 %1213
        div 32    %1215 = ineg %1214
        div 32    %1216 = iadd %1212, %1215
        div 32    %1217 = ineg %1209
        div 32    %1218 = iadd %1210 (0xffffffff), %1217
        div 32    %1219 = ult32 %1218, %1210 (0xffffffff)
        div 32    %1220 = b2i32 %1219
        div 32    %1221 = iadd %1216, %1220
        div 32    %1222 = ige32 %1168, %14 (0x0)
        div 32    %1223 = b32csel %1222, %1188, %1221
        div 32    %1224 = b32csel %1222, %1189, %1218
        div 32    %1225 = ieq32 %14 (0x0), %1223
        con 32    %1226 = load_const (0x0000ffff = 65535)
        div 32    %1227 = ult32 %1226 (0xffff), %1224
        div 32    %1228 = iand %1225, %1227
        div 32    %1229 = ilt32 %14 (0x0), %1223
        div 32    %1230 = ior %1229, %1228
        div 32    %1231 = b32csel %1230, %1226 (0xffff), %1224
        div 32    %1232 = ilt32 %1223, %14 (0x0)
        div 32    %1233 = ior %1232, %1230
        div 32    %1234 = b32csel %1233, %14 (0x0), %1223
        div 32    %1235 = b32csel %1232, %14 (0x0), %1231
        con 32    %1236 = load_const (0x00000010 = 16)
        con 32x2  %1237 = @load_ssbo (%25 (0x2), %1236 (0x10)) (access=readonly|reorderable, align_mul=1073741824, align_offset=16, offset_shift=0)
        con 32    %1238 = ieq32 %1237.y, %14 (0x0)
        con 32    %1239 = ieq32 %1237.x, %31 (0x1)
        con 32    %1240 = iand %1238, %1239
                          // succs: b57 b61
        if %1240 {
            div block b57:        // preds: b56
            con 32    %1241 = load_const (0x00000038 = 56)
            con 32x2  %1242 = @load_ssbo (%25 (0x2), %1241 (0x38)) (access=readonly|reorderable, align_mul=1073741824, align_offset=56, offset_shift=0)
            con 32    %1243 = ineg %1242.y
            con 32    %1244 = ine32 %1242.x, %14 (0x0)
            con 32    %1245 = b2i32 %1244
            con 32    %1246 = ineg %1245
            con 32    %1247 = iadd %1243, %1246
            con 32    %1248 = ineg %1242.x
            div 32    %1249 = iadd %34.w, %1248
            div 32    %1250 = ult32 %1249, %34.w
            div 32    %1251 = b2i32 %1250
            div 32    %1252 = iadd %1251, %1247
            div 32    %1253 = ior %1249, %1252
            div 32    %1254 = ine32 %1253, %14 (0x0)
                              // succs: b58 b59
            if %1254 {
                div block b58:        // preds: b57
                div 32    %1255 = ieq32 %14 (0x0), %1252
                div 32    %1256 = ine32 %1249, %14 (0x0)
                div 32    %1257 = iand %1255, %1256
                div 32    %1258 = ilt32 %14 (0x0), %1252
                div 32    %1259 = ior %1258, %1257
                con 32    %1260 = load_const (0x00000030 = 48)
                con 32x2  %1261 = @load_ssbo (%25 (0x2), %1260 (0x30)) (access=readonly|reorderable, align_mul=1073741824, align_offset=48, offset_shift=0)
                con 32    %1262 = ineg %1261.x
                con 32    %1263 = load_const (0x0000000a = 10)
                con 32    %1264 = iadd %1263 (0xa), %1262
                con 32    %1265 = iand %1264, %22 (0x3f)
                con 32    %1266 = uge32 %1265, %118 (0x20)
                con 32    %1267 = iadd %1265, %123 (0xffffffe0)
                con 32    %1268 = iabs %1267
                con 32    %1269 = ushr %31 (0x1), %1268
                con 32    %1270 = ishl %31 (0x1), %1268
                con 32    %1271 = b32csel %1266, %1270, %1269
                con 32    %1272 = ishl %31 (0x1), %1265
                con 32    %1273 = b32csel %1266, %14 (0x0), %1272
                con 32    %1274 = ieq32 %1265, %14 (0x0)
                con 32    %1275 = b32csel %1274, %14 (0x0), %1271
                con 32    %1276 = b32csel %1274, %31 (0x1), %1273
                con 32    %1277 = ushr %1276, %1183 (0x1f)
                con 32    %1278 = ishl %1275, %31 (0x1)
                con 32    %1279 = ior %1278, %1277
                con 32    %1280 = load_const (0x00000050 = 80)
                con 32x2  %1281 = @load_ssbo (%25 (0x2), %1280 (0x50)) (access=readonly|reorderable, align_mul=1073741824, align_offset=80, offset_shift=0)
                con 32    %1282 = ishl %1276, %31 (0x1)
                con 32    %1283 = umul_high %1282, %1281.x
                con 32    %1284 = imul %1282, %1281.x
                con 32    %1285 = imul %1279, %1281.x
                con 32    %1286 = imul %1282, %1281.y
                con 32    %1287 = iadd %1286, %1285
                con 32    %1288 = iadd %1283, %1287
                div 32    %1289 = ushr %1249, %1183 (0x1f)
                div 32    %1290 = ishl %1252, %31 (0x1)
                div 32    %1291 = ior %1290, %1289
                div 32    %1292 = b32csel %1259, %1210 (0xffffffff), %31 (0x1)
                div 32    %1293 = ishl %1249, %31 (0x1)
                div 32    %1294 = iadd %1293, %1292
                div 32    %1295 = b2i32 %1259
                div 32    %1296 = ineg %1295
                div 32    %1297 = iadd %1291, %1296
                div 32    %1298 = ult32 %1294, %1293
                div 32    %1299 = b2i32 %1298
                div 32    %1300 = iadd %1299, %1297
                con 32    %1301 = load_const (0x00000040 = 64)
                con 32x4  %1302 = @load_ssbo_uniform_block_intel (%25 (0x2), %1301 (0x40)) (access=readonly|reorderable, align_mul=1073741824, align_offset=64, base=0)
                div 32    %1303 = umul_high %1294, %1302.x
                div 32    %1304 = imul %1294, %1302.x
                div 32    %1305 = imul %1300, %1302.x
                div 32    %1306 = imul %1294, %1302.y
                div 32    %1307 = iadd %1306, %1305
                div 32    %1308 = iadd %1303, %1307
                div 32    %1309 = b32csel %1259, %25 (0x2), %88 (0xfffffffe)
                div 32    %1310 = umul_high %1309, %1302.z
                div 32    %1311 = imul %1309, %1302.z
                div 32    %1312 = b32csel %1259, %14 (0x0), %1302.z
                div 32    %1313 = imul %1309, %1302.w
                div 32    %1314 = ineg %1312
                div 32    %1315 = iadd %1313, %1314
                div 32    %1316 = iadd %1310, %1315
                div 32    %1317 = iadd %1304, %1311
                div 32    %1318 = iadd %1308, %1316
                div 32    %1319 = ult32 %1317, %1304
                div 32    %1320 = b2i32 %1319
                div 32    %1321 = iadd %1320, %1318
                div 32    %1322 = umul_high %1317, %1276
                div 32    %1323 = imul %1317, %1276
                div 32    %1324 = imul %1321, %1276
                div 32    %1325 = imul %1317, %1275
                div 32    %1326 = iadd %1325, %1324
                div 32    %1327 = iadd %1322, %1326
                con 32    %1328 = ineg %1288
                con 32    %1329 = ine32 %1284, %14 (0x0)
                con 32    %1330 = b2i32 %1329
                con 32    %1331 = ineg %1330
                con 32    %1332 = iadd %1328, %1331
                div 32    %1333 = ieq32 %1327, %1332
                con 32    %1334 = ineg %1284
                div 32    %1335 = ult32 %1323, %1334
                div 32    %1336 = iand %1333, %1335
                div 32    %1337 = ilt32 %1327, %1332
                div 32    %1338 = ior %1337, %1336
                div 32    %1339 = ieq32 %1288, %1327
                div 32    %1340 = ult32 %1284, %1323
                div 32    %1341 = iand %1339, %1340
                div 32    %1342 = ilt32 %1288, %1327
                div 32    %1343 = ior %1342, %1341
                div 32    %1344 = b32csel %1343, %1288, %1327
                div 32    %1345 = b32csel %1343, %1284, %1323
                div 32    %1346 = b32csel %1338, %1332, %1344
                div 32    %1347 = b32csel %1338, %1334, %1345
                con 32    %1348 = load_const (0xfffffffb = -5 = 4294967291)
                con 32    %1349 = iadd %1172.x, %1348 (0xfffffffb)
                con 32    %1350 = iadd %1349, %1262
                con 32    %1351 = iand %1350, %22 (0x3f)
                div 32    %1352 = ushr %1347, %1351
                div 32    %1353 = ishr %1346, %1351
                con 32    %1354 = iadd %1351, %123 (0xffffffe0)
                con 32    %1355 = iabs %1354
                div 32    %1356 = ishl %1346, %1355
                div 32    %1357 = ior %1352, %1356
                div 32    %1358 = ishr %1346, %1355
                con 32    %1359 = uge32 %1351, %118 (0x20)
                div 32    %1360 = ishr %1346, %1183 (0x1f)
                div 32    %1361 = b32csel %1359, %1360, %1353
                div 32    %1362 = b32csel %1359, %1358, %1357
                con 32    %1363 = ieq32 %1351, %14 (0x0)
                div 32    %1364 = b32csel %1363, %1346, %1361
                div 32    %1365 = b32csel %1363, %1347, %1362
                div 32    %1366 = iadd %1347, %31 (0x1)
                div 32    %1367 = ult32 %1366, %1347
                div 32    %1368 = b2i32 %1367
                div 32    %1369 = iadd %1368, %1346
                div 32    %1370 = ineg %1369
                div 32    %1371 = ine32 %1366, %14 (0x0)
                div 32    %1372 = b2i32 %1371
                div 32    %1373 = ineg %1372
                div 32    %1374 = iadd %1370, %1373
                div 32    %1375 = ineg %1366
                div 32    %1376 = ushr %1375, %1351
                div 32    %1377 = ishr %1374, %1351
                div 32    %1378 = ishl %1374, %1355
                div 32    %1379 = ior %1376, %1378
                div 32    %1380 = ishr %1374, %1355
                div 32    %1381 = ishr %1374, %1183 (0x1f)
                div 32    %1382 = b32csel %1359, %1381, %1377
                div 32    %1383 = b32csel %1359, %1380, %1379
                div 32    %1384 = b32csel %1363, %1374, %1382
                div 32    %1385 = b32csel %1363, %1375, %1383
                div 32    %1386 = ineg %1384
                div 32    %1387 = iadd %1386, %1210 (0xffffffff)
                div 32    %1388 = ine32 %1385, %14 (0x0)
                div 32    %1389 = b2i32 %1388
                div 32    %1390 = ineg %1389
                div 32    %1391 = iadd %1387, %1390
                div 32    %1392 = ineg %1385
                div 32    %1393 = iadd %1210 (0xffffffff), %1392
                div 32    %1394 = ult32 %1393, %1210 (0xffffffff)
                div 32    %1395 = b2i32 %1394
                div 32    %1396 = iadd %1391, %1395
                div 32    %1397 = ige32 %1346, %14 (0x0)
                div 32    %1398 = b32csel %1397, %1364, %1396
                div 32    %1399 = b32csel %1397, %1365, %1393
                div 64    %1400 = pack_64_2x32_split %1399, %1398
                                  @store_reg (%1400, %12) (base=0, wrmask=x, legacy_fsat=0)
                                  // succs: b60
            } else {
                div block b59:        // preds: b57
                con 64    %1401 = mov %121 (0x0)
                                  @store_reg (%1401, %12) (base=0, wrmask=x, legacy_fsat=0)
                                  // succs: b60
            }
            div block b60:  // preds: b58 b59, succs: b62
        } else {
            div block b61:        // preds: b56
            con 64    %1402 = mov %121 (0x0)
                              @store_reg (%1402, %12) (base=0, wrmask=x, legacy_fsat=0)
                              // succs: b62
        }
        div block b62:        // preds: b60 b61
        div 64    %1403 = @load_reg (%12) (base=0, legacy_fabs=0, legacy_fneg=0)
        div 32    %1404 = unpack_64_2x32_split_x %1403
        div 64    %1405 = @load_reg (%12) (base=0, legacy_fabs=0, legacy_fneg=0)
        div 32    %1406 = unpack_64_2x32_split_y %1405
        div 32    %1407 = iadd %1235, %1404
        div 32    %1408 = iadd %1234, %1406
        div 32    %1409 = ult32 %1407, %1235
        div 32    %1410 = b2i32 %1409
        div 32    %1411 = iadd %1410, %1408
        con 32x2  %1412 = @load_ssbo (%25 (0x2), %120 (0x18)) (access=readonly|reorderable, align_mul=1073741824, align_offset=24, offset_shift=0)
        con 32    %1413 = ineg %1412.x
        con 32    %1414 = load_const (0x0000000f = 15)
        con 32    %1415 = iadd %1414 (0xf), %1413
        con 32    %1416 = iand %1415, %22 (0x3f)
        con 32    %1417 = uge32 %1416, %118 (0x20)
        con 32    %1418 = iadd %1416, %123 (0xffffffe0)
        con 32    %1419 = iabs %1418
        con 32    %1420 = ushr %31 (0x1), %1419
        con 32    %1421 = ishl %31 (0x1), %1419
        con 32    %1422 = b32csel %1417, %1421, %1420
        con 32    %1423 = ishl %31 (0x1), %1416
        con 32    %1424 = b32csel %1417, %14 (0x0), %1423
        con 32    %1425 = ieq32 %1416, %14 (0x0)
        con 32    %1426 = b32csel %1425, %14 (0x0), %1422
        con 32    %1427 = b32csel %1425, %31 (0x1), %1424
        div 32    %1428 = iadd %1407, %1427
        div 32    %1429 = iadd %1411, %1426
        div 32    %1430 = ult32 %1428, %1407
        div 32    %1431 = b2i32 %1430
        div 32    %1432 = iadd %1431, %1429
        con 32    %1433 = iadd %1236 (0x10), %1413
        con 32    %1434 = iand %1433, %22 (0x3f)
        div 32    %1435 = ushr %1428, %1434
        div 32    %1436 = ishr %1432, %1434
        con 32    %1437 = iadd %1434, %123 (0xffffffe0)
        con 32    %1438 = iabs %1437
        div 32    %1439 = ishl %1432, %1438
        div 32    %1440 = ior %1435, %1439
        div 32    %1441 = ishr %1432, %1438
        con 32    %1442 = uge32 %1434, %118 (0x20)
        div 32    %1443 = ishr %1432, %1183 (0x1f)
        div 32    %1444 = b32csel %1442, %1443, %1436
        div 32    %1445 = b32csel %1442, %1441, %1440
        con 32    %1446 = ieq32 %1434, %14 (0x0)
        div 32    %1447 = b32csel %1446, %1432, %1444
        div 32    %1448 = b32csel %1446, %1428, %1445
        div 32    %1449 = iadd %1428, %31 (0x1)
        div 32    %1450 = ult32 %1449, %1428
        div 32    %1451 = b2i32 %1450
        div 32    %1452 = iadd %1451, %1432
        div 32    %1453 = ineg %1452
        div 32    %1454 = ine32 %1449, %14 (0x0)
        div 32    %1455 = b2i32 %1454
        div 32    %1456 = ineg %1455
        div 32    %1457 = iadd %1453, %1456
        div 32    %1458 = ineg %1449
        div 32    %1459 = ushr %1458, %1434
        div 32    %1460 = ishr %1457, %1434
        div 32    %1461 = ishl %1457, %1438
        div 32    %1462 = ior %1459, %1461
        div 32    %1463 = ishr %1457, %1438
        div 32    %1464 = ishr %1457, %1183 (0x1f)
        div 32    %1465 = b32csel %1442, %1464, %1460
        div 32    %1466 = b32csel %1442, %1463, %1462
        div 32    %1467 = b32csel %1446, %1457, %1465
        div 32    %1468 = b32csel %1446, %1458, %1466
        div 32    %1469 = ineg %1467
        div 32    %1470 = iadd %1469, %1210 (0xffffffff)
        div 32    %1471 = ine32 %1468, %14 (0x0)
        div 32    %1472 = b2i32 %1471
        div 32    %1473 = ineg %1472
        div 32    %1474 = iadd %1470, %1473
        div 32    %1475 = ineg %1468
        div 32    %1476 = iadd %1210 (0xffffffff), %1475
        div 32    %1477 = ult32 %1476, %1210 (0xffffffff)
        div 32    %1478 = b2i32 %1477
        div 32    %1479 = iadd %1474, %1478
        div 32    %1480 = ige32 %1432, %14 (0x0)
        div 32    %1481 = b32csel %1480, %1447, %1479
        div 32    %1482 = b32csel %1480, %1448, %1476
        con 32    %1483 = iand %1412.x, %22 (0x3f)
        con 32    %1484 = uge32 %1483, %118 (0x20)
        con 32    %1485 = iadd %1483, %123 (0xffffffe0)
        con 32    %1486 = iabs %1485
        con 32    %1487 = ushr %31 (0x1), %1486
        con 32    %1488 = ishl %31 (0x1), %1486
        con 32    %1489 = b32csel %1484, %1488, %1487
        con 32    %1490 = ishl %31 (0x1), %1483
        con 32    %1491 = b32csel %1484, %14 (0x0), %1490
        con 32    %1492 = ieq32 %1483, %14 (0x0)
        con 32    %1493 = b32csel %1492, %31 (0x1), %1491
        con 32    %1494 = iadd %1489, %1210 (0xffffffff)
        con 32    %1495 = b32csel %1492, %1210 (0xffffffff), %1494
        con 32    %1496 = iadd %1493, %1210 (0xffffffff)
        con 32    %1497 = ult32 %1496, %1493
        con 32    %1498 = b2i32 %1497
        con 32    %1499 = iadd %1498, %1495
        div 32    %1500 = ieq32 %1499, %1481
        div 32    %1501 = ult32 %1496, %1482
        div 32    %1502 = iand %1500, %1501
        div 32    %1503 = ilt32 %1499, %1481
        div 32    %1504 = ior %1503, %1502
        div 32    %1505 = b32csel %1504, %1496, %1482
        div 32    %1506 = ilt32 %1481, %14 (0x0)
        div 32    %1507 = b32csel %1506, %14 (0x0), %1505
        div 32x4  %1508 = vec4 %1235, %1404, %1407, %1507
                          @store_ssbo (%1508, %14 (0x0), %33) (wrmask=xyzw, access=writeonly, align_mul=16, align_offset=0, offset_shift=0)
                          // succs: b64
    } else {
        div block b63:  // preds: b0, succs: b64
    }
    con block b64:  // preds: b62 b63, succs: b65
    block b65:
}

NIR (SSA form) for compute shader:
shader: MESA_SHADER_COMPUTE
source_blake3: {0x225dad7f, 0xe2b4d708, 0x2c1f3472, 0x273b6837, 0x4dba321c, 0x9a282a80, 0x56b23ddc, 0xd22127d3}
name: GLSL2
workgroup_size: 64, 1, 1
num_ssbos: 3
system_values_read: 0x00000000'00000000'00008400'00000000
max_subgroup_size: 16
min_subgroup_size: 16
bit_sizes_int: 0x61
first_ubo_is_default_ubo: true
flrp_lowered: true
writes_memory: true
decl_var ssbo INTERP_MODE_NONE writeonly ivec4[] results (0, 0, 2)
decl_var ssbo INTERP_MODE_NONE readonly uvec4[] samples (0, 1, 1)
decl_var ssbo INTERP_MODE_NONE readonly int64_t[] m (0, 2, 0)
decl_function main () (entrypoint)

impl main {
    con block b0:         // preds:
    con 32x3     %0 = @load_workgroup_id
    con 32       %1 = load_const (0x00000000)
    con 32       %2 = @load_push_data_intel (%1 (0x0)) (base=0, range=4, access=none)
    con 32       %3 = load_const (0x00000004)
    con 32       %4 = ishl %2, %3 (0x4)
    div 32       %5 = @load_subgroup_invocation
    div 32       %6 = iadd %5, %4
    con 32       %7 = load_const (0x00000006)
    con 32       %8 = ishl %0.x, %7 (0x6)
    con 32       %9 = load_const (0x0000003f = 63)
    div 32      %10 = iand %6, %9 (0x3f)
    div 32      %11 = iadd %8, %10
    con 32      %12 = load_const (0x00000002)
    con 32x2    %13 = @load_ssbo (%12 (0x2), %1 (0x0)) (access=readonly|reorderable, align_mul=1073741824, align_offset=0, offset_shift=0)
    div 32      %14 = ult32 %11, %13.x
                      // succs: b1 b63
    if %14 {
        div block b1:         // preds: b0
        con 32      %15 = load_const (0x00000010 = 16)
        con 32      %16 = load_const (0x00000008)
        con 32x2    %17 = @load_ssbo (%12 (0x2), %16 (0x8)) (access=readonly|reorderable, align_mul=1073741824, align_offset=8, offset_shift=0)
        con 32      %18 = load_const (0x00000003)
        con 32      %19 = ilt32 %17.x, %18 (0x3)
        con 32      %20 = load_const (0x00000001)
        div 32      %21 = ishl %11, %3 (0x4)
        div 32x4    %22 = @load_ssbo (%20 (0x1), %21) (access=readonly|reorderable, align_mul=16, align_offset=0, offset_shift=0)
        div 32      %23 = b32csel %19, %22.z, %22.w
        con 32      %24 = ilt32 %17.x, %20 (0x1)
        div 32      %25 = b32csel %24, %22.x, %22.y
        con 32      %26 = ilt32 %17.x, %12 (0x2)
        div 32      %27 = b32csel %26, %25, %23
        con 32      %28 = load_const (0x00000058 = 88)
        con 32x16   %29 = @load_ssbo_uniform_block_intel (%12 (0x2), %28 (0x58)) (access=readonly|reorderable, align_mul=1073741824, align_offset=88, base=0)
        con 32      %30 = ieq32 %1 (0x0), %29.b
        div 32      %31 = ult32 %22.x, %29.a
        div 32      %32 = iand %30, %31
        con 32      %33 = ilt32 %1 (0x0), %29.b
        div 32      %34 = ior %33, %32
        con 32      %35 = ieq32 %29.d, %1 (0x0)
        div 32      %36 = ult32 %29.c, %22.x
        div 32      %37 = iand %35, %36
        con 32      %38 = ilt32 %29.d, %1 (0x0)
        div 32      %39 = ior %38, %37
        div 32      %40 = b32csel %39, %29.d, %1 (0x0)
        div 32      %41 = b32csel %39, %29.c, %22.x
        div 32      %42 = b32csel %34, %29.b, %40
        div 32      %43 = b32csel %34, %29.a, %41
        con 32      %44 = ieq32 %1 (0x0), %29.f
        div 32      %45 = ult32 %22.y, %29.e
        div 32      %46 = iand %44, %45
        con 32      %47 = ilt32 %1 (0x0), %29.f
        div 32      %48 = ior %47, %46
        con 32      %49 = ieq32 %29.h, %1 (0x0)
        div 32      %50 = ult32 %29.g, %22.y
        div 32      %51 = iand %49, %50
        con 32      %52 = ilt32 %29.h, %1 (0x0)
        div 32      %53 = ior %52, %51
        div 32      %54 = b32csel %53, %29.h, %1 (0x0)
        div 32      %55 = b32csel %53, %29.g, %22.y
        div 32      %56 = b32csel %48, %29.f, %54
        div 32      %57 = b32csel %48, %29.e, %55
        con 32      %58 = ieq32 %1 (0x0), %29.j
        div 32      %59 = ult32 %22.z, %29.i
        div 32      %60 = iand %58, %59
        con 32      %61 = ilt32 %1 (0x0), %29.j
        div 32      %62 = ior %61, %60
        con 32      %63 = ieq32 %29.l, %1 (0x0)
        div 32      %64 = ult32 %29.k, %22.z
        div 32      %65 = iand %63, %64
        con 32      %66 = ilt32 %29.l, %1 (0x0)
        div 32      %67 = ior %66, %65
        div 32      %68 = b32csel %67, %29.l, %1 (0x0)
        div 32      %69 = b32csel %67, %29.k, %22.z
        div 32      %70 = b32csel %62, %29.j, %68
        div 32      %71 = b32csel %62, %29.i, %69
        con 32      %72 = load_const (0x000000a0 = 160)
        con 32      %73 = load_const (0x00000088 = 136)
        con 32x2    %74 = @load_ssbo (%12 (0x2), %73 (0x88)) (access=readonly|reorderable, align_mul=1073741824, align_offset=136, offset_shift=0)
        con 32      %75 = load_const (0x00000098 = 152)
        con 32      %76 = load_const (0xfffffffe = -2 = 4294967294)
        con 32      %77 = iadd %74.x, %76 (0xfffffffe)
                          // succs: b2
        div loop {
            div block b2:         // preds: b1 b5
            con 32      %78 = phi b1: %1 (0x0), b5: %92
            con 32      %79 = phi b1: %75 (0x98), b5: %91
            con 32x2    %80 = @load_ssbo (%12 (0x2), %79) (access=readonly|reorderable, align_mul=8, align_offset=0, offset_shift=0)
            con 32      %81 = ieq32 %1 (0x0), %80.y
            div 32      %82 = ult32 %27, %80.x
            div 32      %83 = iand %81, %82
            con 32      %84 = ilt32 %1 (0x0), %80.y
            div 32      %85 = ior %84, %83
            div 32      %86 = inot %85
            con 32      %87 = ilt32 %78, %77
            div 32      %88 = iand %87, %86
            div 32      %89 = inot %88
                              // succs: b3 b4
            if %89 {
                div block b3:// preds: b2
                break
                // succs: b6
            } else {
                div block b4:  // preds: b2, succs: b5
            }
            div block b5:         // preds: b4
            con 32      %90 = ishl %78, %18 (0x3)
            con 32      %91 = iadd %90, %72 (0xa0)
            con 32      %92 = iadd %78, %20 (0x1)
                              // succs: b2
        }
        div block b6:         // preds: b3
        div 32      %93 = phi b3: %78
        con 32      %94 = load_const (0x00000118 = 280)
        con 32      %95 = load_const (0x000000c0 = 192)
        div 32      %96 = imul_32x16 %93, %95 (0xc0)
        div 32      %97 = iadd %96, %94 (0x118)
        div 32x4    %98 = @load_ssbo (%12 (0x2), %97) (access=readonly|reorderable, align_mul=64, align_offset=24, offset_shift=0)
        div 32      %99 = ior %98.x, %98.y
        con 32     %100 = load_const (0x00000020 = 32)
        con 32x2   %101 = @load_ssbo (%12 (0x2), %100 (0x20)) (access=readonly|reorderable, align_mul=1073741824, align_offset=32, offset_shift=0)
        con 32     %102 = load_const (0x00000018 = 24)
        con 64     %103 = load_const (0x0000000000000000)
        con 32     %104 = load_const (0x00000014 = 20)
        con 32     %105 = load_const (0xffffffe0 = -32 = 4294967264)
        div 32     %106 = ieq32 %99, %1 (0x0)
                          // succs: b7 b13
        if %106 {
            div block b7:         // preds: b6
            con 32     %107 = ieq32 %17.x, %20 (0x1)
            div 32     %108 = b32csel %107, %56, %70
            div 32     %109 = b32csel %107, %57, %71
            con 32     %110 = ieq32 %17.x, %1 (0x0)
            div 32     %111 = b32csel %110, %42, %108
            div 32     %112 = b32csel %110, %43, %109
            con 32     %113 = load_const (0x00000130 = 304)
            div 32     %114 = imul_32x16 %93, %102 (0x18)
            con 64     %115 = load_const (0x0000000000000001)
                              // succs: b8
            div loop {
                div block b8:         // preds: b7 b11
                div 64     %116 = phi b7: %115 (0x1), b11: %168
                con 32     %117 = phi b7: %1 (0x0), b11: %166
                div 64     %118 = phi b7: %103 (0x0), b11: %167
                div 32     %119 = ilt32 %98.z, %117
                                  // succs: b9 b10
                if %119 {
                    div block b9:// preds: b8
                    break
                    // succs: b12
                } else {
                    div block b10:  // preds: b8, succs: b11
                }
                div block b11:        // preds: b10
                div 32     %120 = iadd %114, %117
                div 32     %121 = unpack_64_2x32_split_x %116
                div 32     %122 = unpack_64_2x32_split_y %116
                div 32     %123 = ishl %120, %18 (0x3)
                div 32     %124 = iadd %123, %113 (0x130)
                div 32x2   %125 = @load_ssbo (%12 (0x2), %124) (access=readonly|reorderable, align_mul=8, align_offset=0, offset_shift=0)
                div 32     %126 = umul_high %125.x, %121
                div 32     %127 = imul %125.x, %121
                div 32     %128 = imul %125.y, %121
                div 32     %129 = imul %125.x, %122
                div 32     %130 = iadd %129, %128
                div 32     %131 = iadd %126, %130
                con 32     %132 = imul %101.x, %117
                con 32     %133 = ineg %132
                con 32     %134 = iadd %104 (0x14), %133
                con 32     %135 = iand %134, %9 (0x3f)
                con 32     %136 = uge32 %135, %100 (0x20)
                con 32     %137 = iadd %135, %105 (0xffffffe0)
                con 32     %138 = iabs %137
                con 32     %139 = ushr %20 (0x1), %138
                con 32     %140 = ishl %20 (0x1), %138
                con 32     %141 = b32csel %136, %140, %139
                con 32     %142 = ishl %20 (0x1), %135
                con 32     %143 = b32csel %136, %1 (0x0), %142
                con 32     %144 = ieq32 %135, %1 (0x0)
                con 32     %145 = b32csel %144, %1 (0x0), %141
                con 32     %146 = b32csel %144, %20 (0x1), %143
                div 32     %147 = umul_high %127, %146
                div 32     %148 = imul %127, %146
                div 32     %149 = imul %131, %146
                div 32     %150 = imul %127, %145
                div 32     %151 = iadd %150, %149
                div 32     %152 = iadd %147, %151
                div 32     %153 = unpack_64_2x32_split_x %118
                div 32     %154 = unpack_64_2x32_split_y %118
                div 32     %155 = iadd %153, %148
                div 32     %156 = iadd %154, %152
                div 32     %157 = ult32 %155, %153
                div 32     %158 = b2i32 %157
                div 32     %159 = iadd %158, %156
                div 32     %160 = umul_high %121, %112
                div 32     %161 = imul %121, %112
                div 32     %162 = imul %122, %112
                div 32     %163 = imul %121, %111
                div 32     %164 = iadd %163, %162
                div 32     %165 = iadd %160, %164
                con 32     %166 = iadd %117, %20 (0x1)
                div 64     %167 = pack_64_2x32_split %155, %159
                div 64     %168 = pack_64_2x32_split %161, %165
                                  // succs: b8
            }
            div block b12:        // preds: b9
            div 64     %169 = phi b9: %118
                              // succs: b56
        } else {
            div block b13:        // preds: b6
            con 32     %170 = ineg %101.x
            con 32     %171 = iadd %104 (0x14), %170
            con 32     %172 = iand %171, %9 (0x3f)
            con 32     %173 = uge32 %172, %100 (0x20)
            con 32     %174 = iadd %172, %105 (0xffffffe0)
            con 32     %175 = iabs %174
            con 32     %176 = ushr %20 (0x1), %175
            con 32     %177 = ishl %20 (0x1), %175
            con 32     %178 = b32csel %173, %177, %176
            con 32     %179 = ishl %20 (0x1), %172
            con 32     %180 = b32csel %173, %1 (0x0), %179
            con 32     %181 = ieq32 %172, %1 (0x0)
            con 32     %182 = b32csel %181, %1 (0x0), %178
            con 32     %183 = b32csel %181, %20 (0x1), %180
            con 32     %184 = ishl %101.x, %20 (0x1)
            con 32     %185 = ineg %184
            con 32     %186 = iadd %104 (0x14), %185
            con 32     %187 = iand %186, %9 (0x3f)
            con 32     %188 = uge32 %187, %100 (0x20)
            con 32     %189 = iadd %187, %105 (0xffffffe0)
            con 32     %190 = iabs %189
            con 32     %191 = ushr %20 (0x1), %190
            con 32     %192 = ishl %20 (0x1), %190
            con 32     %193 = b32csel %188, %192, %191
            con 32     %194 = ishl %20 (0x1), %187
            con 32     %195 = b32csel %188, %1 (0x0), %194
            con 32     %196 = ieq32 %187, %1 (0x0)
            con 32     %197 = b32csel %196, %1 (0x0), %193
            con 32     %198 = b32csel %196, %20 (0x1), %195
            con 32     %199 = load_const (0x0000000c = 12)
            con 32     %200 = load_const (0x00000128 = 296)
            div 32     %201 = iadd %96, %200 (0x128)
            div 32x4   %202 = @load_ssbo (%12 (0x2), %201) (access=readonly|reorderable, align_mul=64, align_offset=40, offset_shift=0)
            div 32     %203 = ushr %202.x, %199 (0xc)
            div 32     %204 = ishl %202.y, %104 (0x14)
            div 32     %205 = ior %204, %203
            div 32     %206 = umul_high %43, %183
            div 32     %207 = imul %43, %183
            div 32     %208 = imul %42, %183
            div 32     %209 = imul %43, %182
            div 32     %210 = iadd %209, %208
            div 32     %211 = iadd %206, %210
            div 32     %212 = iadd %43, %43
            div 32     %213 = imul %42, %212
            div 32     %214 = umul_high %43, %43
            div 32     %215 = iadd %214, %213
            div 32     %216 = imul %43, %43
            div 32     %217 = umul_high %216, %198
            div 32     %218 = imul %216, %198
            div 32     %219 = imul %215, %198
            div 32     %220 = imul %216, %197
            div 32     %221 = iadd %220, %219
            div 32     %222 = iadd %217, %221
            div 32     %223 = umul_high %202.z, %207
            div 32     %224 = imul %202.z, %207
            div 32     %225 = imul %202.w, %207
            div 32     %226 = imul %202.z, %211
            div 32     %227 = iadd %226, %225
            div 32     %228 = iadd %223, %227
            div 32     %229 = ishl %202.x, %104 (0x14)
            div 32     %230 = iadd %229, %224
            div 32     %231 = iadd %205, %228
            div 32     %232 = ult32 %230, %229
            div 32     %233 = b2i32 %232
            div 32     %234 = iadd %233, %231
            div 32     %235 = ige32 %98.z, %12 (0x2)
                              // succs: b14 b15
            if %235 {
                div block b14:        // preds: b13
                con 32     %236 = load_const (0x00000168 = 360)
                div 32     %237 = iadd %96, %236 (0x168)
                div 32x2   %238 = @load_ssbo (%12 (0x2), %237) (access=readonly|reorderable, align_mul=64, align_offset=40, offset_shift=0)
                div 32     %239 = umul_high %238.x, %218
                div 32     %240 = imul %238.x, %218
                div 32     %241 = imul %238.y, %218
                div 32     %242 = imul %238.x, %222
                div 32     %243 = iadd %242, %241
                div 32     %244 = iadd %239, %243
                div 32     %245 = iadd %230, %240
                div 32     %246 = iadd %234, %244
                div 32     %247 = ult32 %245, %230
                div 32     %248 = b2i32 %247
                div 32     %249 = iadd %248, %246
                div 64     %250 = pack_64_2x32_split %245, %249
                                  // succs: b16
            } else {
                div block b15:        // preds: b13
                div 64     %251 = pack_64_2x32_split %230, %234
                                  // succs: b16
            }
            div block b16:        // preds: b14 b15
            div 64     %252 = phi b14: %250, b15: %251
            div 32     %253 = ige32 %98.z, %18 (0x3)
                              // succs: b17 b18
            if %253 {
                div block b17:        // preds: b16
                div 32     %254 = umul_high %207, %218
                div 32     %255 = imul %207, %218
                div 32     %256 = imul %211, %218
                div 32     %257 = imul %207, %222
                div 32     %258 = iadd %257, %256
                div 32     %259 = iadd %254, %258
                div 32     %260 = ishl %259, %199 (0xc)
                div 32     %261 = ushr %255, %104 (0x14)
                div 32     %262 = ior %261, %260
                div 32     %263 = iadd %255, %20 (0x1)
                div 32     %264 = ult32 %263, %255
                div 32     %265 = b2i32 %264
                div 32     %266 = iadd %265, %259
                div 32     %267 = ineg %266
                div 32     %268 = ine32 %263, %1 (0x0)
                div 32     %269 = b2i32 %268
                div 32     %270 = ineg %269
                div 32     %271 = iadd %267, %270
                div 32     %272 = ishl %271, %199 (0xc)
                div 32     %273 = ineg %263
                div 32     %274 = ushr %273, %104 (0x14)
                div 32     %275 = ior %274, %272
                con 32     %276 = load_const (0xffffffff = -1 = 4294967295)
                div 32     %277 = ishr %271, %104 (0x14)
                div 32     %278 = ineg %277
                div 32     %279 = iadd %278, %276 (0xffffffff)
                div 32     %280 = ine32 %275, %1 (0x0)
                div 32     %281 = b2i32 %280
                div 32     %282 = ineg %281
                div 32     %283 = iadd %279, %282
                div 32     %284 = ineg %275
                div 32     %285 = iadd %276 (0xffffffff), %284
                div 32     %286 = ult32 %285, %276 (0xffffffff)
                div 32     %287 = b2i32 %286
                div 32     %288 = iadd %283, %287
                div 32     %289 = ige32 %259, %1 (0x0)
                div 32     %290 = ishr %259, %104 (0x14)
                div 32     %291 = b32csel %289, %290, %288
                div 32     %292 = b32csel %289, %262, %285
                con 32     %293 = load_const (0x000001a0 = 416)
                div 32     %294 = iadd %96, %293 (0x1a0)
                div 32x2   %295 = @load_ssbo (%12 (0x2), %294) (access=readonly|reorderable, align_mul=64, align_offset=32, offset_shift=0)
                div 32     %296 = umul_high %295.x, %292
                div 32     %297 = imul %295.x, %292
                div 32     %298 = imul %295.y, %292
                div 32     %299 = imul %295.x, %291
                div 32     %300 = iadd %299, %298
                div 32     %301 = iadd %296, %300
                div 32     %302 = unpack_64_2x32_split_x %252
                div 32     %303 = unpack_64_2x32_split_y %252
                div 32     %304 = iadd %302, %297
                div 32     %305 = iadd %303, %301
                div 32     %306 = ult32 %304, %302
                div 32     %307 = b2i32 %306
                div 32     %308 = iadd %307, %305
                div 64     %309 = pack_64_2x32_split %304, %308
                                  // succs: b19
            } else {
                div block b18:  // preds: b16, succs: b19
            }
            div block b19:        // preds: b17 b18
            div 64     %310 = phi b17: %309, b18: %252
            div 32     %311 = umul_high %57, %183
            div 32     %312 = imul %57, %183
            div 32     %313 = imul %56, %183
            div 32     %314 = imul %57, %182
            div 32     %315 = iadd %314, %313
            div 32     %316 = iadd %311, %315
            div 32     %317 = iadd %57, %57
            div 32     %318 = imul %56, %317
            div 32     %319 = umul_high %57, %57
            div 32     %320 = iadd %319, %318
            div 32     %321 = imul %57, %57
            div 32     %322 = umul_high %321, %198
            div 32     %323 = imul %321, %198
            div 32     %324 = imul %320, %198
            div 32     %325 = imul %321, %197
            div 32     %326 = iadd %325, %324
            div 32     %327 = iadd %322, %326
            con 32     %328 = load_const (0x00000138 = 312)
            div 32     %329 = iadd %96, %328 (0x138)
            div 32x2   %330 = @load_ssbo (%12 (0x2), %329) (access=readonly|reorderable, align_mul=64, align_offset=56, offset_shift=0)
            div 32     %331 = umul_high %330.x, %312
            div 32     %332 = imul %330.x, %312
            div 32     %333 = imul %330.y, %312
            div 32     %334 = imul %330.x, %316
            div 32     %335 = iadd %334, %333
            div 32     %336 = iadd %331, %335
            div 32     %337 = unpack_64_2x32_split_x %310
            div 32     %338 = unpack_64_2x32_split_y %310
            div 32     %339 = iadd %337, %332
            div 32     %340 = iadd %338, %336
            div 32     %341 = ult32 %339, %337
            div 32     %342 = b2i32 %341
            div 32     %343 = iadd %342, %340
                              // succs: b20 b21
            if %235 {
                div block b20:        // preds: b19
                con 32     %344 = load_const (0x00000170 = 368)
                div 32     %345 = iadd %96, %344 (0x170)
                div 32x2   %346 = @load_ssbo (%12 (0x2), %345) (access=readonly|reorderable, align_mul=64, align_offset=48, offset_shift=0)
                div 32     %347 = umul_high %346.x, %323
                div 32     %348 = imul %346.x, %323
                div 32     %349 = imul %346.y, %323
                div 32     %350 = imul %346.x, %327
                div 32     %351 = iadd %350, %349
                div 32     %352 = iadd %347, %351
                div 32     %353 = iadd %339, %348
                div 32     %354 = iadd %343, %352
                div 32     %355 = ult32 %353, %339
                div 32     %356 = b2i32 %355
                div 32     %357 = iadd %356, %354
                div 64     %358 = pack_64_2x32_split %353, %357
                                  // succs: b22
            } else {
                div block b21:        // preds: b19
                div 64     %359 = pack_64_2x32_split %339, %343
                                  // succs: b22
            }
            div block b22:        // preds: b20 b21
            div 64     %360 = phi b20: %358, b21: %359
                              // succs: b23 b24
            if %253 {
                div block b23:        // preds: b22
                div 32     %361 = umul_high %312, %323
                div 32     %362 = imul %312, %323
                div 32     %363 = imul %316, %323
                div 32     %364 = imul %312, %327
                div 32     %365 = iadd %364, %363
                div 32     %366 = iadd %361, %365
                div 32     %367 = ishl %366, %199 (0xc)
                div 32     %368 = ushr %362, %104 (0x14)
                div 32     %369 = ior %368, %367
                div 32     %370 = iadd %362, %20 (0x1)
                div 32     %371 = ult32 %370, %362
                div 32     %372 = b2i32 %371
                div 32     %373 = iadd %372, %366
                div 32     %374 = ineg %373
                div 32     %375 = ine32 %370, %1 (0x0)
                div 32     %376 = b2i32 %375
                div 32     %377 = ineg %376
                div 32     %378 = iadd %374, %377
                div 32     %379 = ishl %378, %199 (0xc)
                div 32     %380 = ineg %370
                div 32     %381 = ushr %380, %104 (0x14)
                div 32     %382 = ior %381, %379
                con 32     %383 = load_const (0xffffffff = -1 = 4294967295)
                div 32     %384 = ishr %378, %104 (0x14)
                div 32     %385 = ineg %384
                div 32     %386 = iadd %385, %383 (0xffffffff)
                div 32     %387 = ine32 %382, %1 (0x0)
                div 32     %388 = b2i32 %387
                div 32     %389 = ineg %388
                div 32     %390 = iadd %386, %389
                div 32     %391 = ineg %382
                div 32     %392 = iadd %383 (0xffffffff), %391
                div 32     %393 = ult32 %392, %383 (0xffffffff)
                div 32     %394 = b2i32 %393
                div 32     %395 = iadd %390, %394
                div 32     %396 = ige32 %366, %1 (0x0)
                div 32     %397 = ishr %366, %104 (0x14)
                div 32     %398 = b32csel %396, %397, %395
                div 32     %399 = b32csel %396, %369, %392
                con 32     %400 = load_const (0x000001a8 = 424)
                div 32     %401 = iadd %96, %400 (0x1a8)
                div 32x2   %402 = @load_ssbo (%12 (0x2), %401) (access=readonly|reorderable, align_mul=64, align_offset=40, offset_shift=0)
                div 32     %403 = umul_high %402.x, %399
                div 32     %404 = imul %402.x, %399
                div 32     %405 = imul %402.y, %399
                div 32     %406 = imul %402.x, %398
                div 32     %407 = iadd %406, %405
                div 32     %408 = iadd %403, %407
                div 32     %409 = unpack_64_2x32_split_x %360
                div 32     %410 = unpack_64_2x32_split_y %360
                div 32     %411 = iadd %409, %404
                div 32     %412 = iadd %410, %408
                div 32     %413 = ult32 %411, %409
                div 32     %414 = b2i32 %413
                div 32     %415 = iadd %414, %412
                div 64     %416 = pack_64_2x32_split %411, %415
                                  // succs: b25
            } else {
                div block b24:  // preds: b22, succs: b25
            }
            div block b25:        // preds: b23 b24
            div 64     %417 = phi b23: %416, b24: %360
            div 32     %418 = umul_high %71, %183
            div 32     %419 = imul %71, %183
            div 32     %420 = imul %70, %183
            div 32     %421 = imul %71, %182
            div 32     %422 = iadd %421, %420
            div 32     %423 = iadd %418, %422
            div 32     %424 = iadd %71, %71
            div 32     %425 = imul %70, %424
            div 32     %426 = umul_high %71, %71
            div 32     %427 = iadd %426, %425
            div 32     %428 = imul %71, %71
            div 32     %429 = umul_high %428, %198
            div 32     %430 = imul %428, %198
            div 32     %431 = imul %427, %198
            div 32     %432 = imul %428, %197
            div 32     %433 = iadd %432, %431
            div 32     %434 = iadd %429, %433
            con 32     %435 = load_const (0x00000140 = 320)
            div 32     %436 = iadd %96, %435 (0x140)
            div 32x2   %437 = @load_ssbo (%12 (0x2), %436) (access=readonly|reorderable, align_mul=64, align_offset=0, offset_shift=0)
            div 32     %438 = umul_high %437.x, %419
            div 32     %439 = imul %437.x, %419
            div 32     %440 = imul %437.y, %419
            div 32     %441 = imul %437.x, %423
            div 32     %442 = iadd %441, %440
            div 32     %443 = iadd %438, %442
            div 32     %444 = unpack_64_2x32_split_x %417
            div 32     %445 = unpack_64_2x32_split_y %417
            div 32     %446 = iadd %444, %439
            div 32     %447 = iadd %445, %443
            div 32     %448 = ult32 %446, %444
            div 32     %449 = b2i32 %448
            div 32     %450 = iadd %449, %447
                              // succs: b26 b27
            if %235 {
                div block b26:        // preds: b25
                con 32     %451 = load_const (0x00000178 = 376)
                div 32     %452 = iadd %96, %451 (0x178)
                div 32x2   %453 = @load_ssbo (%12 (0x2), %452) (access=readonly|reorderable, align_mul=64, align_offset=56, offset_shift=0)
                div 32     %454 = umul_high %453.x, %430
                div 32     %455 = imul %453.x, %430
                div 32     %456 = imul %453.y, %430
                div 32     %457 = imul %453.x, %434
                div 32     %458 = iadd %457, %456
                div 32     %459 = iadd %454, %458
                div 32     %460 = iadd %446, %455
                div 32     %461 = iadd %450, %459
                div 32     %462 = ult32 %460, %446
                div 32     %463 = b2i32 %462
                div 32     %464 = iadd %463, %461
                div 64     %465 = pack_64_2x32_split %460, %464
                                  // succs: b28
            } else {
                div block b27:        // preds: b25
                div 64     %466 = pack_64_2x32_split %446, %450
                                  // succs: b28
            }
            div block b28:        // preds: b26 b27
            div 64     %467 = phi b26: %465, b27: %466
                              // succs: b29 b30
            if %253 {
                div block b29:        // preds: b28
                div 32     %468 = umul_high %419, %430
                div 32     %469 = imul %419, %430
                div 32     %470 = imul %423, %430
                div 32     %471 = imul %419, %434
                div 32     %472 = iadd %471, %470
                div 32     %473 = iadd %468, %472
                div 32     %474 = ishl %473, %199 (0xc)
                div 32     %475 = ushr %469, %104 (0x14)
                div 32     %476 = ior %475, %474
                div 32     %477 = iadd %469, %20 (0x1)
                div 32     %478 = ult32 %477, %469
                div 32     %479 = b2i32 %478
                div 32     %480 = iadd %479, %473
                div 32     %481 = ineg %480
                div 32     %482 = ine32 %477, %1 (0x0)
                div 32     %483 = b2i32 %482
                div 32     %484 = ineg %483
                div 32     %485 = iadd %481, %484
                div 32     %486 = ishl %485, %199 (0xc)
                div 32     %487 = ineg %477
                div 32     %488 = ushr %487, %104 (0x14)
                div 32     %489 = ior %488, %486
                con 32     %490 = load_const (0xffffffff = -1 = 4294967295)
                div 32     %491 = ishr %485, %104 (0x14)
                div 32     %492 = ineg %491
                div 32     %493 = iadd %492, %490 (0xffffffff)
                div 32     %494 = ine32 %489, %1 (0x0)
                div 32     %495 = b2i32 %494
                div 32     %496 = ineg %495
                div 32     %497 = iadd %493, %496
                div 32     %498 = ineg %489
                div 32     %499 = iadd %490 (0xffffffff), %498
                div 32     %500 = ult32 %499, %490 (0xffffffff)
                div 32     %501 = b2i32 %500
                div 32     %502 = iadd %497, %501
                div 32     %503 = ige32 %473, %1 (0x0)
                div 32     %504 = ishr %473, %104 (0x14)
                div 32     %505 = b32csel %503, %504, %502
                div 32     %506 = b32csel %503, %476, %499
                con 32     %507 = load_const (0x000001b0 = 432)
                div 32     %508 = iadd %96, %507 (0x1b0)
                div 32x2   %509 = @load_ssbo (%12 (0x2), %508) (access=readonly|reorderable, align_mul=64, align_offset=48, offset_shift=0)
                div 32     %510 = umul_high %509.x, %506
                div 32     %511 = imul %509.x, %506
                div 32     %512 = imul %509.y, %506
                div 32     %513 = imul %509.x, %505
                div 32     %514 = iadd %513, %512
                div 32     %515 = iadd %510, %514
                div 32     %516 = unpack_64_2x32_split_x %467
                div 32     %517 = unpack_64_2x32_split_y %467
                div 32     %518 = iadd %516, %511
                div 32     %519 = iadd %517, %515
                div 32     %520 = ult32 %518, %516
                div 32     %521 = b2i32 %520
                div 32     %522 = iadd %521, %519
                div 64     %523 = pack_64_2x32_split %518, %522
                                  // succs: b31
            } else {
                div block b30:  // preds: b28, succs: b31
            }
            div block b31:        // preds: b29 b30
            div 64     %524 = phi b29: %523, b30: %467
            div 32     %525 = umul_high %43, %57
            div 32     %526 = imul %43, %57
            div 32     %527 = imul %42, %57
            div 32     %528 = imul %43, %56
            div 32     %529 = iadd %528, %527
            div 32     %530 = iadd %525, %529
            div 32     %531 = umul_high %526, %198
            div 32     %532 = imul %526, %198
            div 32     %533 = imul %530, %198
            div 32     %534 = imul %526, %197
            div 32     %535 = iadd %534, %533
            div 32     %536 = iadd %531, %535
            con 32     %537 = iadd %198, %198
            div 32     %538 = imul %526, %537
            div 32     %539 = imul %536, %538
            div 32     %540 = umul_high %532, %532
            div 32     %541 = iadd %540, %539
            div 32     %542 = ishl %541, %199 (0xc)
            div 32     %543 = imul %532, %532
            div 32     %544 = ushr %543, %104 (0x14)
            div 32     %545 = ior %544, %542
            div 32     %546 = iadd %543, %20 (0x1)
            div 32     %547 = ult32 %546, %543
            div 32     %548 = b2i32 %547
            div 32     %549 = iadd %548, %541
            div 32     %550 = ineg %549
            div 32     %551 = ine32 %546, %1 (0x0)
            div 32     %552 = b2i32 %551
            div 32     %553 = ineg %552
            div 32     %554 = iadd %550, %553
            div 32     %555 = ishl %554, %199 (0xc)
            div 32     %556 = ineg %546
            div 32     %557 = ushr %556, %104 (0x14)
            div 32     %558 = ior %557, %555
            con 32     %559 = load_const (0xffffffff = -1 = 4294967295)
            div 32     %560 = ishr %554, %104 (0x14)
            div 32     %561 = ineg %560
            div 32     %562 = iadd %561, %559 (0xffffffff)
            div 32     %563 = ine32 %558, %1 (0x0)
            div 32     %564 = b2i32 %563
            div 32     %565 = ineg %564
            div 32     %566 = iadd %562, %565
            div 32     %567 = ineg %558
            div 32     %568 = iadd %559 (0xffffffff), %567
            div 32     %569 = ult32 %568, %559 (0xffffffff)
            div 32     %570 = b2i32 %569
            div 32     %571 = iadd %566, %570
            div 32     %572 = ige32 %541, %1 (0x0)
            div 32     %573 = ishr %541, %104 (0x14)
            div 32     %574 = b32csel %572, %573, %571
            div 32     %575 = b32csel %572, %545, %568
            con 32     %576 = load_const (0x00000148 = 328)
            div 32     %577 = iadd %96, %576 (0x148)
            div 32x2   %578 = @load_ssbo (%12 (0x2), %577) (access=readonly|reorderable, align_mul=64, align_offset=8, offset_shift=0)
            div 32     %579 = umul_high %578.x, %532
            div 32     %580 = imul %578.x, %532
            div 32     %581 = imul %578.y, %532
            div 32     %582 = imul %578.x, %536
            div 32     %583 = iadd %582, %581
            div 32     %584 = iadd %579, %583
            div 32     %585 = unpack_64_2x32_split_x %524
            div 32     %586 = unpack_64_2x32_split_y %524
            div 32     %587 = iadd %585, %580
            div 32     %588 = iadd %586, %584
            div 32     %589 = ult32 %587, %585
            div 32     %590 = b2i32 %589
            div 32     %591 = iadd %590, %588
                              // succs: b32 b33
            if %235 {
                div block b32:        // preds: b31
                con 32     %592 = load_const (0x00000180 = 384)
                div 32     %593 = iadd %96, %592 (0x180)
                div 32x2   %594 = @load_ssbo (%12 (0x2), %593) (access=readonly|reorderable, align_mul=64, align_offset=0, offset_shift=0)
                div 32     %595 = umul_high %594.x, %575
                div 32     %596 = imul %594.x, %575
                div 32     %597 = imul %594.y, %575
                div 32     %598 = imul %594.x, %574
                div 32     %599 = iadd %598, %597
                div 32     %600 = iadd %595, %599
                div 32     %601 = iadd %587, %596
                div 32     %602 = iadd %591, %600
                div 32     %603 = ult32 %601, %587
                div 32     %604 = b2i32 %603
                div 32     %605 = iadd %604, %602
                div 64     %606 = pack_64_2x32_split %601, %605
                                  // succs: b34
            } else {
                div block b33:        // preds: b31
                div 64     %607 = pack_64_2x32_split %587, %591
                                  // succs: b34
            }
            div block b34:        // preds: b32 b33
            div 64     %608 = phi b32: %606, b33: %607
                              // succs: b35 b36
            if %253 {
                div block b35:        // preds: b34
                div 32     %609 = umul_high %532, %575
                div 32     %610 = imul %532, %575
                div 32     %611 = imul %536, %575
                div 32     %612 = imul %532, %574
                div 32     %613 = iadd %612, %611
                div 32     %614 = iadd %609, %613
                div 32     %615 = ishl %614, %199 (0xc)
                div 32     %616 = ushr %610, %104 (0x14)
                div 32     %617 = ior %616, %615
                div 32     %618 = iadd %610, %20 (0x1)
                div 32     %619 = ult32 %618, %610
                div 32     %620 = b2i32 %619
                div 32     %621 = iadd %620, %614
                div 32     %622 = ineg %621
                div 32     %623 = ine32 %618, %1 (0x0)
                div 32     %624 = b2i32 %623
                div 32     %625 = ineg %624
                div 32     %626 = iadd %622, %625
                div 32     %627 = ishl %626, %199 (0xc)
                div 32     %628 = ineg %618
                div 32     %629 = ushr %628, %104 (0x14)
                div 32     %630 = ior %629, %627
                div 32     %631 = ishr %626, %104 (0x14)
                div 32     %632 = ineg %631
                div 32     %633 = iadd %632, %559 (0xffffffff)
                div 32     %634 = ine32 %630, %1 (0x0)
                div 32     %635 = b2i32 %634
                div 32     %636 = ineg %635
                div 32     %637 = iadd %633, %636
                div 32     %638 = ineg %630
                div 32     %639 = iadd %559 (0xffffffff), %638
                div 32     %640 = ult32 %639, %559 (0xffffffff)
                div 32     %641 = b2i32 %640
                div 32     %642 = iadd %637, %641
                div 32     %643 = ige32 %614, %1 (0x0)
                div 32     %644 = ishr %614, %104 (0x14)
                div 32     %645 = b32csel %643, %644, %642
                div 32     %646 = b32csel %643, %617, %639
                con 32     %647 = load_const (0x000001b8 = 440)
                div 32     %648 = iadd %96, %647 (0x1b8)
                div 32x2   %649 = @load_ssbo (%12 (0x2), %648) (access=readonly|reorderable, align_mul=64, align_offset=56, offset_shift=0)
                div 32     %650 = umul_high %649.x, %646
                div 32     %651 = imul %649.x, %646
                div 32     %652 = imul %649.y, %646
                div 32     %653 = imul %649.x, %645
                div 32     %654 = iadd %653, %652
                div 32     %655 = iadd %650, %654
                div 32     %656 = unpack_64_2x32_split_x %608
                div 32     %657 = unpack_64_2x32_split_y %608
                div 32     %658 = iadd %656, %651
                div 32     %659 = iadd %657, %655
                div 32     %660 = ult32 %658, %656
                div 32     %661 = b2i32 %660
                div 32     %662 = iadd %661, %659
                div 64     %663 = pack_64_2x32_split %658, %662
                                  // succs: b37
            } else {
                div block b36:  // preds: b34, succs: b37
            }
            div block b37:        // preds: b35 b36
            div 64     %664 = phi b35: %663, b36: %608
            div 32     %665 = umul_high %43, %71
            div 32     %666 = imul %43, %71
            div 32     %667 = imul %42, %71
            div 32     %668 = imul %43, %70
            div 32     %669 = iadd %668, %667
            div 32     %670 = iadd %665, %669
            div 32     %671 = umul_high %666, %198
            div 32     %672 = imul %666, %198
            div 32     %673 = imul %670, %198
            div 32     %674 = imul %666, %197
            div 32     %675 = iadd %674, %673
            div 32     %676 = iadd %671, %675
            div 32     %677 = imul %666, %537
            div 32     %678 = imul %676, %677
            div 32     %679 = umul_high %672, %672
            div 32     %680 = iadd %679, %678
            div 32     %681 = ishl %680, %199 (0xc)
            div 32     %682 = imul %672, %672
            div 32     %683 = ushr %682, %104 (0x14)
            div 32     %684 = ior %683, %681
            div 32     %685 = iadd %682, %20 (0x1)
            div 32     %686 = ult32 %685, %682
            div 32     %687 = b2i32 %686
            div 32     %688 = iadd %687, %680
            div 32     %689 = ineg %688
            div 32     %690 = ine32 %685, %1 (0x0)
            div 32     %691 = b2i32 %690
            div 32     %692 = ineg %691
            div 32     %693 = iadd %689, %692
            div 32     %694 = ishl %693, %199 (0xc)
            div 32     %695 = ineg %685
            div 32     %696 = ushr %695, %104 (0x14)
            div 32     %697 = ior %696, %694
            div 32     %698 = ishr %693, %104 (0x14)
            div 32     %699 = ineg %698
            div 32     %700 = iadd %699, %559 (0xffffffff)
            div 32     %701 = ine32 %697, %1 (0x0)
            div 32     %702 = b2i32 %701
            div 32     %703 = ineg %702
            div 32     %704 = iadd %700, %703
            div 32     %705 = ineg %697
            div 32     %706 = iadd %559 (0xffffffff), %705
            div 32     %707 = ult32 %706, %559 (0xffffffff)
            div 32     %708 = b2i32 %707
            div 32     %709 = iadd %704, %708
            div 32     %710 = ige32 %680, %1 (0x0)
            div 32     %711 = ishr %680, %104 (0x14)
            div 32     %712 = b32csel %710, %711, %709
            div 32     %713 = b32csel %710, %684, %706
            con 32     %714 = load_const (0x00000150 = 336)
            div 32     %715 = iadd %96, %714 (0x150)
            div 32x2   %716 = @load_ssbo (%12 (0x2), %715) (access=readonly|reorderable, align_mul=64, align_offset=16, offset_shift=0)
            div 32     %717 = umul_high %716.x, %672
            div 32     %718 = imul %716.x, %672
            div 32     %719 = imul %716.y, %672
            div 32     %720 = imul %716.x, %676
            div 32     %721 = iadd %720, %719
            div 32     %722 = iadd %717, %721
            div 32     %723 = unpack_64_2x32_split_x %664
            div 32     %724 = unpack_64_2x32_split_y %664
            div 32     %725 = iadd %723, %718
            div 32     %726 = iadd %724, %722
            div 32     %727 = ult32 %725, %723
            div 32     %728 = b2i32 %727
            div 32     %729 = iadd %728, %726
                              // succs: b38 b39
            if %235 {
                div block b38:        // preds: b37
                con 32     %730 = load_const (0x00000188 = 392)
                div 32     %731 = iadd %96, %730 (0x188)
                div 32x2   %732 = @load_ssbo (%12 (0x2), %731) (access=readonly|reorderable, align_mul=64, align_offset=8, offset_shift=0)
                div 32     %733 = umul_high %732.x, %713
                div 32     %734 = imul %732.x, %713
                div 32     %735 = imul %732.y, %713
                div 32     %736 = imul %732.x, %712
                div 32     %737 = iadd %736, %735
                div 32     %738 = iadd %733, %737
                div 32     %739 = iadd %725, %734
                div 32     %740 = iadd %729, %738
                div 32     %741 = ult32 %739, %725
                div 32     %742 = b2i32 %741
                div 32     %743 = iadd %742, %740
                div 64     %744 = pack_64_2x32_split %739, %743
                                  // succs: b40
            } else {
                div block b39:        // preds: b37
                div 64     %745 = pack_64_2x32_split %725, %729
                                  // succs: b40
            }
            div block b40:        // preds: b38 b39
            div 64     %746 = phi b38: %744, b39: %745
                              // succs: b41 b42
            if %253 {
                div block b41:        // preds: b40
                div 32     %747 = umul_high %672, %713
                div 32     %748 = imul %672, %713
                div 32     %749 = imul %676, %713
                div 32     %750 = imul %672, %712
                div 32     %751 = iadd %750, %749
                div 32     %752 = iadd %747, %751
                div 32     %753 = ishl %752, %199 (0xc)
                div 32     %754 = ushr %748, %104 (0x14)
                div 32     %755 = ior %754, %753
                div 32     %756 = iadd %748, %20 (0x1)
                div 32     %757 = ult32 %756, %748
                div 32     %758 = b2i32 %757
                div 32     %759 = iadd %758, %752
                div 32     %760 = ineg %759
                div 32     %761 = ine32 %756, %1 (0x0)
                div 32     %762 = b2i32 %761
                div 32     %763 = ineg %762
                div 32     %764 = iadd %760, %763
                div 32     %765 = ishl %764, %199 (0xc)
                div 32     %766 = ineg %756
                div 32     %767 = ushr %766, %104 (0x14)
                div 32     %768 = ior %767, %765
                div 32     %769 = ishr %764, %104 (0x14)
                div 32     %770 = ineg %769
                div 32     %771 = iadd %770, %559 (0xffffffff)
                div 32     %772 = ine32 %768, %1 (0x0)
                div 32     %773 = b2i32 %772
                div 32     %774 = ineg %773
                div 32     %775 = iadd %771, %774
                div 32     %776 = ineg %768
                div 32     %777 = iadd %559 (0xffffffff), %776
                div 32     %778 = ult32 %777, %559 (0xffffffff)
                div 32     %779 = b2i32 %778
                div 32     %780 = iadd %775, %779
                div 32     %781 = ige32 %752, %1 (0x0)
                div 32     %782 = ishr %752, %104 (0x14)
                div 32     %783 = b32csel %781, %782, %780
                div 32     %784 = b32csel %781, %755, %777
                con 32     %785 = load_const (0x000001c0 = 448)
                div 32     %786 = iadd %96, %785 (0x1c0)
                div 32x2   %787 = @load_ssbo (%12 (0x2), %786) (access=readonly|reorderable, align_mul=64, align_offset=0, offset_shift=0)
                div 32     %788 = umul_high %787.x, %784
                div 32     %789 = imul %787.x, %784
                div 32     %790 = imul %787.y, %784
                div 32     %791 = imul %787.x, %783
                div 32     %792 = iadd %791, %790
                div 32     %793 = iadd %788, %792
                div 32     %794 = unpack_64_2x32_split_x %746
                div 32     %795 = unpack_64_2x32_split_y %746
                div 32     %796 = iadd %794, %789
                div 32     %797 = iadd %795, %793
                div 32     %798 = ult32 %796, %794
                div 32     %799 = b2i32 %798
                div 32     %800 = iadd %799, %797
                div 64     %801 = pack_64_2x32_split %796, %800
                                  // succs: b43
            } else {
                div block b42:  // preds: b40, succs: b43
            }
            div block b43:        // preds: b41 b42
            div 64     %802 = phi b41: %801, b42: %746
            div 32     %803 = umul_high %57, %71
            div 32     %804 = imul %57, %71
            div 32     %805 = imul %56, %71
            div 32     %806 = imul %57, %70
            div 32     %807 = iadd %806, %805
            div 32     %808 = iadd %803, %807
            div 32     %809 = umul_high %804, %198
            div 32     %810 = imul %804, %198
            div 32     %811 = imul %808, %198
            div 32     %812 = imul %804, %197
            div 32     %813 = iadd %812, %811
            div 32     %814 = iadd %809, %813
            div 32     %815 = imul %804, %537
            div 32     %816 = imul %814, %815
            div 32     %817 = umul_high %810, %810
            div 32     %818 = iadd %817, %816
            div 32     %819 = ishl %818, %199 (0xc)
            div 32     %820 = imul %810, %810
            div 32     %821 = ushr %820, %104 (0x14)
            div 32     %822 = ior %821, %819
            div 32     %823 = iadd %820, %20 (0x1)
            div 32     %824 = ult32 %823, %820
            div 32     %825 = b2i32 %824
            div 32     %826 = iadd %825, %818
            div 32     %827 = ineg %826
            div 32     %828 = ine32 %823, %1 (0x0)
            div 32     %829 = b2i32 %828
            div 32     %830 = ineg %829
            div 32     %831 = iadd %827, %830
            div 32     %832 = ishl %831, %199 (0xc)
            div 32     %833 = ineg %823
            div 32     %834 = ushr %833, %104 (0x14)
            div 32     %835 = ior %834, %832
            div 32     %836 = ishr %831, %104 (0x14)
            div 32     %837 = ineg %836
            div 32     %838 = iadd %837, %559 (0xffffffff)
            div 32     %839 = ine32 %835, %1 (0x0)
            div 32     %840 = b2i32 %839
            div 32     %841 = ineg %840
            div 32     %842 = iadd %838, %841
            div 32     %843 = ineg %835
            div 32     %844 = iadd %559 (0xffffffff), %843
            div 32     %845 = ult32 %844, %559 (0xffffffff)
            div 32     %846 = b2i32 %845
            div 32     %847 = iadd %842, %846
            div 32     %848 = ige32 %818, %1 (0x0)
            div 32     %849 = ishr %818, %104 (0x14)
            div 32     %850 = b32csel %848, %849, %847
            div 32     %851 = b32csel %848, %822, %844
            con 32     %852 = load_const (0x00000158 = 344)
            div 32     %853 = iadd %96, %852 (0x158)
            div 32x2   %854 = @load_ssbo (%12 (0x2), %853) (access=readonly|reorderable, align_mul=64, align_offset=24, offset_shift=0)
            div 32     %855 = umul_high %854.x, %810
            div 32     %856 = imul %854.x, %810
            div 32     %857 = imul %854.y, %810
            div 32     %858 = imul %854.x, %814
            div 32     %859 = iadd %858, %857
            div 32     %860 = iadd %855, %859
            div 32     %861 = unpack_64_2x32_split_x %802
            div 32     %862 = unpack_64_2x32_split_y %802
            div 32     %863 = iadd %861, %856
            div 32     %864 = iadd %862, %860
            div 32     %865 = ult32 %863, %861
            div 32     %866 = b2i32 %865
            div 32     %867 = iadd %866, %864
                              // succs: b44 b45
            if %235 {
                div block b44:        // preds: b43
                con 32     %868 = load_const (0x00000190 = 400)
                div 32     %869 = iadd %96, %868 (0x190)
                div 32x2   %870 = @load_ssbo (%12 (0x2), %869) (access=readonly|reorderable, align_mul=64, align_offset=16, offset_shift=0)
                div 32     %871 = umul_high %870.x, %851
                div 32     %872 = imul %870.x, %851
                div 32     %873 = imul %870.y, %851
                div 32     %874 = imul %870.x, %850
                div 32     %875 = iadd %874, %873
                div 32     %876 = iadd %871, %875
                div 32     %877 = iadd %863, %872
                div 32     %878 = iadd %867, %876
                div 32     %879 = ult32 %877, %863
                div 32     %880 = b2i32 %879
                div 32     %881 = iadd %880, %878
                div 64     %882 = pack_64_2x32_split %877, %881
                                  // succs: b46
            } else {
                div block b45:        // preds: b43
                div 64     %883 = pack_64_2x32_split %863, %867
                                  // succs: b46
            }
            div block b46:        // preds: b44 b45
            div 64     %884 = phi b44: %882, b45: %883
                              // succs: b47 b48
            if %253 {
                div block b47:        // preds: b46
                div 32     %885 = umul_high %810, %851
                div 32     %886 = imul %810, %851
                div 32     %887 = imul %814, %851
                div 32     %888 = imul %810, %850
                div 32     %889 = iadd %888, %887
                div 32     %890 = iadd %885, %889
                div 32     %891 = ishl %890, %199 (0xc)
                div 32     %892 = ushr %886, %104 (0x14)
                div 32     %893 = ior %892, %891
                div 32     %894 = iadd %886, %20 (0x1)
                div 32     %895 = ult32 %894, %886
                div 32     %896 = b2i32 %895
                div 32     %897 = iadd %896, %890
                div 32     %898 = ineg %897
                div 32     %899 = ine32 %894, %1 (0x0)
                div 32     %900 = b2i32 %899
                div 32     %901 = ineg %900
                div 32     %902 = iadd %898, %901
                div 32     %903 = ishl %902, %199 (0xc)
                div 32     %904 = ineg %894
                div 32     %905 = ushr %904, %104 (0x14)
                div 32     %906 = ior %905, %903
                div 32     %907 = ishr %902, %104 (0x14)
                div 32     %908 = ineg %907
                div 32     %909 = iadd %908, %559 (0xffffffff)
                div 32     %910 = ine32 %906, %1 (0x0)
                div 32     %911 = b2i32 %910
                div 32     %912 = ineg %911
                div 32     %913 = iadd %909, %912
                div 32     %914 = ineg %906
                div 32     %915 = iadd %559 (0xffffffff), %914
                div 32     %916 = ult32 %915, %559 (0xffffffff)
                div 32     %917 = b2i32 %916
                div 32     %918 = iadd %913, %917
                div 32     %919 = ige32 %890, %1 (0x0)
                div 32     %920 = ishr %890, %104 (0x14)
                div 32     %921 = b32csel %919, %920, %918
                div 32     %922 = b32csel %919, %893, %915
                con 32     %923 = load_const (0x000001c8 = 456)
                div 32     %924 = iadd %96, %923 (0x1c8)
                div 32x2   %925 = @load_ssbo (%12 (0x2), %924) (access=readonly|reorderable, align_mul=64, align_offset=8, offset_shift=0)
                div 32     %926 = umul_high %925.x, %922
                div 32     %927 = imul %925.x, %922
                div 32     %928 = imul %925.y, %922
                div 32     %929 = imul %925.x, %921
                div 32     %930 = iadd %929, %928
                div 32     %931 = iadd %926, %930
                div 32     %932 = unpack_64_2x32_split_x %884
                div 32     %933 = unpack_64_2x32_split_y %884
                div 32     %934 = iadd %932, %927
                div 32     %935 = iadd %933, %931
                div 32     %936 = ult32 %934, %932
                div 32     %937 = b2i32 %936
                div 32     %938 = iadd %937, %935
                div 64     %939 = pack_64_2x32_split %934, %938
                                  // succs: b49
            } else {
                div block b48:  // preds: b46, succs: b49
            }
            div block b49:        // preds: b47 b48
            div 64     %940 = phi b47: %939, b48: %884
            div 32     %941 = umul_high %198, %71
            div 32     %942 = imul %198, %71
            div 32     %943 = imul %197, %71
            div 32     %944 = imul %198, %70
            div 32     %945 = iadd %944, %943
            div 32     %946 = iadd %941, %945
            div 32     %947 = umul_high %942, %183
            div 32     %948 = imul %942, %183
            div 32     %949 = imul %946, %183
            div 32     %950 = imul %942, %182
            div 32     %951 = iadd %950, %949
            div 32     %952 = iadd %947, %951
            div 32     %953 = umul_high %526, %948
            div 32     %954 = imul %526, %948
            div 32     %955 = imul %530, %948
            div 32     %956 = imul %526, %952
            div 32     %957 = iadd %956, %955
            div 32     %958 = iadd %953, %957
            div 32     %959 = ishl %958, %199 (0xc)
            div 32     %960 = ushr %954, %104 (0x14)
            div 32     %961 = ior %960, %959
            div 32     %962 = iadd %954, %20 (0x1)
            div 32     %963 = ult32 %962, %954
            div 32     %964 = b2i32 %963
            div 32     %965 = iadd %964, %958
            div 32     %966 = ineg %965
            div 32     %967 = ine32 %962, %1 (0x0)
            div 32     %968 = b2i32 %967
            div 32     %969 = ineg %968
            div 32     %970 = iadd %966, %969
            div 32     %971 = ishl %970, %199 (0xc)
            div 32     %972 = ineg %962
            div 32     %973 = ushr %972, %104 (0x14)
            div 32     %974 = ior %973, %971
            div 32     %975 = ishr %970, %104 (0x14)
            div 32     %976 = ineg %975
            div 32     %977 = iadd %976, %559 (0xffffffff)
            div 32     %978 = ine32 %974, %1 (0x0)
            div 32     %979 = b2i32 %978
            div 32     %980 = ineg %979
            div 32     %981 = iadd %977, %980
            div 32     %982 = ineg %974
            div 32     %983 = iadd %559 (0xffffffff), %982
            div 32     %984 = ult32 %983, %559 (0xffffffff)
            div 32     %985 = b2i32 %984
            div 32     %986 = iadd %981, %985
            div 32     %987 = ige32 %958, %1 (0x0)
            div 32     %988 = ishr %958, %104 (0x14)
            div 32     %989 = b32csel %987, %988, %986
            div 32     %990 = b32csel %987, %961, %983
            div 32     %991 = iadd %990, %990
            div 32     %992 = imul %989, %991
            div 32     %993 = umul_high %990, %990
            div 32     %994 = iadd %993, %992
            div 32     %995 = ishl %994, %199 (0xc)
            div 32     %996 = imul %990, %990
            div 32     %997 = ushr %996, %104 (0x14)
            div 32     %998 = ior %997, %995
            div 32     %999 = iadd %996, %20 (0x1)
            div 32    %1000 = ult32 %999, %996
            div 32    %1001 = b2i32 %1000
            div 32    %1002 = iadd %1001, %994
            div 32    %1003 = ineg %1002
            div 32    %1004 = ine32 %999, %1 (0x0)
            div 32    %1005 = b2i32 %1004
            div 32    %1006 = ineg %1005
            div 32    %1007 = iadd %1003, %1006
            div 32    %1008 = ishl %1007, %199 (0xc)
            div 32    %1009 = ineg %999
            div 32    %1010 = ushr %1009, %104 (0x14)
            div 32    %1011 = ior %1010, %1008
            div 32    %1012 = ishr %1007, %104 (0x14)
            div 32    %1013 = ineg %1012
            div 32    %1014 = iadd %1013, %559 (0xffffffff)
            div 32    %1015 = ine32 %1011, %1 (0x0)
            div 32    %1016 = b2i32 %1015
            div 32    %1017 = ineg %1016
            div 32    %1018 = iadd %1014, %1017
            div 32    %1019 = ineg %1011
            div 32    %1020 = iadd %559 (0xffffffff), %1019
            div 32    %1021 = ult32 %1020, %559 (0xffffffff)
            div 32    %1022 = b2i32 %1021
            div 32    %1023 = iadd %1018, %1022
            div 32    %1024 = ige32 %994, %1 (0x0)
            div 32    %1025 = ishr %994, %104 (0x14)
            div 32    %1026 = b32csel %1024, %1025, %1023
            div 32    %1027 = b32csel %1024, %998, %1020
            con 32    %1028 = load_const (0x00000160 = 352)
            div 32    %1029 = iadd %96, %1028 (0x160)
            div 32x2  %1030 = @load_ssbo (%12 (0x2), %1029) (access=readonly|reorderable, align_mul=64, align_offset=32, offset_shift=0)
            div 32    %1031 = umul_high %1030.x, %990
            div 32    %1032 = imul %1030.x, %990
            div 32    %1033 = imul %1030.y, %990
            div 32    %1034 = imul %1030.x, %989
            div 32    %1035 = iadd %1034, %1033
            div 32    %1036 = iadd %1031, %1035
            div 32    %1037 = unpack_64_2x32_split_x %940
            div 32    %1038 = unpack_64_2x32_split_y %940
            div 32    %1039 = iadd %1037, %1032
            div 32    %1040 = iadd %1038, %1036
            div 32    %1041 = ult32 %1039, %1037
            div 32    %1042 = b2i32 %1041
            div 32    %1043 = iadd %1042, %1040
                              // succs: b50 b51
            if %235 {
                div block b50:        // preds: b49
                con 32    %1044 = load_const (0x00000198 = 408)
                div 32    %1045 = iadd %96, %1044 (0x198)
                div 32x2  %1046 = @load_ssbo (%12 (0x2), %1045) (access=readonly|reorderable, align_mul=64, align_offset=24, offset_shift=0)
                div 32    %1047 = umul_high %1046.x, %1027
                div 32    %1048 = imul %1046.x, %1027
                div 32    %1049 = imul %1046.y, %1027
                div 32    %1050 = imul %1046.x, %1026
                div 32    %1051 = iadd %1050, %1049
                div 32    %1052 = iadd %1047, %1051
                div 32    %1053 = iadd %1039, %1048
                div 32    %1054 = iadd %1043, %1052
                div 32    %1055 = ult32 %1053, %1039
                div 32    %1056 = b2i32 %1055
                div 32    %1057 = iadd %1056, %1054
                div 64    %1058 = pack_64_2x32_split %1053, %1057
                                  // succs: b52
            } else {
                div block b51:        // preds: b49
                div 64    %1059 = pack_64_2x32_split %1039, %1043
                                  // succs: b52
            }
            div block b52:        // preds: b50 b51
            div 64    %1060 = phi b50: %1058, b51: %1059
                              // succs: b53 b54
            if %253 {
                div block b53:        // preds: b52
                div 32    %1061 = umul_high %990, %1027
                div 32    %1062 = imul %990, %1027
                div 32    %1063 = imul %989, %1027
                div 32    %1064 = imul %990, %1026
                div 32    %1065 = iadd %1064, %1063
                div 32    %1066 = iadd %1061, %1065
                div 32    %1067 = ishl %1066, %199 (0xc)
                div 32    %1068 = ushr %1062, %104 (0x14)
                div 32    %1069 = ior %1068, %1067
                div 32    %1070 = iadd %1062, %20 (0x1)
                div 32    %1071 = ult32 %1070, %1062
                div 32    %1072 = b2i32 %1071
                div 32    %1073 = iadd %1072, %1066
                div 32    %1074 = ineg %1073
                div 32    %1075 = ine32 %1070, %1 (0x0)
                div 32    %1076 = b2i32 %1075
                div 32    %1077 = ineg %1076
                div 32    %1078 = iadd %1074, %1077
                div 32    %1079 = ishl %1078, %199 (0xc)
                div 32    %1080 = ineg %1070
                div 32    %1081 = ushr %1080, %104 (0x14)
                div 32    %1082 = ior %1081, %1079
                div 32    %1083 = ishr %1078, %104 (0x14)
                div 32    %1084 = ineg %1083
                div 32    %1085 = iadd %1084, %559 (0xffffffff)
                div 32    %1086 = ine32 %1082, %1 (0x0)
                div 32    %1087 = b2i32 %1086
                div 32    %1088 = ineg %1087
                div 32    %1089 = iadd %1085, %1088
                div 32    %1090 = ineg %1082
                div 32    %1091 = iadd %559 (0xffffffff), %1090
                div 32    %1092 = ult32 %1091, %559 (0xffffffff)
                div 32    %1093 = b2i32 %1092
                div 32    %1094 = iadd %1089, %1093
                div 32    %1095 = ige32 %1066, %1 (0x0)
                div 32    %1096 = ishr %1066, %104 (0x14)
                div 32    %1097 = b32csel %1095, %1096, %1094
                div 32    %1098 = b32csel %1095, %1069, %1091
                con 32    %1099 = load_const (0x000001d0 = 464)
                div 32    %1100 = iadd %96, %1099 (0x1d0)
                div 32x2  %1101 = @load_ssbo (%12 (0x2), %1100) (access=readonly|reorderable, align_mul=64, align_offset=16, offset_shift=0)
                div 32    %1102 = umul_high %1101.x, %1098
                div 32    %1103 = imul %1101.x, %1098
                div 32    %1104 = imul %1101.y, %1098
                div 32    %1105 = imul %1101.x, %1097
                div 32    %1106 = iadd %1105, %1104
                div 32    %1107 = iadd %1102, %1106
                div 32    %1108 = unpack_64_2x32_split_x %1060
                div 32    %1109 = unpack_64_2x32_split_y %1060
                div 32    %1110 = iadd %1108, %1103
                div 32    %1111 = iadd %1109, %1107
                div 32    %1112 = ult32 %1110, %1108
                div 32    %1113 = b2i32 %1112
                div 32    %1114 = iadd %1113, %1111
                div 64    %1115 = pack_64_2x32_split %1110, %1114
                                  // succs: b55
            } else {
                div block b54:  // preds: b52, succs: b55
            }
            div block b55:        // preds: b53 b54
            div 64    %1116 = phi b53: %1115, b54: %1060
                              // succs: b56
        }
        div block b56:        // preds: b12 b55
        div 64    %1117 = phi b12: %169, b55: %1116
        div 32    %1118 = unpack_64_2x32_split_y %1117
        div 32    %1119 = unpack_64_2x32_split_x %1117
        con 32    %1120 = load_const (0x00000028 = 40)
        con 32x2  %1121 = @load_ssbo (%12 (0x2), %1120 (0x28)) (access=readonly|reorderable, align_mul=1073741824, align_offset=40, offset_shift=0)
        con 32    %1122 = iadd %1121.x, %3 (0x4)
        con 32    %1123 = iand %1122, %9 (0x3f)
        div 32    %1124 = ushr %1119, %1123
        div 32    %1125 = ishr %1118, %1123
        con 32    %1126 = iadd %1123, %105 (0xffffffe0)
        con 32    %1127 = iabs %1126
        div 32    %1128 = ishl %1118, %1127
        div 32    %1129 = ior %1124, %1128
        div 32    %1130 = ishr %1118, %1127
        con 32    %1131 = uge32 %1123, %100 (0x20)
        con 32    %1132 = load_const (0x0000001f = 31)
        div 32    %1133 = ishr %1118, %1132 (0x1f)
        div 32    %1134 = b32csel %1131, %1133, %1125
        div 32    %1135 = b32csel %1131, %1130, %1129
        con 32    %1136 = ieq32 %1123, %1 (0x0)
        div 32    %1137 = b32csel %1136, %1118, %1134
        div 32    %1138 = b32csel %1136, %1119, %1135
        div 32    %1139 = iadd %1119, %20 (0x1)
        div 32    %1140 = ult32 %1139, %1119
        div 32    %1141 = b2i32 %1140
        div 32    %1142 = iadd %1141, %1118
        div 32    %1143 = ineg %1142
        div 32    %1144 = ine32 %1139, %1 (0x0)
        div 32    %1145 = b2i32 %1144
        div 32    %1146 = ineg %1145
        div 32    %1147 = iadd %1143, %1146
        div 32    %1148 = ineg %1139
        div 32    %1149 = ushr %1148, %1123
        div 32    %1150 = ishr %1147, %1123
        div 32    %1151 = ishl %1147, %1127
        div 32    %1152 = ior %1149, %1151
        div 32    %1153 = ishr %1147, %1127
        div 32    %1154 = ishr %1147, %1132 (0x1f)
        div 32    %1155 = b32csel %1131, %1154, %1150
        div 32    %1156 = b32csel %1131, %1153, %1152
        div 32    %1157 = b32csel %1136, %1147, %1155
        div 32    %1158 = b32csel %1136, %1148, %1156
        con 32    %1159 = load_const (0xffffffff = -1 = 4294967295)
        div 32    %1160 = ineg %1157
        div 32    %1161 = iadd %1160, %1159 (0xffffffff)
        div 32    %1162 = ine32 %1158, %1 (0x0)
        div 32    %1163 = b2i32 %1162
        div 32    %1164 = ineg %1163
        div 32    %1165 = iadd %1161, %1164
        div 32    %1166 = ineg %1158
        div 32    %1167 = iadd %1159 (0xffffffff), %1166
        div 32    %1168 = ult32 %1167, %1159 (0xffffffff)
        div 32    %1169 = b2i32 %1168
        div 32    %1170 = iadd %1165, %1169
        div 32    %1171 = ige32 %1118, %1 (0x0)
        div 32    %1172 = b32csel %1171, %1137, %1170
        div 32    %1173 = b32csel %1171, %1138, %1167
        div 32    %1174 = ieq32 %1 (0x0), %1172
        con 32    %1175 = load_const (0x0000ffff = 65535)
        div 32    %1176 = ult32 %1175 (0xffff), %1173
        div 32    %1177 = iand %1174, %1176
        div 32    %1178 = ilt32 %1 (0x0), %1172
        div 32    %1179 = ior %1178, %1177
        div 32    %1180 = b32csel %1179, %1175 (0xffff), %1173
        div 32    %1181 = ilt32 %1172, %1 (0x0)
        div 32    %1182 = ior %1181, %1179
        div 32    %1183 = b32csel %1182, %1 (0x0), %1172
        div 32    %1184 = b32csel %1181, %1 (0x0), %1180
        con 32x2  %1185 = @load_ssbo (%12 (0x2), %15 (0x10)) (access=readonly|reorderable, align_mul=1073741824, align_offset=16, offset_shift=0)
        con 32    %1186 = ieq32 %1185.y, %1 (0x0)
        con 32    %1187 = ieq32 %1185.x, %20 (0x1)
        con 32    %1188 = iand %1186, %1187
                          // succs: b57 b61
        if %1188 {
            div block b57:        // preds: b56
            con 32    %1189 = load_const (0x00000038 = 56)
            con 32x2  %1190 = @load_ssbo (%12 (0x2), %1189 (0x38)) (access=readonly|reorderable, align_mul=1073741824, align_offset=56, offset_shift=0)
            con 32    %1191 = ineg %1190.y
            con 32    %1192 = ine32 %1190.x, %1 (0x0)
            con 32    %1193 = b2i32 %1192
            con 32    %1194 = ineg %1193
            con 32    %1195 = iadd %1191, %1194
            con 32    %1196 = ineg %1190.x
            div 32    %1197 = iadd %22.w, %1196
            div 32    %1198 = ult32 %1197, %22.w
            div 32    %1199 = b2i32 %1198
            div 32    %1200 = iadd %1199, %1195
            div 32    %1201 = ior %1197, %1200
            div 32    %1202 = ine32 %1201, %1 (0x0)
                              // succs: b58 b59
            if %1202 {
                div block b58:        // preds: b57
                div 32    %1203 = ieq32 %1 (0x0), %1200
                div 32    %1204 = ine32 %1197, %1 (0x0)
                div 32    %1205 = iand %1203, %1204
                div 32    %1206 = ilt32 %1 (0x0), %1200
                div 32    %1207 = ior %1206, %1205
                con 32    %1208 = load_const (0x00000030 = 48)
                con 32x2  %1209 = @load_ssbo (%12 (0x2), %1208 (0x30)) (access=readonly|reorderable, align_mul=1073741824, align_offset=48, offset_shift=0)
                con 32    %1210 = ineg %1209.x
                con 32    %1211 = load_const (0x0000000a = 10)
                con 32    %1212 = iadd %1211 (0xa), %1210
                con 32    %1213 = iand %1212, %9 (0x3f)
                con 32    %1214 = uge32 %1213, %100 (0x20)
                con 32    %1215 = iadd %1213, %105 (0xffffffe0)
                con 32    %1216 = iabs %1215
                con 32    %1217 = ushr %20 (0x1), %1216
                con 32    %1218 = ishl %20 (0x1), %1216
                con 32    %1219 = b32csel %1214, %1218, %1217
                con 32    %1220 = ishl %20 (0x1), %1213
                con 32    %1221 = b32csel %1214, %1 (0x0), %1220
                con 32    %1222 = ieq32 %1213, %1 (0x0)
                con 32    %1223 = b32csel %1222, %1 (0x0), %1219
                con 32    %1224 = b32csel %1222, %20 (0x1), %1221
                con 32    %1225 = ushr %1224, %1132 (0x1f)
                con 32    %1226 = ishl %1223, %20 (0x1)
                con 32    %1227 = ior %1226, %1225
                con 32    %1228 = load_const (0x00000050 = 80)
                con 32x2  %1229 = @load_ssbo (%12 (0x2), %1228 (0x50)) (access=readonly|reorderable, align_mul=1073741824, align_offset=80, offset_shift=0)
                con 32    %1230 = ishl %1224, %20 (0x1)
                con 32    %1231 = umul_high %1230, %1229.x
                con 32    %1232 = imul %1230, %1229.x
                con 32    %1233 = imul %1227, %1229.x
                con 32    %1234 = imul %1230, %1229.y
                con 32    %1235 = iadd %1234, %1233
                con 32    %1236 = iadd %1231, %1235
                div 32    %1237 = ushr %1197, %1132 (0x1f)
                div 32    %1238 = ishl %1200, %20 (0x1)
                div 32    %1239 = ior %1238, %1237
                div 32    %1240 = b32csel %1207, %1159 (0xffffffff), %20 (0x1)
                div 32    %1241 = ishl %1197, %20 (0x1)
                div 32    %1242 = iadd %1241, %1240
                div 32    %1243 = b2i32 %1207
                div 32    %1244 = ineg %1243
                div 32    %1245 = iadd %1239, %1244
                div 32    %1246 = ult32 %1242, %1241
                div 32    %1247 = b2i32 %1246
                div 32    %1248 = iadd %1247, %1245
                con 32    %1249 = load_const (0x00000040 = 64)
                con 32x4  %1250 = @load_ssbo_uniform_block_intel (%12 (0x2), %1249 (0x40)) (access=readonly|reorderable, align_mul=1073741824, align_offset=64, base=0)
                div 32    %1251 = umul_high %1242, %1250.x
                div 32    %1252 = imul %1242, %1250.x
                div 32    %1253 = imul %1248, %1250.x
                div 32    %1254 = imul %1242, %1250.y
                div 32    %1255 = iadd %1254, %1253
                div 32    %1256 = iadd %1251, %1255
                div 32    %1257 = b32csel %1207, %12 (0x2), %76 (0xfffffffe)
                div 32    %1258 = umul_high %1257, %1250.z
                div 32    %1259 = imul %1257, %1250.z
                div 32    %1260 = b32csel %1207, %1 (0x0), %1250.z
                div 32    %1261 = imul %1257, %1250.w
                div 32    %1262 = ineg %1260
                div 32    %1263 = iadd %1261, %1262
                div 32    %1264 = iadd %1258, %1263
                div 32    %1265 = iadd %1252, %1259
                div 32    %1266 = iadd %1256, %1264
                div 32    %1267 = ult32 %1265, %1252
                div 32    %1268 = b2i32 %1267
                div 32    %1269 = iadd %1268, %1266
                div 32    %1270 = umul_high %1265, %1224
                div 32    %1271 = imul %1265, %1224
                div 32    %1272 = imul %1269, %1224
                div 32    %1273 = imul %1265, %1223
                div 32    %1274 = iadd %1273, %1272
                div 32    %1275 = iadd %1270, %1274
                con 32    %1276 = ineg %1236
                con 32    %1277 = ine32 %1232, %1 (0x0)
                con 32    %1278 = b2i32 %1277
                con 32    %1279 = ineg %1278
                con 32    %1280 = iadd %1276, %1279
                div 32    %1281 = ieq32 %1275, %1280
                con 32    %1282 = ineg %1232
                div 32    %1283 = ult32 %1271, %1282
                div 32    %1284 = iand %1281, %1283
                div 32    %1285 = ilt32 %1275, %1280
                div 32    %1286 = ior %1285, %1284
                div 32    %1287 = ieq32 %1236, %1275
                div 32    %1288 = ult32 %1232, %1271
                div 32    %1289 = iand %1287, %1288
                div 32    %1290 = ilt32 %1236, %1275
                div 32    %1291 = ior %1290, %1289
                div 32    %1292 = b32csel %1291, %1236, %1275
                div 32    %1293 = b32csel %1291, %1232, %1271
                div 32    %1294 = b32csel %1286, %1280, %1292
                div 32    %1295 = b32csel %1286, %1282, %1293
                con 32    %1296 = load_const (0xfffffffb = -5 = 4294967291)
                con 32    %1297 = iadd %1121.x, %1296 (0xfffffffb)
                con 32    %1298 = iadd %1297, %1210
                con 32    %1299 = iand %1298, %9 (0x3f)
                div 32    %1300 = ushr %1295, %1299
                div 32    %1301 = ishr %1294, %1299
                con 32    %1302 = iadd %1299, %105 (0xffffffe0)
                con 32    %1303 = iabs %1302
                div 32    %1304 = ishl %1294, %1303
                div 32    %1305 = ior %1300, %1304
                div 32    %1306 = ishr %1294, %1303
                con 32    %1307 = uge32 %1299, %100 (0x20)
                div 32    %1308 = ishr %1294, %1132 (0x1f)
                div 32    %1309 = b32csel %1307, %1308, %1301
                div 32    %1310 = b32csel %1307, %1306, %1305
                con 32    %1311 = ieq32 %1299, %1 (0x0)
                div 32    %1312 = b32csel %1311, %1294, %1309
                div 32    %1313 = b32csel %1311, %1295, %1310
                div 32    %1314 = iadd %1295, %20 (0x1)
                div 32    %1315 = ult32 %1314, %1295
                div 32    %1316 = b2i32 %1315
                div 32    %1317 = iadd %1316, %1294
                div 32    %1318 = ineg %1317
                div 32    %1319 = ine32 %1314, %1 (0x0)
                div 32    %1320 = b2i32 %1319
                div 32    %1321 = ineg %1320
                div 32    %1322 = iadd %1318, %1321
                div 32    %1323 = ineg %1314
                div 32    %1324 = ushr %1323, %1299
                div 32    %1325 = ishr %1322, %1299
                div 32    %1326 = ishl %1322, %1303
                div 32    %1327 = ior %1324, %1326
                div 32    %1328 = ishr %1322, %1303
                div 32    %1329 = ishr %1322, %1132 (0x1f)
                div 32    %1330 = b32csel %1307, %1329, %1325
                div 32    %1331 = b32csel %1307, %1328, %1327
                div 32    %1332 = b32csel %1311, %1322, %1330
                div 32    %1333 = b32csel %1311, %1323, %1331
                div 32    %1334 = ineg %1332
                div 32    %1335 = iadd %1334, %1159 (0xffffffff)
                div 32    %1336 = ine32 %1333, %1 (0x0)
                div 32    %1337 = b2i32 %1336
                div 32    %1338 = ineg %1337
                div 32    %1339 = iadd %1335, %1338
                div 32    %1340 = ineg %1333
                div 32    %1341 = iadd %1159 (0xffffffff), %1340
                div 32    %1342 = ult32 %1341, %1159 (0xffffffff)
                div 32    %1343 = b2i32 %1342
                div 32    %1344 = iadd %1339, %1343
                div 32    %1345 = ige32 %1294, %1 (0x0)
                div 32    %1346 = b32csel %1345, %1312, %1344
                div 32    %1347 = b32csel %1345, %1313, %1341
                div 64    %1348 = pack_64_2x32_split %1347, %1346
                                  // succs: b60
            } else {
                div block b59:  // preds: b57, succs: b60
            }
            div block b60:        // preds: b58 b59
            div 64    %1349 = phi b58: %1348, b59: %103 (0x0)
                              // succs: b62
        } else {
            div block b61:  // preds: b56, succs: b62
        }
        div block b62:        // preds: b60 b61
        div 64    %1350 = phi b60: %1349, b61: %103 (0x0)
        div 32    %1351 = unpack_64_2x32_split_x %1350
        div 32    %1352 = unpack_64_2x32_split_y %1350
        div 32    %1353 = iadd %1184, %1351
        div 32    %1354 = iadd %1183, %1352
        div 32    %1355 = ult32 %1353, %1184
        div 32    %1356 = b2i32 %1355
        div 32    %1357 = iadd %1356, %1354
        con 32x2  %1358 = @load_ssbo (%12 (0x2), %102 (0x18)) (access=readonly|reorderable, align_mul=1073741824, align_offset=24, offset_shift=0)
        con 32    %1359 = ineg %1358.x
        con 32    %1360 = load_const (0x0000000f = 15)
        con 32    %1361 = iadd %1360 (0xf), %1359
        con 32    %1362 = iand %1361, %9 (0x3f)
        con 32    %1363 = uge32 %1362, %100 (0x20)
        con 32    %1364 = iadd %1362, %105 (0xffffffe0)
        con 32    %1365 = iabs %1364
        con 32    %1366 = ushr %20 (0x1), %1365
        con 32    %1367 = ishl %20 (0x1), %1365
        con 32    %1368 = b32csel %1363, %1367, %1366
        con 32    %1369 = ishl %20 (0x1), %1362
        con 32    %1370 = b32csel %1363, %1 (0x0), %1369
        con 32    %1371 = ieq32 %1362, %1 (0x0)
        con 32    %1372 = b32csel %1371, %1 (0x0), %1368
        con 32    %1373 = b32csel %1371, %20 (0x1), %1370
        div 32    %1374 = iadd %1353, %1373
        div 32    %1375 = iadd %1357, %1372
        div 32    %1376 = ult32 %1374, %1353
        div 32    %1377 = b2i32 %1376
        div 32    %1378 = iadd %1377, %1375
        con 32    %1379 = iadd %15 (0x10), %1359
        con 32    %1380 = iand %1379, %9 (0x3f)
        div 32    %1381 = ushr %1374, %1380
        div 32    %1382 = ishr %1378, %1380
        con 32    %1383 = iadd %1380, %105 (0xffffffe0)
        con 32    %1384 = iabs %1383
        div 32    %1385 = ishl %1378, %1384
        div 32    %1386 = ior %1381, %1385
        div 32    %1387 = ishr %1378, %1384
        con 32    %1388 = uge32 %1380, %100 (0x20)
        div 32    %1389 = ishr %1378, %1132 (0x1f)
        div 32    %1390 = b32csel %1388, %1389, %1382
        div 32    %1391 = b32csel %1388, %1387, %1386
        con 32    %1392 = ieq32 %1380, %1 (0x0)
        div 32    %1393 = b32csel %1392, %1378, %1390
        div 32    %1394 = b32csel %1392, %1374, %1391
        div 32    %1395 = iadd %1374, %20 (0x1)
        div 32    %1396 = ult32 %1395, %1374
        div 32    %1397 = b2i32 %1396
        div 32    %1398 = iadd %1397, %1378
        div 32    %1399 = ineg %1398
        div 32    %1400 = ine32 %1395, %1 (0x0)
        div 32    %1401 = b2i32 %1400
        div 32    %1402 = ineg %1401
        div 32    %1403 = iadd %1399, %1402
        div 32    %1404 = ineg %1395
        div 32    %1405 = ushr %1404, %1380
        div 32    %1406 = ishr %1403, %1380
        div 32    %1407 = ishl %1403, %1384
        div 32    %1408 = ior %1405, %1407
        div 32    %1409 = ishr %1403, %1384
        div 32    %1410 = ishr %1403, %1132 (0x1f)
        div 32    %1411 = b32csel %1388, %1410, %1406
        div 32    %1412 = b32csel %1388, %1409, %1408
        div 32    %1413 = b32csel %1392, %1403, %1411
        div 32    %1414 = b32csel %1392, %1404, %1412
        div 32    %1415 = ineg %1413
        div 32    %1416 = iadd %1415, %1159 (0xffffffff)
        div 32    %1417 = ine32 %1414, %1 (0x0)
        div 32    %1418 = b2i32 %1417
        div 32    %1419 = ineg %1418
        div 32    %1420 = iadd %1416, %1419
        div 32    %1421 = ineg %1414
        div 32    %1422 = iadd %1159 (0xffffffff), %1421
        div 32    %1423 = ult32 %1422, %1159 (0xffffffff)
        div 32    %1424 = b2i32 %1423
        div 32    %1425 = iadd %1420, %1424
        div 32    %1426 = ige32 %1378, %1 (0x0)
        div 32    %1427 = b32csel %1426, %1393, %1425
        div 32    %1428 = b32csel %1426, %1394, %1422
        con 32    %1429 = iand %1358.x, %9 (0x3f)
        con 32    %1430 = uge32 %1429, %100 (0x20)
        con 32    %1431 = iadd %1429, %105 (0xffffffe0)
        con 32    %1432 = iabs %1431
        con 32    %1433 = ushr %20 (0x1), %1432
        con 32    %1434 = ishl %20 (0x1), %1432
        con 32    %1435 = b32csel %1430, %1434, %1433
        con 32    %1436 = ishl %20 (0x1), %1429
        con 32    %1437 = b32csel %1430, %1 (0x0), %1436
        con 32    %1438 = ieq32 %1429, %1 (0x0)
        con 32    %1439 = b32csel %1438, %20 (0x1), %1437
        con 32    %1440 = iadd %1435, %1159 (0xffffffff)
        con 32    %1441 = b32csel %1438, %1159 (0xffffffff), %1440
        con 32    %1442 = iadd %1439, %1159 (0xffffffff)
        con 32    %1443 = ult32 %1442, %1439
        con 32    %1444 = b2i32 %1443
        con 32    %1445 = iadd %1444, %1441
        div 32    %1446 = ieq32 %1445, %1427
        div 32    %1447 = ult32 %1442, %1428
        div 32    %1448 = iand %1446, %1447
        div 32    %1449 = ilt32 %1445, %1427
        div 32    %1450 = ior %1449, %1448
        div 32    %1451 = b32csel %1450, %1442, %1428
        div 32    %1452 = ilt32 %1427, %1 (0x0)
        div 32    %1453 = b32csel %1452, %1 (0x0), %1451
        div 32x4  %1454 = vec4 %1184, %1351, %1353, %1453
                          @store_ssbo (%1454, %1 (0x0), %21) (wrmask=xyzw, access=writeonly, align_mul=16, align_offset=0, offset_shift=0)
                          // succs: b64
    } else {
        div block b63:  // preds: b0, succs: b64
    }
    con block b64:  // preds: b62 b63, succs: b65
    block b65:
}

NIR (final form) for compute shader:
shader: MESA_SHADER_COMPUTE
source_blake3: {0x225dad7f, 0xe2b4d708, 0x2c1f3472, 0x273b6837, 0x4dba321c, 0x9a282a80, 0x56b23ddc, 0xd22127d3}
name: GLSL2
workgroup_size: 64, 1, 1
num_ssbos: 3
system_values_read: 0x00000000'00000000'00008400'00000000
max_subgroup_size: 16
min_subgroup_size: 16
bit_sizes_int: 0x61
first_ubo_is_default_ubo: true
flrp_lowered: true
writes_memory: true
decl_var ssbo INTERP_MODE_NONE writeonly ivec4[] results (0, 0, 2)
decl_var ssbo INTERP_MODE_NONE readonly uvec4[] samples (0, 1, 1)
decl_var ssbo INTERP_MODE_NONE readonly int64_t[] m (0, 2, 0)
decl_function main () (entrypoint)

impl main {
    con block b0:         // preds:
    con 32       %0 = @decl_reg (num_components=1, num_array_elems=0, bit_size=32, divergent=0)
    con 32       %1 = @decl_reg (num_components=1, num_array_elems=0, bit_size=32, divergent=0)
    div 32       %2 = @decl_reg (num_components=1, num_array_elems=0, bit_size=32, divergent=1)
    div 32       %3 = @decl_reg (num_components=1, num_array_elems=0, bit_size=64, divergent=1)
    con 32       %4 = @decl_reg (num_components=1, num_array_elems=0, bit_size=32, divergent=0)
    div 32       %5 = @decl_reg (num_components=1, num_array_elems=0, bit_size=64, divergent=1)
    div 32       %6 = @decl_reg (num_components=1, num_array_elems=0, bit_size=64, divergent=1)
    div 32       %7 = @decl_reg (num_components=1, num_array_elems=0, bit_size=64, divergent=1)
    div 32       %8 = @decl_reg (num_components=1, num_array_elems=0, bit_size=64, divergent=1)
    div 32       %9 = @decl_reg (num_components=1, num_array_elems=0, bit_size=64, divergent=1)
    div 32      %10 = @decl_reg (num_components=1, num_array_elems=0, bit_size=64, divergent=1)
    div 32      %11 = @decl_reg (num_components=1, num_array_elems=0, bit_size=64, divergent=1)
    div 32      %12 = @decl_reg (num_components=1, num_array_elems=0, bit_size=64, divergent=1)
    con 32x3    %13 = @load_workgroup_id
    con 32      %14 = load_const (0x00000000)
    con 32      %15 = @load_push_data_intel (%14 (0x0)) (base=0, range=4, access=none)
    con 32      %16 = load_const (0x00000004)
    con 32      %17 = ishl %15, %16 (0x4)
    div 32      %18 = @load_subgroup_invocation
    div 32      %19 = iadd %18, %17
    con 32      %20 = load_const (0x00000006)
    con 32      %21 = ishl %13.x, %20 (0x6)
    con 32      %22 = load_const (0x0000003f = 63)
    div 32      %23 = iand %19, %22 (0x3f)
    div 32      %24 = iadd %21, %23
    con 32      %25 = load_const (0x00000002)
    con 32x2    %26 = @load_ssbo (%25 (0x2), %14 (0x0)) (access=readonly|reorderable, align_mul=1073741824, align_offset=0, offset_shift=0)
    div 32      %27 = ult32 %24, %26.x
                      // succs: b1 b63
    if %27 {
        div block b1:         // preds: b0
        con 32      %28 = load_const (0x00000010 = 16)
        con 32      %29 = load_const (0x00000008)
        con 32x2    %30 = @load_ssbo (%25 (0x2), %29 (0x8)) (access=readonly|reorderable, align_mul=1073741824, align_offset=8, offset_shift=0)
        con 32      %31 = load_const (0x00000003)
        con 32      %32 = ilt32 %30.x, %31 (0x3)
        con 32      %33 = load_const (0x00000001)
        div 32      %34 = ishl %24, %16 (0x4)
        div 32x4    %35 = @load_ssbo (%33 (0x1), %34) (access=readonly|reorderable, align_mul=16, align_offset=0, offset_shift=0)
        div 32      %36 = b32csel %32, %35.z, %35.w
        con 32      %37 = ilt32 %30.x, %33 (0x1)
        div 32      %38 = b32csel %37, %35.x, %35.y
        con 32      %39 = ilt32 %30.x, %25 (0x2)
        div 32      %40 = b32csel %39, %38, %36
        con 32      %41 = load_const (0x00000058 = 88)
        con 32x16   %42 = @load_ssbo_uniform_block_intel (%25 (0x2), %41 (0x58)) (access=readonly|reorderable, align_mul=1073741824, align_offset=88, base=0)
        con 32      %43 = ieq32 %14 (0x0), %42.b
        div 32      %44 = ult32 %35.x, %42.a
        div 32      %45 = iand %43, %44
        con 32      %46 = ilt32 %14 (0x0), %42.b
        div 32      %47 = ior %46, %45
        con 32      %48 = ieq32 %42.d, %14 (0x0)
        div 32      %49 = ult32 %42.c, %35.x
        div 32      %50 = iand %48, %49
        con 32      %51 = ilt32 %42.d, %14 (0x0)
        div 32      %52 = ior %51, %50
        div 32      %53 = b32csel %52, %42.d, %14 (0x0)
        div 32      %54 = b32csel %52, %42.c, %35.x
        div 32      %55 = b32csel %47, %42.b, %53
        div 32      %56 = b32csel %47, %42.a, %54
        con 32      %57 = ieq32 %14 (0x0), %42.f
        div 32      %58 = ult32 %35.y, %42.e
        div 32      %59 = iand %57, %58
        con 32      %60 = ilt32 %14 (0x0), %42.f
        div 32      %61 = ior %60, %59
        con 32      %62 = ieq32 %42.h, %14 (0x0)
        div 32      %63 = ult32 %42.g, %35.y
        div 32      %64 = iand %62, %63
        con 32      %65 = ilt32 %42.h, %14 (0x0)
        div 32      %66 = ior %65, %64
        div 32      %67 = b32csel %66, %42.h, %14 (0x0)
        div 32      %68 = b32csel %66, %42.g, %35.y
        div 32      %69 = b32csel %61, %42.f, %67
        div 32      %70 = b32csel %61, %42.e, %68
        con 32      %71 = ieq32 %14 (0x0), %42.j
        div 32      %72 = ult32 %35.z, %42.i
        div 32      %73 = iand %71, %72
        con 32      %74 = ilt32 %14 (0x0), %42.j
        div 32      %75 = ior %74, %73
        con 32      %76 = ieq32 %42.l, %14 (0x0)
        div 32      %77 = ult32 %42.k, %35.z
        div 32      %78 = iand %76, %77
        con 32      %79 = ilt32 %42.l, %14 (0x0)
        div 32      %80 = ior %79, %78
        div 32      %81 = b32csel %80, %42.l, %14 (0x0)
        div 32      %82 = b32csel %80, %42.k, %35.z
        div 32      %83 = b32csel %75, %42.j, %81
        div 32      %84 = b32csel %75, %42.i, %82
        con 32      %85 = load_const (0x000000a0 = 160)
        con 32      %86 = load_const (0x00000088 = 136)
        con 32x2    %87 = @load_ssbo (%25 (0x2), %86 (0x88)) (access=readonly|reorderable, align_mul=1073741824, align_offset=136, offset_shift=0)
        con 32      %88 = load_const (0x00000098 = 0.000000 = 152)
        con 32      %89 = load_const (0xfffffffe = -2 = 4294967294)
        con 32      %90 = iadd %87.x, %89 (0xfffffffe)
        con 32      %91 = mov %88 (0x98)
                          @store_reg (%91, %1) (base=0, wrmask=x, legacy_fsat=0)
        con 32      %92 = mov %14 (0x0)
                          @store_reg (%92, %0) (base=0, wrmask=x, legacy_fsat=0)
                          // succs: b2
        div loop {
            div block b2:         // preds: b1 b5
            con 32      %93 = @load_reg (%1) (base=0, legacy_fabs=0, legacy_fneg=0)
            con 32x2    %94 = @load_ssbo (%25 (0x2), %93) (access=readonly|reorderable, align_mul=8, align_offset=0, offset_shift=0)
            con 32      %95 = ieq32 %14 (0x0), %94.y
            div 32      %96 = ult32 %40, %94.x
            div 32      %97 = iand %95, %96
            con 32      %98 = ilt32 %14 (0x0), %94.y
            div 32      %99 = ior %98, %97
            div 32     %100 = inot %99
            con 32     %101 = @load_reg (%0) (base=0, legacy_fabs=0, legacy_fneg=0)
            con 32     %102 = ilt32 %101, %90
            div 32     %103 = iand %102, %100
            div 32     %104 = inot %103
                              // succs: b3 b4
            if %104 {
                div block b3:         // preds: b2
                con 32     %105 = @load_reg (%0) (base=0, legacy_fabs=0, legacy_fneg=0)
                con 32     %106 = mov %105
                                  @store_reg (%106, %2) (base=0, wrmask=x, legacy_fsat=0)
                                  break
                                  // succs: b6
            } else {
                div block b4:  // preds: b2, succs: b5
            }
            div block b5:         // preds: b4
            con 32     %107 = @load_reg (%0) (base=0, legacy_fabs=0, legacy_fneg=0)
            con 32     %108 = ishl %107, %31 (0x3)
            con 32     %109 = iadd %108, %85 (0xa0)
                              @store_reg (%109, %1) (base=0, wrmask=x, legacy_fsat=0)
            con 32     %110 = @load_reg (%0) (base=0, legacy_fabs=0, legacy_fneg=0)
            con 32     %111 = iadd %110, %33 (0x1)
                              @store_reg (%111, %0) (base=0, wrmask=x, legacy_fsat=0)
                              // succs: b2
        }
        div block b6:         // preds: b3
        con 32     %112 = load_const (0x00000118 = 280)
        con 32     %113 = load_const (0x000000c0 = 192)
        div 32     %114 = @load_reg (%2) (base=0, legacy_fabs=0, legacy_fneg=0)
        div 32     %115 = imul_32x16 %114, %113 (0xc0)
        div 32     %116 = iadd %115, %112 (0x118)
        div 32x4   %117 = @load_ssbo (%25 (0x2), %116) (access=readonly|reorderable, align_mul=64, align_offset=24, offset_shift=0)
        div 32     %118 = ior %117.x, %117.y
        con 32     %119 = load_const (0x00000020 = 32)
        con 32x2   %120 = @load_ssbo (%25 (0x2), %119 (0x20)) (access=readonly|reorderable, align_mul=1073741824, align_offset=32, offset_shift=0)
        con 32     %121 = load_const (0x00000018 = 24)
        con 64     %122 = load_const (0x0000000000000000 = 0.000000)
        con 32     %123 = load_const (0x00000014 = 20)
        con 32     %124 = load_const (0xffffffe0 = -32 = 4294967264)
        div 32     %125 = ieq32 %118, %14 (0x0)
                          // succs: b7 b13
        if %125 {
            div block b7:         // preds: b6
            con 32     %126 = ieq32 %30.x, %33 (0x1)
            div 32     %127 = b32csel %126, %69, %83
            div 32     %128 = b32csel %126, %70, %84
            con 32     %129 = ieq32 %30.x, %14 (0x0)
            div 32     %130 = b32csel %129, %55, %127
            div 32     %131 = b32csel %129, %56, %128
            con 32     %132 = load_const (0x00000130 = 304)
            div 32     %133 = @load_reg (%2) (base=0, legacy_fabs=0, legacy_fneg=0)
            div 32     %134 = imul_32x16 %133, %121 (0x18)
            con 64     %135 = load_const (0x0000000000000001 = 0.000000)
            con 64     %136 = mov %122 (0x0)
                              @store_reg (%136, %11) (base=0, wrmask=x, legacy_fsat=0)
            con 32     %137 = mov %14 (0x0)
                              @store_reg (%137, %4) (base=0, wrmask=x, legacy_fsat=0)
            con 64     %138 = mov %135 (0x1)
                              @store_reg (%138, %3) (base=0, wrmask=x, legacy_fsat=0)
                              // succs: b8
            div loop {
                div block b8:         // preds: b7 b11
                con 32     %139 = @load_reg (%4) (base=0, legacy_fabs=0, legacy_fneg=0)
                div 32     %140 = ilt32 %117.z, %139
                                  // succs: b9 b10
                if %140 {
                    div block b9:// preds: b8
                    break
                    // succs: b12
                } else {
                    div block b10:  // preds: b8, succs: b11
                }
                div block b11:        // preds: b10
                con 32     %141 = @load_reg (%4) (base=0, legacy_fabs=0, legacy_fneg=0)
                div 32     %142 = iadd %134, %141
                div 64     %143 = @load_reg (%3) (base=0, legacy_fabs=0, legacy_fneg=0)
                div 32     %144 = unpack_64_2x32_split_x %143
                div 64     %145 = @load_reg (%3) (base=0, legacy_fabs=0, legacy_fneg=0)
                div 32     %146 = unpack_64_2x32_split_y %145
                div 32     %147 = ishl %142, %31 (0x3)
                div 32     %148 = iadd %147, %132 (0x130)
                div 32x2   %149 = @load_ssbo (%25 (0x2), %148) (access=readonly|reorderable, align_mul=8, align_offset=0, offset_shift=0)
                div 32     %150 = umul_high %149.x, %144
                div 32     %151 = imul %149.x, %144
                div 32     %152 = imul %149.y, %144
                div 32     %153 = imul %149.x, %146
                div 32     %154 = iadd %153, %152
                div 32     %155 = iadd %150, %154
                con 32     %156 = @load_reg (%4) (base=0, legacy_fabs=0, legacy_fneg=0)
                con 32     %157 = imul %120.x, %156
                con 32     %158 = ineg %157
                con 32     %159 = iadd %123 (0x14), %158
                con 32     %160 = iand %159, %22 (0x3f)
                con 32     %161 = uge32 %160, %119 (0x20)
                con 32     %162 = iadd %160, %124 (0xffffffe0)
                con 32     %163 = iabs %162
                con 32     %164 = ushr %33 (0x1), %163
                con 32     %165 = ishl %33 (0x1), %163
                con 32     %166 = b32csel %161, %165, %164
                con 32     %167 = ishl %33 (0x1), %160
                con 32     %168 = b32csel %161, %14 (0x0), %167
                con 32     %169 = ieq32 %160, %14 (0x0)
                con 32     %170 = b32csel %169, %14 (0x0), %166
                con 32     %171 = b32csel %169, %33 (0x1), %168
                div 32     %172 = umul_high %151, %171
                div 32     %173 = imul %151, %171
                div 32     %174 = imul %155, %171
                div 32     %175 = imul %151, %170
                div 32     %176 = iadd %175, %174
                div 32     %177 = iadd %172, %176
                div 64     %178 = @load_reg (%11) (base=0, legacy_fabs=0, legacy_fneg=0)
                div 32     %179 = unpack_64_2x32_split_x %178
                div 64     %180 = @load_reg (%11) (base=0, legacy_fabs=0, legacy_fneg=0)
                div 32     %181 = unpack_64_2x32_split_y %180
                div 32     %182 = iadd %179, %173
                div 32     %183 = iadd %181, %177
                div 32     %184 = ult32 %182, %179
                div 32     %185 = b2i32 %184
                div 32     %186 = iadd %185, %183
                div 32     %187 = umul_high %144, %131
                div 32     %188 = imul %144, %131
                div 32     %189 = imul %146, %131
                div 32     %190 = imul %144, %130
                div 32     %191 = iadd %190, %189
                div 32     %192 = iadd %187, %191
                con 32     %193 = @load_reg (%4) (base=0, legacy_fabs=0, legacy_fneg=0)
                con 32     %194 = iadd %193, %33 (0x1)
                                  @store_reg (%194, %4) (base=0, wrmask=x, legacy_fsat=0)
                div 64     %195 = pack_64_2x32_split %182, %186
                                  @store_reg (%195, %11) (base=0, wrmask=x, legacy_fsat=0)
                div 64     %196 = pack_64_2x32_split %188, %192
                                  @store_reg (%196, %3) (base=0, wrmask=x, legacy_fsat=0)
                                  // succs: b8
            }
            div block b12:  // preds: b9, succs: b56
        } else {
            div block b13:        // preds: b6
            con 32     %197 = ineg %120.x
            con 32     %198 = iadd %123 (0x14), %197
            con 32     %199 = iand %198, %22 (0x3f)
            con 32     %200 = uge32 %199, %119 (0x20)
            con 32     %201 = iadd %199, %124 (0xffffffe0)
            con 32     %202 = iabs %201
            con 32     %203 = ushr %33 (0x1), %202
            con 32     %204 = ishl %33 (0x1), %202
            con 32     %205 = b32csel %200, %204, %203
            con 32     %206 = ishl %33 (0x1), %199
            con 32     %207 = b32csel %200, %14 (0x0), %206
            con 32     %208 = ieq32 %199, %14 (0x0)
            con 32     %209 = b32csel %208, %14 (0x0), %205
            con 32     %210 = b32csel %208, %33 (0x1), %207
            con 32     %211 = ishl %120.x, %33 (0x1)
            con 32     %212 = ineg %211
            con 32     %213 = iadd %123 (0x14), %212
            con 32     %214 = iand %213, %22 (0x3f)
            con 32     %215 = uge32 %214, %119 (0x20)
            con 32     %216 = iadd %214, %124 (0xffffffe0)
            con 32     %217 = iabs %216
            con 32     %218 = ushr %33 (0x1), %217
            con 32     %219 = ishl %33 (0x1), %217
            con 32     %220 = b32csel %215, %219, %218
            con 32     %221 = ishl %33 (0x1), %214
            con 32     %222 = b32csel %215, %14 (0x0), %221
            con 32     %223 = ieq32 %214, %14 (0x0)
            con 32     %224 = b32csel %223, %14 (0x0), %220
            con 32     %225 = b32csel %223, %33 (0x1), %222
            con 32     %226 = load_const (0x0000000c = 12)
            con 32     %227 = load_const (0x00000128 = 296)
            div 32     %228 = iadd %115, %227 (0x128)
            div 32x4   %229 = @load_ssbo (%25 (0x2), %228) (access=readonly|reorderable, align_mul=64, align_offset=40, offset_shift=0)
            div 32     %230 = ushr %229.x, %226 (0xc)
            div 32     %231 = ishl %229.y, %123 (0x14)
            div 32     %232 = ior %231, %230
            div 32     %233 = umul_high %56, %210
            div 32     %234 = imul %56, %210
            div 32     %235 = imul %55, %210
            div 32     %236 = imul %56, %209
            div 32     %237 = iadd %236, %235
            div 32     %238 = iadd %233, %237
            div 32     %239 = iadd %56, %56
            div 32     %240 = imul %55, %239
            div 32     %241 = umul_high %56, %56
            div 32     %242 = iadd %241, %240
            div 32     %243 = imul %56, %56
            div 32     %244 = umul_high %243, %225
            div 32     %245 = imul %243, %225
            div 32     %246 = imul %242, %225
            div 32     %247 = imul %243, %224
            div 32     %248 = iadd %247, %246
            div 32     %249 = iadd %244, %248
            div 32     %250 = umul_high %229.z, %234
            div 32     %251 = imul %229.z, %234
            div 32     %252 = imul %229.w, %234
            div 32     %253 = imul %229.z, %238
            div 32     %254 = iadd %253, %252
            div 32     %255 = iadd %250, %254
            div 32     %256 = ishl %229.x, %123 (0x14)
            div 32     %257 = iadd %256, %251
            div 32     %258 = iadd %232, %255
            div 32     %259 = ult32 %257, %256
            div 32     %260 = b2i32 %259
            div 32     %261 = iadd %260, %258
            div 32     %262 = ige32 %117.z, %25 (0x2)
                              // succs: b14 b15
            if %262 {
                div block b14:        // preds: b13
                con 32     %263 = load_const (0x00000168 = 360)
                div 32     %264 = iadd %115, %263 (0x168)
                div 32x2   %265 = @load_ssbo (%25 (0x2), %264) (access=readonly|reorderable, align_mul=64, align_offset=40, offset_shift=0)
                div 32     %266 = umul_high %265.x, %245
                div 32     %267 = imul %265.x, %245
                div 32     %268 = imul %265.y, %245
                div 32     %269 = imul %265.x, %249
                div 32     %270 = iadd %269, %268
                div 32     %271 = iadd %266, %270
                div 32     %272 = iadd %257, %267
                div 32     %273 = iadd %261, %271
                div 32     %274 = ult32 %272, %257
                div 32     %275 = b2i32 %274
                div 32     %276 = iadd %275, %273
                div 64     %277 = pack_64_2x32_split %272, %276
                                  @store_reg (%277, %5) (base=0, wrmask=x, legacy_fsat=0)
                                  // succs: b16
            } else {
                div block b15:        // preds: b13
                div 64     %278 = pack_64_2x32_split %257, %261
                                  @store_reg (%278, %5) (base=0, wrmask=x, legacy_fsat=0)
                                  // succs: b16
            }
            div block b16:        // preds: b14 b15
            div 32     %279 = ige32 %117.z, %31 (0x3)
                              // succs: b17 b18
            if %279 {
                div block b17:        // preds: b16
                div 32     %280 = umul_high %234, %245
                div 32     %281 = imul %234, %245
                div 32     %282 = imul %238, %245
                div 32     %283 = imul %234, %249
                div 32     %284 = iadd %283, %282
                div 32     %285 = iadd %280, %284
                div 32     %286 = ishl %285, %226 (0xc)
                div 32     %287 = ushr %281, %123 (0x14)
                div 32     %288 = ior %287, %286
                div 32     %289 = iadd %281, %33 (0x1)
                div 32     %290 = ult32 %289, %281
                div 32     %291 = b2i32 %290
                div 32     %292 = iadd %291, %285
                div 32     %293 = ineg %292
                div 32     %294 = ine32 %289, %14 (0x0)
                div 32     %295 = b2i32 %294
                div 32     %296 = ineg %295
                div 32     %297 = iadd %293, %296
                div 32     %298 = ishl %297, %226 (0xc)
                div 32     %299 = ineg %289
                div 32     %300 = ushr %299, %123 (0x14)
                div 32     %301 = ior %300, %298
                con 32     %302 = load_const (0xffffffff = -1 = 4294967295)
                div 32     %303 = ishr %297, %123 (0x14)
                div 32     %304 = ineg %303
                div 32     %305 = iadd %304, %302 (0xffffffff)
                div 32     %306 = ine32 %301, %14 (0x0)
                div 32     %307 = b2i32 %306
                div 32     %308 = ineg %307
                div 32     %309 = iadd %305, %308
                div 32     %310 = ineg %301
                div 32     %311 = iadd %302 (0xffffffff), %310
                div 32     %312 = ult32 %311, %302 (0xffffffff)
                div 32     %313 = b2i32 %312
                div 32     %314 = iadd %309, %313
                div 32     %315 = ige32 %285, %14 (0x0)
                div 32     %316 = ishr %285, %123 (0x14)
                div 32     %317 = b32csel %315, %316, %314
                div 32     %318 = b32csel %315, %288, %311
                con 32     %319 = load_const (0x000001a0 = 416)
                div 32     %320 = iadd %115, %319 (0x1a0)
                div 32x2   %321 = @load_ssbo (%25 (0x2), %320) (access=readonly|reorderable, align_mul=64, align_offset=32, offset_shift=0)
                div 32     %322 = umul_high %321.x, %318
                div 32     %323 = imul %321.x, %318
                div 32     %324 = imul %321.y, %318
                div 32     %325 = imul %321.x, %317
                div 32     %326 = iadd %325, %324
                div 32     %327 = iadd %322, %326
                div 64     %328 = @load_reg (%5) (base=0, legacy_fabs=0, legacy_fneg=0)
                div 32     %329 = unpack_64_2x32_split_x %328
                div 64     %330 = @load_reg (%5) (base=0, legacy_fabs=0, legacy_fneg=0)
                div 32     %331 = unpack_64_2x32_split_y %330
                div 32     %332 = iadd %329, %323
                div 32     %333 = iadd %331, %327
                div 32     %334 = ult32 %332, %329
                div 32     %335 = b2i32 %334
                div 32     %336 = iadd %335, %333
                div 64     %337 = pack_64_2x32_split %332, %336
                                  @store_reg (%337, %5) (base=0, wrmask=x, legacy_fsat=0)
                                  // succs: b19
            } else {
                div block b18:  // preds: b16, succs: b19
            }
            div block b19:        // preds: b17 b18
            div 32     %338 = umul_high %70, %210
            div 32     %339 = imul %70, %210
            div 32     %340 = imul %69, %210
            div 32     %341 = imul %70, %209
            div 32     %342 = iadd %341, %340
            div 32     %343 = iadd %338, %342
            div 32     %344 = iadd %70, %70
            div 32     %345 = imul %69, %344
            div 32     %346 = umul_high %70, %70
            div 32     %347 = iadd %346, %345
            div 32     %348 = imul %70, %70
            div 32     %349 = umul_high %348, %225
            div 32     %350 = imul %348, %225
            div 32     %351 = imul %347, %225
            div 32     %352 = imul %348, %224
            div 32     %353 = iadd %352, %351
            div 32     %354 = iadd %349, %353
            con 32     %355 = load_const (0x00000138 = 312)
            div 32     %356 = iadd %115, %355 (0x138)
            div 32x2   %357 = @load_ssbo (%25 (0x2), %356) (access=readonly|reorderable, align_mul=64, align_offset=56, offset_shift=0)
            div 32     %358 = umul_high %357.x, %339
            div 32     %359 = imul %357.x, %339
            div 32     %360 = imul %357.y, %339
            div 32     %361 = imul %357.x, %343
            div 32     %362 = iadd %361, %360
            div 32     %363 = iadd %358, %362
            div 64     %364 = @load_reg (%5) (base=0, legacy_fabs=0, legacy_fneg=0)
            div 32     %365 = unpack_64_2x32_split_x %364
            div 64     %366 = @load_reg (%5) (base=0, legacy_fabs=0, legacy_fneg=0)
            div 32     %367 = unpack_64_2x32_split_y %366
            div 32     %368 = iadd %365, %359
            div 32     %369 = iadd %367, %363
            div 32     %370 = ult32 %368, %365
            div 32     %371 = b2i32 %370
            div 32     %372 = iadd %371, %369
            div 32     %373 = ige32 %117.z, %25 (0x2)
                              // succs: b20 b21
            if %373 {
                div block b20:        // preds: b19
                con 32     %374 = load_const (0x00000170 = 368)
                div 32     %375 = iadd %115, %374 (0x170)
                div 32x2   %376 = @load_ssbo (%25 (0x2), %375) (access=readonly|reorderable, align_mul=64, align_offset=48, offset_shift=0)
                div 32     %377 = umul_high %376.x, %350
                div 32     %378 = imul %376.x, %350
                div 32     %379 = imul %376.y, %350
                div 32     %380 = imul %376.x, %354
                div 32     %381 = iadd %380, %379
                div 32     %382 = iadd %377, %381
                div 32     %383 = iadd %368, %378
                div 32     %384 = iadd %372, %382
                div 32     %385 = ult32 %383, %368
                div 32     %386 = b2i32 %385
                div 32     %387 = iadd %386, %384
                div 64     %388 = pack_64_2x32_split %383, %387
                                  @store_reg (%388, %6) (base=0, wrmask=x, legacy_fsat=0)
                                  // succs: b22
            } else {
                div block b21:        // preds: b19
                div 64     %389 = pack_64_2x32_split %368, %372
                                  @store_reg (%389, %6) (base=0, wrmask=x, legacy_fsat=0)
                                  // succs: b22
            }
            div block b22:        // preds: b20 b21
            div 32     %390 = ige32 %117.z, %31 (0x3)
                              // succs: b23 b24
            if %390 {
                div block b23:        // preds: b22
                div 32     %391 = umul_high %339, %350
                div 32     %392 = imul %339, %350
                div 32     %393 = imul %343, %350
                div 32     %394 = imul %339, %354
                div 32     %395 = iadd %394, %393
                div 32     %396 = iadd %391, %395
                div 32     %397 = ishl %396, %226 (0xc)
                div 32     %398 = ushr %392, %123 (0x14)
                div 32     %399 = ior %398, %397
                div 32     %400 = iadd %392, %33 (0x1)
                div 32     %401 = ult32 %400, %392
                div 32     %402 = b2i32 %401
                div 32     %403 = iadd %402, %396
                div 32     %404 = ineg %403
                div 32     %405 = ine32 %400, %14 (0x0)
                div 32     %406 = b2i32 %405
                div 32     %407 = ineg %406
                div 32     %408 = iadd %404, %407
                div 32     %409 = ishl %408, %226 (0xc)
                div 32     %410 = ineg %400
                div 32     %411 = ushr %410, %123 (0x14)
                div 32     %412 = ior %411, %409
                con 32     %413 = load_const (0xffffffff = -1 = 4294967295)
                div 32     %414 = ishr %408, %123 (0x14)
                div 32     %415 = ineg %414
                div 32     %416 = iadd %415, %413 (0xffffffff)
                div 32     %417 = ine32 %412, %14 (0x0)
                div 32     %418 = b2i32 %417
                div 32     %419 = ineg %418
                div 32     %420 = iadd %416, %419
                div 32     %421 = ineg %412
                div 32     %422 = iadd %413 (0xffffffff), %421
                div 32     %423 = ult32 %422, %413 (0xffffffff)
                div 32     %424 = b2i32 %423
                div 32     %425 = iadd %420, %424
                div 32     %426 = ige32 %396, %14 (0x0)
                div 32     %427 = ishr %396, %123 (0x14)
                div 32     %428 = b32csel %426, %427, %425
                div 32     %429 = b32csel %426, %399, %422
                con 32     %430 = load_const (0x000001a8 = 424)
                div 32     %431 = iadd %115, %430 (0x1a8)
                div 32x2   %432 = @load_ssbo (%25 (0x2), %431) (access=readonly|reorderable, align_mul=64, align_offset=40, offset_shift=0)
                div 32     %433 = umul_high %432.x, %429
                div 32     %434 = imul %432.x, %429
                div 32     %435 = imul %432.y, %429
                div 32     %436 = imul %432.x, %428
                div 32     %437 = iadd %436, %435
                div 32     %438 = iadd %433, %437
                div 64     %439 = @load_reg (%6) (base=0, legacy_fabs=0, legacy_fneg=0)
                div 32     %440 = unpack_64_2x32_split_x %439
                div 64     %441 = @load_reg (%6) (base=0, legacy_fabs=0, legacy_fneg=0)
                div 32     %442 = unpack_64_2x32_split_y %441
                div 32     %443 = iadd %440, %434
                div 32     %444 = iadd %442, %438
                div 32     %445 = ult32 %443, %440
                div 32     %446 = b2i32 %445
                div 32     %447 = iadd %446, %444
                div 64     %448 = pack_64_2x32_split %443, %447
                                  @store_reg (%448, %6) (base=0, wrmask=x, legacy_fsat=0)
                                  // succs: b25
            } else {
                div block b24:  // preds: b22, succs: b25
            }
            div block b25:        // preds: b23 b24
            div 32     %449 = umul_high %84, %210
            div 32     %450 = imul %84, %210
            div 32     %451 = imul %83, %210
            div 32     %452 = imul %84, %209
            div 32     %453 = iadd %452, %451
            div 32     %454 = iadd %449, %453
            div 32     %455 = iadd %84, %84
            div 32     %456 = imul %83, %455
            div 32     %457 = umul_high %84, %84
            div 32     %458 = iadd %457, %456
            div 32     %459 = imul %84, %84
            div 32     %460 = umul_high %459, %225
            div 32     %461 = imul %459, %225
            div 32     %462 = imul %458, %225
            div 32     %463 = imul %459, %224
            div 32     %464 = iadd %463, %462
            div 32     %465 = iadd %460, %464
            con 32     %466 = load_const (0x00000140 = 320)
            div 32     %467 = iadd %115, %466 (0x140)
            div 32x2   %468 = @load_ssbo (%25 (0x2), %467) (access=readonly|reorderable, align_mul=64, align_offset=0, offset_shift=0)
            div 32     %469 = umul_high %468.x, %450
            div 32     %470 = imul %468.x, %450
            div 32     %471 = imul %468.y, %450
            div 32     %472 = imul %468.x, %454
            div 32     %473 = iadd %472, %471
            div 32     %474 = iadd %469, %473
            div 64     %475 = @load_reg (%6) (base=0, legacy_fabs=0, legacy_fneg=0)
            div 32     %476 = unpack_64_2x32_split_x %475
            div 64     %477 = @load_reg (%6) (base=0, legacy_fabs=0, legacy_fneg=0)
            div 32     %478 = unpack_64_2x32_split_y %477
            div 32     %479 = iadd %476, %470
            div 32     %480 = iadd %478, %474
            div 32     %481 = ult32 %479, %476
            div 32     %482 = b2i32 %481
            div 32     %483 = iadd %482, %480
            div 32     %484 = ige32 %117.z, %25 (0x2)
                              // succs: b26 b27
            if %484 {
                div block b26:        // preds: b25
                con 32     %485 = load_const (0x00000178 = 376)
                div 32     %486 = iadd %115, %485 (0x178)
                div 32x2   %487 = @load_ssbo (%25 (0x2), %486) (access=readonly|reorderable, align_mul=64, align_offset=56, offset_shift=0)
                div 32     %488 = umul_high %487.x, %461
                div 32     %489 = imul %487.x, %461
                div 32     %490 = imul %487.y, %461
                div 32     %491 = imul %487.x, %465
                div 32     %492 = iadd %491, %490
                div 32     %493 = iadd %488, %492
                div 32     %494 = iadd %479, %489
                div 32     %495 = iadd %483, %493
                div 32     %496 = ult32 %494, %479
                div 32     %497 = b2i32 %496
                div 32     %498 = iadd %497, %495
                div 64     %499 = pack_64_2x32_split %494, %498
                                  @store_reg (%499, %7) (base=0, wrmask=x, legacy_fsat=0)
                                  // succs: b28
            } else {
                div block b27:        // preds: b25
                div 64     %500 = pack_64_2x32_split %479, %483
                                  @store_reg (%500, %7) (base=0, wrmask=x, legacy_fsat=0)
                                  // succs: b28
            }
            div block b28:        // preds: b26 b27
            div 32     %501 = ige32 %117.z, %31 (0x3)
                              // succs: b29 b30
            if %501 {
                div block b29:        // preds: b28
                div 32     %502 = umul_high %450, %461
                div 32     %503 = imul %450, %461
                div 32     %504 = imul %454, %461
                div 32     %505 = imul %450, %465
                div 32     %506 = iadd %505, %504
                div 32     %507 = iadd %502, %506
                div 32     %508 = ishl %507, %226 (0xc)
                div 32     %509 = ushr %503, %123 (0x14)
                div 32     %510 = ior %509, %508
                div 32     %511 = iadd %503, %33 (0x1)
                div 32     %512 = ult32 %511, %503
                div 32     %513 = b2i32 %512
                div 32     %514 = iadd %513, %507
                div 32     %515 = ineg %514
                div 32     %516 = ine32 %511, %14 (0x0)
                div 32     %517 = b2i32 %516
                div 32     %518 = ineg %517
                div 32     %519 = iadd %515, %518
                div 32     %520 = ishl %519, %226 (0xc)
                div 32     %521 = ineg %511
                div 32     %522 = ushr %521, %123 (0x14)
                div 32     %523 = ior %522, %520
                con 32     %524 = load_const (0xffffffff = -1 = 4294967295)
                div 32     %525 = ishr %519, %123 (0x14)
                div 32     %526 = ineg %525
                div 32     %527 = iadd %526, %524 (0xffffffff)
                div 32     %528 = ine32 %523, %14 (0x0)
                div 32     %529 = b2i32 %528
                div 32     %530 = ineg %529
                div 32     %531 = iadd %527, %530
                div 32     %532 = ineg %523
                div 32     %533 = iadd %524 (0xffffffff), %532
                div 32     %534 = ult32 %533, %524 (0xffffffff)
                div 32     %535 = b2i32 %534
                div 32     %536 = iadd %531, %535
                div 32     %537 = ige32 %507, %14 (0x0)
                div 32     %538 = ishr %507, %123 (0x14)
                div 32     %539 = b32csel %537, %538, %536
                div 32     %540 = b32csel %537, %510, %533
                con 32     %541 = load_const (0x000001b0 = 432)
                div 32     %542 = iadd %115, %541 (0x1b0)
                div 32x2   %543 = @load_ssbo (%25 (0x2), %542) (access=readonly|reorderable, align_mul=64, align_offset=48, offset_shift=0)
                div 32     %544 = umul_high %543.x, %540
                div 32     %545 = imul %543.x, %540
                div 32     %546 = imul %543.y, %540
                div 32     %547 = imul %543.x, %539
                div 32     %548 = iadd %547, %546
                div 32     %549 = iadd %544, %548
                div 64     %550 = @load_reg (%7) (base=0, legacy_fabs=0, legacy_fneg=0)
                div 32     %551 = unpack_64_2x32_split_x %550
                div 64     %552 = @load_reg (%7) (base=0, legacy_fabs=0, legacy_fneg=0)
                div 32     %553 = unpack_64_2x32_split_y %552
                div 32     %554 = iadd %551, %545
                div 32     %555 = iadd %553, %549
                div 32     %556 = ult32 %554, %551
                div 32     %557 = b2i32 %556
                div 32     %558 = iadd %557, %555
                div 64     %559 = pack_64_2x32_split %554, %558
                                  @store_reg (%559, %7) (base=0, wrmask=x, legacy_fsat=0)
                                  // succs: b31
            } else {
                div block b30:  // preds: b28, succs: b31
            }
            div block b31:        // preds: b29 b30
            div 32     %560 = umul_high %56, %70
            div 32     %561 = imul %56, %70
            div 32     %562 = imul %55, %70
            div 32     %563 = imul %56, %69
            div 32     %564 = iadd %563, %562
            div 32     %565 = iadd %560, %564
            div 32     %566 = umul_high %561, %225
            div 32     %567 = imul %561, %225
            div 32     %568 = imul %565, %225
            div 32     %569 = imul %561, %224
            div 32     %570 = iadd %569, %568
            div 32     %571 = iadd %566, %570
            con 32     %572 = iadd %225, %225
            div 32     %573 = imul %561, %572
            div 32     %574 = imul %571, %573
            div 32     %575 = umul_high %567, %567
            div 32     %576 = iadd %575, %574
            div 32     %577 = ishl %576, %226 (0xc)
            div 32     %578 = imul %567, %567
            div 32     %579 = ushr %578, %123 (0x14)
            div 32     %580 = ior %579, %577
            div 32     %581 = iadd %578, %33 (0x1)
            div 32     %582 = ult32 %581, %578
            div 32     %583 = b2i32 %582
            div 32     %584 = iadd %583, %576
            div 32     %585 = ineg %584
            div 32     %586 = ine32 %581, %14 (0x0)
            div 32     %587 = b2i32 %586
            div 32     %588 = ineg %587
            div 32     %589 = iadd %585, %588
            div 32     %590 = ishl %589, %226 (0xc)
            div 32     %591 = ineg %581
            div 32     %592 = ushr %591, %123 (0x14)
            div 32     %593 = ior %592, %590
            con 32     %594 = load_const (0xffffffff = -1 = 4294967295)
            div 32     %595 = ishr %589, %123 (0x14)
            div 32     %596 = ineg %595
            div 32     %597 = iadd %596, %594 (0xffffffff)
            div 32     %598 = ine32 %593, %14 (0x0)
            div 32     %599 = b2i32 %598
            div 32     %600 = ineg %599
            div 32     %601 = iadd %597, %600
            div 32     %602 = ineg %593
            div 32     %603 = iadd %594 (0xffffffff), %602
            div 32     %604 = ult32 %603, %594 (0xffffffff)
            div 32     %605 = b2i32 %604
            div 32     %606 = iadd %601, %605
            div 32     %607 = ige32 %576, %14 (0x0)
            div 32     %608 = ishr %576, %123 (0x14)
            div 32     %609 = b32csel %607, %608, %606
            div 32     %610 = b32csel %607, %580, %603
            con 32     %611 = load_const (0x00000148 = 328)
            div 32     %612 = iadd %115, %611 (0x148)
            div 32x2   %613 = @load_ssbo (%25 (0x2), %612) (access=readonly|reorderable, align_mul=64, align_offset=8, offset_shift=0)
            div 32     %614 = umul_high %613.x, %567
            div 32     %615 = imul %613.x, %567
            div 32     %616 = imul %613.y, %567
            div 32     %617 = imul %613.x, %571
            div 32     %618 = iadd %617, %616
            div 32     %619 = iadd %614, %618
            div 64     %620 = @load_reg (%7) (base=0, legacy_fabs=0, legacy_fneg=0)
            div 32     %621 = unpack_64_2x32_split_x %620
            div 64     %622 = @load_reg (%7) (base=0, legacy_fabs=0, legacy_fneg=0)
            div 32     %623 = unpack_64_2x32_split_y %622
            div 32     %624 = iadd %621, %615
            div 32     %625 = iadd %623, %619
            div 32     %626 = ult32 %624, %621
            div 32     %627 = b2i32 %626
            div 32     %628 = iadd %627, %625
            div 32     %629 = ige32 %117.z, %25 (0x2)
                              // succs: b32 b33
            if %629 {
                div block b32:        // preds: b31
                con 32     %630 = load_const (0x00000180 = 384)
                div 32     %631 = iadd %115, %630 (0x180)
                div 32x2   %632 = @load_ssbo (%25 (0x2), %631) (access=readonly|reorderable, align_mul=64, align_offset=0, offset_shift=0)
                div 32     %633 = umul_high %632.x, %610
                div 32     %634 = imul %632.x, %610
                div 32     %635 = imul %632.y, %610
                div 32     %636 = imul %632.x, %609
                div 32     %637 = iadd %636, %635
                div 32     %638 = iadd %633, %637
                div 32     %639 = iadd %624, %634
                div 32     %640 = iadd %628, %638
                div 32     %641 = ult32 %639, %624
                div 32     %642 = b2i32 %641
                div 32     %643 = iadd %642, %640
                div 64     %644 = pack_64_2x32_split %639, %643
                                  @store_reg (%644, %8) (base=0, wrmask=x, legacy_fsat=0)
                                  // succs: b34
            } else {
                div block b33:        // preds: b31
                div 64     %645 = pack_64_2x32_split %624, %628
                                  @store_reg (%645, %8) (base=0, wrmask=x, legacy_fsat=0)
                                  // succs: b34
            }
            div block b34:        // preds: b32 b33
            div 32     %646 = ige32 %117.z, %31 (0x3)
                              // succs: b35 b36
            if %646 {
                div block b35:        // preds: b34
                div 32     %647 = umul_high %567, %610
                div 32     %648 = imul %567, %610
                div 32     %649 = imul %571, %610
                div 32     %650 = imul %567, %609
                div 32     %651 = iadd %650, %649
                div 32     %652 = iadd %647, %651
                div 32     %653 = ishl %652, %226 (0xc)
                div 32     %654 = ushr %648, %123 (0x14)
                div 32     %655 = ior %654, %653
                div 32     %656 = iadd %648, %33 (0x1)
                div 32     %657 = ult32 %656, %648
                div 32     %658 = b2i32 %657
                div 32     %659 = iadd %658, %652
                div 32     %660 = ineg %659
                div 32     %661 = ine32 %656, %14 (0x0)
                div 32     %662 = b2i32 %661
                div 32     %663 = ineg %662
                div 32     %664 = iadd %660, %663
                div 32     %665 = ishl %664, %226 (0xc)
                div 32     %666 = ineg %656
                div 32     %667 = ushr %666, %123 (0x14)
                div 32     %668 = ior %667, %665
                div 32     %669 = ishr %664, %123 (0x14)
                div 32     %670 = ineg %669
                div 32     %671 = iadd %670, %594 (0xffffffff)
                div 32     %672 = ine32 %668, %14 (0x0)
                div 32     %673 = b2i32 %672
                div 32     %674 = ineg %673
                div 32     %675 = iadd %671, %674
                div 32     %676 = ineg %668
                div 32     %677 = iadd %594 (0xffffffff), %676
                div 32     %678 = ult32 %677, %594 (0xffffffff)
                div 32     %679 = b2i32 %678
                div 32     %680 = iadd %675, %679
                div 32     %681 = ige32 %652, %14 (0x0)
                div 32     %682 = ishr %652, %123 (0x14)
                div 32     %683 = b32csel %681, %682, %680
                div 32     %684 = b32csel %681, %655, %677
                con 32     %685 = load_const (0x000001b8 = 440)
                div 32     %686 = iadd %115, %685 (0x1b8)
                div 32x2   %687 = @load_ssbo (%25 (0x2), %686) (access=readonly|reorderable, align_mul=64, align_offset=56, offset_shift=0)
                div 32     %688 = umul_high %687.x, %684
                div 32     %689 = imul %687.x, %684
                div 32     %690 = imul %687.y, %684
                div 32     %691 = imul %687.x, %683
                div 32     %692 = iadd %691, %690
                div 32     %693 = iadd %688, %692
                div 64     %694 = @load_reg (%8) (base=0, legacy_fabs=0, legacy_fneg=0)
                div 32     %695 = unpack_64_2x32_split_x %694
                div 64     %696 = @load_reg (%8) (base=0, legacy_fabs=0, legacy_fneg=0)
                div 32     %697 = unpack_64_2x32_split_y %696
                div 32     %698 = iadd %695, %689
                div 32     %699 = iadd %697, %693
                div 32     %700 = ult32 %698, %695
                div 32     %701 = b2i32 %700
                div 32     %702 = iadd %701, %699
                div 64     %703 = pack_64_2x32_split %698, %702
                                  @store_reg (%703, %8) (base=0, wrmask=x, legacy_fsat=0)
                                  // succs: b37
            } else {
                div block b36:  // preds: b34, succs: b37
            }
            div block b37:        // preds: b35 b36
            div 32     %704 = umul_high %56, %84
            div 32     %705 = imul %56, %84
            div 32     %706 = imul %55, %84
            div 32     %707 = imul %56, %83
            div 32     %708 = iadd %707, %706
            div 32     %709 = iadd %704, %708
            div 32     %710 = umul_high %705, %225
            div 32     %711 = imul %705, %225
            div 32     %712 = imul %709, %225
            div 32     %713 = imul %705, %224
            div 32     %714 = iadd %713, %712
            div 32     %715 = iadd %710, %714
            div 32     %716 = imul %705, %572
            div 32     %717 = imul %715, %716
            div 32     %718 = umul_high %711, %711
            div 32     %719 = iadd %718, %717
            div 32     %720 = ishl %719, %226 (0xc)
            div 32     %721 = imul %711, %711
            div 32     %722 = ushr %721, %123 (0x14)
            div 32     %723 = ior %722, %720
            div 32     %724 = iadd %721, %33 (0x1)
            div 32     %725 = ult32 %724, %721
            div 32     %726 = b2i32 %725
            div 32     %727 = iadd %726, %719
            div 32     %728 = ineg %727
            div 32     %729 = ine32 %724, %14 (0x0)
            div 32     %730 = b2i32 %729
            div 32     %731 = ineg %730
            div 32     %732 = iadd %728, %731
            div 32     %733 = ishl %732, %226 (0xc)
            div 32     %734 = ineg %724
            div 32     %735 = ushr %734, %123 (0x14)
            div 32     %736 = ior %735, %733
            div 32     %737 = ishr %732, %123 (0x14)
            div 32     %738 = ineg %737
            div 32     %739 = iadd %738, %594 (0xffffffff)
            div 32     %740 = ine32 %736, %14 (0x0)
            div 32     %741 = b2i32 %740
            div 32     %742 = ineg %741
            div 32     %743 = iadd %739, %742
            div 32     %744 = ineg %736
            div 32     %745 = iadd %594 (0xffffffff), %744
            div 32     %746 = ult32 %745, %594 (0xffffffff)
            div 32     %747 = b2i32 %746
            div 32     %748 = iadd %743, %747
            div 32     %749 = ige32 %719, %14 (0x0)
            div 32     %750 = ishr %719, %123 (0x14)
            div 32     %751 = b32csel %749, %750, %748
            div 32     %752 = b32csel %749, %723, %745
            con 32     %753 = load_const (0x00000150 = 336)
            div 32     %754 = iadd %115, %753 (0x150)
            div 32x2   %755 = @load_ssbo (%25 (0x2), %754) (access=readonly|reorderable, align_mul=64, align_offset=16, offset_shift=0)
            div 32     %756 = umul_high %755.x, %711
            div 32     %757 = imul %755.x, %711
            div 32     %758 = imul %755.y, %711
            div 32     %759 = imul %755.x, %715
            div 32     %760 = iadd %759, %758
            div 32     %761 = iadd %756, %760
            div 64     %762 = @load_reg (%8) (base=0, legacy_fabs=0, legacy_fneg=0)
            div 32     %763 = unpack_64_2x32_split_x %762
            div 64     %764 = @load_reg (%8) (base=0, legacy_fabs=0, legacy_fneg=0)
            div 32     %765 = unpack_64_2x32_split_y %764
            div 32     %766 = iadd %763, %757
            div 32     %767 = iadd %765, %761
            div 32     %768 = ult32 %766, %763
            div 32     %769 = b2i32 %768
            div 32     %770 = iadd %769, %767
            div 32     %771 = ige32 %117.z, %25 (0x2)
                              // succs: b38 b39
            if %771 {
                div block b38:        // preds: b37
                con 32     %772 = load_const (0x00000188 = 392)
                div 32     %773 = iadd %115, %772 (0x188)
                div 32x2   %774 = @load_ssbo (%25 (0x2), %773) (access=readonly|reorderable, align_mul=64, align_offset=8, offset_shift=0)
                div 32     %775 = umul_high %774.x, %752
                div 32     %776 = imul %774.x, %752
                div 32     %777 = imul %774.y, %752
                div 32     %778 = imul %774.x, %751
                div 32     %779 = iadd %778, %777
                div 32     %780 = iadd %775, %779
                div 32     %781 = iadd %766, %776
                div 32     %782 = iadd %770, %780
                div 32     %783 = ult32 %781, %766
                div 32     %784 = b2i32 %783
                div 32     %785 = iadd %784, %782
                div 64     %786 = pack_64_2x32_split %781, %785
                                  @store_reg (%786, %9) (base=0, wrmask=x, legacy_fsat=0)
                                  // succs: b40
            } else {
                div block b39:        // preds: b37
                div 64     %787 = pack_64_2x32_split %766, %770
                                  @store_reg (%787, %9) (base=0, wrmask=x, legacy_fsat=0)
                                  // succs: b40
            }
            div block b40:        // preds: b38 b39
            div 32     %788 = ige32 %117.z, %31 (0x3)
                              // succs: b41 b42
            if %788 {
                div block b41:        // preds: b40
                div 32     %789 = umul_high %711, %752
                div 32     %790 = imul %711, %752
                div 32     %791 = imul %715, %752
                div 32     %792 = imul %711, %751
                div 32     %793 = iadd %792, %791
                div 32     %794 = iadd %789, %793
                div 32     %795 = ishl %794, %226 (0xc)
                div 32     %796 = ushr %790, %123 (0x14)
                div 32     %797 = ior %796, %795
                div 32     %798 = iadd %790, %33 (0x1)
                div 32     %799 = ult32 %798, %790
                div 32     %800 = b2i32 %799
                div 32     %801 = iadd %800, %794
                div 32     %802 = ineg %801
                div 32     %803 = ine32 %798, %14 (0x0)
                div 32     %804 = b2i32 %803
                div 32     %805 = ineg %804
                div 32     %806 = iadd %802, %805
                div 32     %807 = ishl %806, %226 (0xc)
                div 32     %808 = ineg %798
                div 32     %809 = ushr %808, %123 (0x14)
                div 32     %810 = ior %809, %807
                div 32     %811 = ishr %806, %123 (0x14)
                div 32     %812 = ineg %811
                div 32     %813 = iadd %812, %594 (0xffffffff)
                div 32     %814 = ine32 %810, %14 (0x0)
                div 32     %815 = b2i32 %814
                div 32     %816 = ineg %815
                div 32     %817 = iadd %813, %816
                div 32     %818 = ineg %810
                div 32     %819 = iadd %594 (0xffffffff), %818
                div 32     %820 = ult32 %819, %594 (0xffffffff)
                div 32     %821 = b2i32 %820
                div 32     %822 = iadd %817, %821
                div 32     %823 = ige32 %794, %14 (0x0)
                div 32     %824 = ishr %794, %123 (0x14)
                div 32     %825 = b32csel %823, %824, %822
                div 32     %826 = b32csel %823, %797, %819
                con 32     %827 = load_const (0x000001c0 = 448)
                div 32     %828 = iadd %115, %827 (0x1c0)
                div 32x2   %829 = @load_ssbo (%25 (0x2), %828) (access=readonly|reorderable, align_mul=64, align_offset=0, offset_shift=0)
                div 32     %830 = umul_high %829.x, %826
                div 32     %831 = imul %829.x, %826
                div 32     %832 = imul %829.y, %826
                div 32     %833 = imul %829.x, %825
                div 32     %834 = iadd %833, %832
                div 32     %835 = iadd %830, %834
                div 64     %836 = @load_reg (%9) (base=0, legacy_fabs=0, legacy_fneg=0)
                div 32     %837 = unpack_64_2x32_split_x %836
                div 64     %838 = @load_reg (%9) (base=0, legacy_fabs=0, legacy_fneg=0)
                div 32     %839 = unpack_64_2x32_split_y %838
                div 32     %840 = iadd %837, %831
                div 32     %841 = iadd %839, %835
                div 32     %842 = ult32 %840, %837
                div 32     %843 = b2i32 %842
                div 32     %844 = iadd %843, %841
                div 64     %845 = pack_64_2x32_split %840, %844
                                  @store_reg (%845, %9) (base=0, wrmask=x, legacy_fsat=0)
                                  // succs: b43
            } else {
                div block b42:  // preds: b40, succs: b43
            }
            div block b43:        // preds: b41 b42
            div 32     %846 = umul_high %70, %84
            div 32     %847 = imul %70, %84
            div 32     %848 = imul %69, %84
            div 32     %849 = imul %70, %83
            div 32     %850 = iadd %849, %848
            div 32     %851 = iadd %846, %850
            div 32     %852 = umul_high %847, %225
            div 32     %853 = imul %847, %225
            div 32     %854 = imul %851, %225
            div 32     %855 = imul %847, %224
            div 32     %856 = iadd %855, %854
            div 32     %857 = iadd %852, %856
            div 32     %858 = imul %847, %572
            div 32     %859 = imul %857, %858
            div 32     %860 = umul_high %853, %853
            div 32     %861 = iadd %860, %859
            div 32     %862 = ishl %861, %226 (0xc)
            div 32     %863 = imul %853, %853
            div 32     %864 = ushr %863, %123 (0x14)
            div 32     %865 = ior %864, %862
            div 32     %866 = iadd %863, %33 (0x1)
            div 32     %867 = ult32 %866, %863
            div 32     %868 = b2i32 %867
            div 32     %869 = iadd %868, %861
            div 32     %870 = ineg %869
            div 32     %871 = ine32 %866, %14 (0x0)
            div 32     %872 = b2i32 %871
            div 32     %873 = ineg %872
            div 32     %874 = iadd %870, %873
            div 32     %875 = ishl %874, %226 (0xc)
            div 32     %876 = ineg %866
            div 32     %877 = ushr %876, %123 (0x14)
            div 32     %878 = ior %877, %875
            div 32     %879 = ishr %874, %123 (0x14)
            div 32     %880 = ineg %879
            div 32     %881 = iadd %880, %594 (0xffffffff)
            div 32     %882 = ine32 %878, %14 (0x0)
            div 32     %883 = b2i32 %882
            div 32     %884 = ineg %883
            div 32     %885 = iadd %881, %884
            div 32     %886 = ineg %878
            div 32     %887 = iadd %594 (0xffffffff), %886
            div 32     %888 = ult32 %887, %594 (0xffffffff)
            div 32     %889 = b2i32 %888
            div 32     %890 = iadd %885, %889
            div 32     %891 = ige32 %861, %14 (0x0)
            div 32     %892 = ishr %861, %123 (0x14)
            div 32     %893 = b32csel %891, %892, %890
            div 32     %894 = b32csel %891, %865, %887
            con 32     %895 = load_const (0x00000158 = 344)
            div 32     %896 = iadd %115, %895 (0x158)
            div 32x2   %897 = @load_ssbo (%25 (0x2), %896) (access=readonly|reorderable, align_mul=64, align_offset=24, offset_shift=0)
            div 32     %898 = umul_high %897.x, %853
            div 32     %899 = imul %897.x, %853
            div 32     %900 = imul %897.y, %853
            div 32     %901 = imul %897.x, %857
            div 32     %902 = iadd %901, %900
            div 32     %903 = iadd %898, %902
            div 64     %904 = @load_reg (%9) (base=0, legacy_fabs=0, legacy_fneg=0)
            div 32     %905 = unpack_64_2x32_split_x %904
            div 64     %906 = @load_reg (%9) (base=0, legacy_fabs=0, legacy_fneg=0)
            div 32     %907 = unpack_64_2x32_split_y %906
            div 32     %908 = iadd %905, %899
            div 32     %909 = iadd %907, %903
            div 32     %910 = ult32 %908, %905
            div 32     %911 = b2i32 %910
            div 32     %912 = iadd %911, %909
            div 32     %913 = ige32 %117.z, %25 (0x2)
                              // succs: b44 b45
            if %913 {
                div block b44:        // preds: b43
                con 32     %914 = load_const (0x00000190 = 400)
                div 32     %915 = iadd %115, %914 (0x190)
                div 32x2   %916 = @load_ssbo (%25 (0x2), %915) (access=readonly|reorderable, align_mul=64, align_offset=16, offset_shift=0)
                div 32     %917 = umul_high %916.x, %894
                div 32     %918 = imul %916.x, %894
                div 32     %919 = imul %916.y, %894
                div 32     %920 = imul %916.x, %893
                div 32     %921 = iadd %920, %919
                div 32     %922 = iadd %917, %921
                div 32     %923 = iadd %908, %918
                div 32     %924 = iadd %912, %922
                div 32     %925 = ult32 %923, %908
                div 32     %926 = b2i32 %925
                div 32     %927 = iadd %926, %924
                div 64     %928 = pack_64_2x32_split %923, %927
                                  @store_reg (%928, %10) (base=0, wrmask=x, legacy_fsat=0)
                                  // succs: b46
            } else {
                div block b45:        // preds: b43
                div 64     %929 = pack_64_2x32_split %908, %912
                                  @store_reg (%929, %10) (base=0, wrmask=x, legacy_fsat=0)
                                  // succs: b46
            }
            div block b46:        // preds: b44 b45
            div 32     %930 = ige32 %117.z, %31 (0x3)
                              // succs: b47 b48
            if %930 {
                div block b47:        // preds: b46
                div 32     %931 = umul_high %853, %894
                div 32     %932 = imul %853, %894
                div 32     %933 = imul %857, %894
                div 32     %934 = imul %853, %893
                div 32     %935 = iadd %934, %933
                div 32     %936 = iadd %931, %935
                div 32     %937 = ishl %936, %226 (0xc)
                div 32     %938 = ushr %932, %123 (0x14)
                div 32     %939 = ior %938, %937
                div 32     %940 = iadd %932, %33 (0x1)
                div 32     %941 = ult32 %940, %932
                div 32     %942 = b2i32 %941
                div 32     %943 = iadd %942, %936
                div 32     %944 = ineg %943
                div 32     %945 = ine32 %940, %14 (0x0)
                div 32     %946 = b2i32 %945
                div 32     %947 = ineg %946
                div 32     %948 = iadd %944, %947
                div 32     %949 = ishl %948, %226 (0xc)
                div 32     %950 = ineg %940
                div 32     %951 = ushr %950, %123 (0x14)
                div 32     %952 = ior %951, %949
                div 32     %953 = ishr %948, %123 (0x14)
                div 32     %954 = ineg %953
                div 32     %955 = iadd %954, %594 (0xffffffff)
                div 32     %956 = ine32 %952, %14 (0x0)
                div 32     %957 = b2i32 %956
                div 32     %958 = ineg %957
                div 32     %959 = iadd %955, %958
                div 32     %960 = ineg %952
                div 32     %961 = iadd %594 (0xffffffff), %960
                div 32     %962 = ult32 %961, %594 (0xffffffff)
                div 32     %963 = b2i32 %962
                div 32     %964 = iadd %959, %963
                div 32     %965 = ige32 %936, %14 (0x0)
                div 32     %966 = ishr %936, %123 (0x14)
                div 32     %967 = b32csel %965, %966, %964
                div 32     %968 = b32csel %965, %939, %961
                con 32     %969 = load_const (0x000001c8 = 456)
                div 32     %970 = iadd %115, %969 (0x1c8)
                div 32x2   %971 = @load_ssbo (%25 (0x2), %970) (access=readonly|reorderable, align_mul=64, align_offset=8, offset_shift=0)
                div 32     %972 = umul_high %971.x, %968
                div 32     %973 = imul %971.x, %968
                div 32     %974 = imul %971.y, %968
                div 32     %975 = imul %971.x, %967
                div 32     %976 = iadd %975, %974
                div 32     %977 = iadd %972, %976
                div 64     %978 = @load_reg (%10) (base=0, legacy_fabs=0, legacy_fneg=0)
                div 32     %979 = unpack_64_2x32_split_x %978
                div 64     %980 = @load_reg (%10) (base=0, legacy_fabs=0, legacy_fneg=0)
                div 32     %981 = unpack_64_2x32_split_y %980
                div 32     %982 = iadd %979, %973
                div 32     %983 = iadd %981, %977
                div 32     %984 = ult32 %982, %979
                div 32     %985 = b2i32 %984
                div 32     %986 = iadd %985, %983
                div 64     %987 = pack_64_2x32_split %982, %986
                                  @store_reg (%987, %10) (base=0, wrmask=x, legacy_fsat=0)
                                  // succs: b49
            } else {
                div block b48:  // preds: b46, succs: b49
            }
            div block b49:        // preds: b47 b48
            div 32     %988 = umul_high %225, %84
            div 32     %989 = imul %225, %84
            div 32     %990 = imul %224, %84
            div 32     %991 = imul %225, %83
            div 32     %992 = iadd %991, %990
            div 32     %993 = iadd %988, %992
            div 32     %994 = umul_high %989, %210
            div 32     %995 = imul %989, %210
            div 32     %996 = imul %993, %210
            div 32     %997 = imul %989, %209
            div 32     %998 = iadd %997, %996
            div 32     %999 = iadd %994, %998
            div 32    %1000 = umul_high %561, %995
            div 32    %1001 = imul %561, %995
            div 32    %1002 = imul %565, %995
            div 32    %1003 = imul %561, %999
            div 32    %1004 = iadd %1003, %1002
            div 32    %1005 = iadd %1000, %1004
            div 32    %1006 = ishl %1005, %226 (0xc)
            div 32    %1007 = ushr %1001, %123 (0x14)
            div 32    %1008 = ior %1007, %1006
            div 32    %1009 = iadd %1001, %33 (0x1)
            div 32    %1010 = ult32 %1009, %1001
            div 32    %1011 = b2i32 %1010
            div 32    %1012 = iadd %1011, %1005
            div 32    %1013 = ineg %1012
            div 32    %1014 = ine32 %1009, %14 (0x0)
            div 32    %1015 = b2i32 %1014
            div 32    %1016 = ineg %1015
            div 32    %1017 = iadd %1013, %1016
            div 32    %1018 = ishl %1017, %226 (0xc)
            div 32    %1019 = ineg %1009
            div 32    %1020 = ushr %1019, %123 (0x14)
            div 32    %1021 = ior %1020, %1018
            div 32    %1022 = ishr %1017, %123 (0x14)
            div 32    %1023 = ineg %1022
            div 32    %1024 = iadd %1023, %594 (0xffffffff)
            div 32    %1025 = ine32 %1021, %14 (0x0)
            div 32    %1026 = b2i32 %1025
            div 32    %1027 = ineg %1026
            div 32    %1028 = iadd %1024, %1027
            div 32    %1029 = ineg %1021
            div 32    %1030 = iadd %594 (0xffffffff), %1029
            div 32    %1031 = ult32 %1030, %594 (0xffffffff)
            div 32    %1032 = b2i32 %1031
            div 32    %1033 = iadd %1028, %1032
            div 32    %1034 = ige32 %1005, %14 (0x0)
            div 32    %1035 = ishr %1005, %123 (0x14)
            div 32    %1036 = b32csel %1034, %1035, %1033
            div 32    %1037 = b32csel %1034, %1008, %1030
            div 32    %1038 = iadd %1037, %1037
            div 32    %1039 = imul %1036, %1038
            div 32    %1040 = umul_high %1037, %1037
            div 32    %1041 = iadd %1040, %1039
            div 32    %1042 = ishl %1041, %226 (0xc)
            div 32    %1043 = imul %1037, %1037
            div 32    %1044 = ushr %1043, %123 (0x14)
            div 32    %1045 = ior %1044, %1042
            div 32    %1046 = iadd %1043, %33 (0x1)
            div 32    %1047 = ult32 %1046, %1043
            div 32    %1048 = b2i32 %1047
            div 32    %1049 = iadd %1048, %1041
            div 32    %1050 = ineg %1049
            div 32    %1051 = ine32 %1046, %14 (0x0)
            div 32    %1052 = b2i32 %1051
            div 32    %1053 = ineg %1052
            div 32    %1054 = iadd %1050, %1053
            div 32    %1055 = ishl %1054, %226 (0xc)
            div 32    %1056 = ineg %1046
            div 32    %1057 = ushr %1056, %123 (0x14)
            div 32    %1058 = ior %1057, %1055
            div 32    %1059 = ishr %1054, %123 (0x14)
            div 32    %1060 = ineg %1059
            div 32    %1061 = iadd %1060, %594 (0xffffffff)
            div 32    %1062 = ine32 %1058, %14 (0x0)
            div 32    %1063 = b2i32 %1062
            div 32    %1064 = ineg %1063
            div 32    %1065 = iadd %1061, %1064
            div 32    %1066 = ineg %1058
            div 32    %1067 = iadd %594 (0xffffffff), %1066
            div 32    %1068 = ult32 %1067, %594 (0xffffffff)
            div 32    %1069 = b2i32 %1068
            div 32    %1070 = iadd %1065, %1069
            div 32    %1071 = ige32 %1041, %14 (0x0)
            div 32    %1072 = ishr %1041, %123 (0x14)
            div 32    %1073 = b32csel %1071, %1072, %1070
            div 32    %1074 = b32csel %1071, %1045, %1067
            con 32    %1075 = load_const (0x00000160 = 352)
            div 32    %1076 = iadd %115, %1075 (0x160)
            div 32x2  %1077 = @load_ssbo (%25 (0x2), %1076) (access=readonly|reorderable, align_mul=64, align_offset=32, offset_shift=0)
            div 32    %1078 = umul_high %1077.x, %1037
            div 32    %1079 = imul %1077.x, %1037
            div 32    %1080 = imul %1077.y, %1037
            div 32    %1081 = imul %1077.x, %1036
            div 32    %1082 = iadd %1081, %1080
            div 32    %1083 = iadd %1078, %1082
            div 64    %1084 = @load_reg (%10) (base=0, legacy_fabs=0, legacy_fneg=0)
            div 32    %1085 = unpack_64_2x32_split_x %1084
            div 64    %1086 = @load_reg (%10) (base=0, legacy_fabs=0, legacy_fneg=0)
            div 32    %1087 = unpack_64_2x32_split_y %1086
            div 32    %1088 = iadd %1085, %1079
            div 32    %1089 = iadd %1087, %1083
            div 32    %1090 = ult32 %1088, %1085
            div 32    %1091 = b2i32 %1090
            div 32    %1092 = iadd %1091, %1089
            div 32    %1093 = ige32 %117.z, %25 (0x2)
                              // succs: b50 b51
            if %1093 {
                div block b50:        // preds: b49
                con 32    %1094 = load_const (0x00000198 = 408)
                div 32    %1095 = iadd %115, %1094 (0x198)
                div 32x2  %1096 = @load_ssbo (%25 (0x2), %1095) (access=readonly|reorderable, align_mul=64, align_offset=24, offset_shift=0)
                div 32    %1097 = umul_high %1096.x, %1074
                div 32    %1098 = imul %1096.x, %1074
                div 32    %1099 = imul %1096.y, %1074
                div 32    %1100 = imul %1096.x, %1073
                div 32    %1101 = iadd %1100, %1099
                div 32    %1102 = iadd %1097, %1101
                div 32    %1103 = iadd %1088, %1098
                div 32    %1104 = iadd %1092, %1102
                div 32    %1105 = ult32 %1103, %1088
                div 32    %1106 = b2i32 %1105
                div 32    %1107 = iadd %1106, %1104
                div 64    %1108 = pack_64_2x32_split %1103, %1107
                                  @store_reg (%1108, %11) (base=0, wrmask=x, legacy_fsat=0)
                                  // succs: b52
            } else {
                div block b51:        // preds: b49
                div 64    %1109 = pack_64_2x32_split %1088, %1092
                                  @store_reg (%1109, %11) (base=0, wrmask=x, legacy_fsat=0)
                                  // succs: b52
            }
            div block b52:        // preds: b50 b51
            div 32    %1110 = ige32 %117.z, %31 (0x3)
                              // succs: b53 b54
            if %1110 {
                div block b53:        // preds: b52
                div 32    %1111 = umul_high %1037, %1074
                div 32    %1112 = imul %1037, %1074
                div 32    %1113 = imul %1036, %1074
                div 32    %1114 = imul %1037, %1073
                div 32    %1115 = iadd %1114, %1113
                div 32    %1116 = iadd %1111, %1115
                div 32    %1117 = ishl %1116, %226 (0xc)
                div 32    %1118 = ushr %1112, %123 (0x14)
                div 32    %1119 = ior %1118, %1117
                div 32    %1120 = iadd %1112, %33 (0x1)
                div 32    %1121 = ult32 %1120, %1112
                div 32    %1122 = b2i32 %1121
                div 32    %1123 = iadd %1122, %1116
                div 32    %1124 = ineg %1123
                div 32    %1125 = ine32 %1120, %14 (0x0)
                div 32    %1126 = b2i32 %1125
                div 32    %1127 = ineg %1126
                div 32    %1128 = iadd %1124, %1127
                div 32    %1129 = ishl %1128, %226 (0xc)
                div 32    %1130 = ineg %1120
                div 32    %1131 = ushr %1130, %123 (0x14)
                div 32    %1132 = ior %1131, %1129
                div 32    %1133 = ishr %1128, %123 (0x14)
                div 32    %1134 = ineg %1133
                div 32    %1135 = iadd %1134, %594 (0xffffffff)
                div 32    %1136 = ine32 %1132, %14 (0x0)
                div 32    %1137 = b2i32 %1136
                div 32    %1138 = ineg %1137
                div 32    %1139 = iadd %1135, %1138
                div 32    %1140 = ineg %1132
                div 32    %1141 = iadd %594 (0xffffffff), %1140
                div 32    %1142 = ult32 %1141, %594 (0xffffffff)
                div 32    %1143 = b2i32 %1142
                div 32    %1144 = iadd %1139, %1143
                div 32    %1145 = ige32 %1116, %14 (0x0)
                div 32    %1146 = ishr %1116, %123 (0x14)
                div 32    %1147 = b32csel %1145, %1146, %1144
                div 32    %1148 = b32csel %1145, %1119, %1141
                con 32    %1149 = load_const (0x000001d0 = 464)
                div 32    %1150 = iadd %115, %1149 (0x1d0)
                div 32x2  %1151 = @load_ssbo (%25 (0x2), %1150) (access=readonly|reorderable, align_mul=64, align_offset=16, offset_shift=0)
                div 32    %1152 = umul_high %1151.x, %1148
                div 32    %1153 = imul %1151.x, %1148
                div 32    %1154 = imul %1151.y, %1148
                div 32    %1155 = imul %1151.x, %1147
                div 32    %1156 = iadd %1155, %1154
                div 32    %1157 = iadd %1152, %1156
                div 64    %1158 = @load_reg (%11) (base=0, legacy_fabs=0, legacy_fneg=0)
                div 32    %1159 = unpack_64_2x32_split_x %1158
                div 64    %1160 = @load_reg (%11) (base=0, legacy_fabs=0, legacy_fneg=0)
                div 32    %1161 = unpack_64_2x32_split_y %1160
                div 32    %1162 = iadd %1159, %1153
                div 32    %1163 = iadd %1161, %1157
                div 32    %1164 = ult32 %1162, %1159
                div 32    %1165 = b2i32 %1164
                div 32    %1166 = iadd %1165, %1163
                div 64    %1167 = pack_64_2x32_split %1162, %1166
                                  @store_reg (%1167, %11) (base=0, wrmask=x, legacy_fsat=0)
                                  // succs: b55
            } else {
                div block b54:  // preds: b52, succs: b55
            }
            div block b55:  // preds: b53 b54, succs: b56
        }
        div block b56:        // preds: b12 b55
        div 64    %1168 = @load_reg (%11) (base=0, legacy_fabs=0, legacy_fneg=0)
        div 32    %1169 = unpack_64_2x32_split_y %1168
        div 64    %1170 = @load_reg (%11) (base=0, legacy_fabs=0, legacy_fneg=0)
        div 32    %1171 = unpack_64_2x32_split_x %1170
        con 32    %1172 = load_const (0x00000028 = 40)
        con 32x2  %1173 = @load_ssbo (%25 (0x2), %1172 (0x28)) (access=readonly|reorderable, align_mul=1073741824, align_offset=40, offset_shift=0)
        con 32    %1174 = iadd %1173.x, %16 (0x4)
        con 32    %1175 = iand %1174, %22 (0x3f)
        div 32    %1176 = ushr %1171, %1175
        div 32    %1177 = ishr %1169, %1175
        con 32    %1178 = iadd %1175, %124 (0xffffffe0)
        con 32    %1179 = iabs %1178
        div 32    %1180 = ishl %1169, %1179
        div 32    %1181 = ior %1176, %1180
        div 32    %1182 = ishr %1169, %1179
        con 32    %1183 = uge32 %1175, %119 (0x20)
        con 32    %1184 = load_const (0x0000001f = 31)
        div 32    %1185 = ishr %1169, %1184 (0x1f)
        div 32    %1186 = b32csel %1183, %1185, %1177
        div 32    %1187 = b32csel %1183, %1182, %1181
        con 32    %1188 = ieq32 %1175, %14 (0x0)
        div 32    %1189 = b32csel %1188, %1169, %1186
        div 32    %1190 = b32csel %1188, %1171, %1187
        div 32    %1191 = iadd %1171, %33 (0x1)
        div 32    %1192 = ult32 %1191, %1171
        div 32    %1193 = b2i32 %1192
        div 32    %1194 = iadd %1193, %1169
        div 32    %1195 = ineg %1194
        div 32    %1196 = ine32 %1191, %14 (0x0)
        div 32    %1197 = b2i32 %1196
        div 32    %1198 = ineg %1197
        div 32    %1199 = iadd %1195, %1198
        div 32    %1200 = ineg %1191
        div 32    %1201 = ushr %1200, %1175
        div 32    %1202 = ishr %1199, %1175
        div 32    %1203 = ishl %1199, %1179
        div 32    %1204 = ior %1201, %1203
        div 32    %1205 = ishr %1199, %1179
        div 32    %1206 = ishr %1199, %1184 (0x1f)
        div 32    %1207 = b32csel %1183, %1206, %1202
        div 32    %1208 = b32csel %1183, %1205, %1204
        div 32    %1209 = b32csel %1188, %1199, %1207
        div 32    %1210 = b32csel %1188, %1200, %1208
        con 32    %1211 = load_const (0xffffffff = -1 = 4294967295)
        div 32    %1212 = ineg %1209
        div 32    %1213 = iadd %1212, %1211 (0xffffffff)
        div 32    %1214 = ine32 %1210, %14 (0x0)
        div 32    %1215 = b2i32 %1214
        div 32    %1216 = ineg %1215
        div 32    %1217 = iadd %1213, %1216
        div 32    %1218 = ineg %1210
        div 32    %1219 = iadd %1211 (0xffffffff), %1218
        div 32    %1220 = ult32 %1219, %1211 (0xffffffff)
        div 32    %1221 = b2i32 %1220
        div 32    %1222 = iadd %1217, %1221
        div 32    %1223 = ige32 %1169, %14 (0x0)
        div 32    %1224 = b32csel %1223, %1189, %1222
        div 32    %1225 = b32csel %1223, %1190, %1219
        div 32    %1226 = ieq32 %14 (0x0), %1224
        con 32    %1227 = load_const (0x0000ffff = 65535)
        div 32    %1228 = ult32 %1227 (0xffff), %1225
        div 32    %1229 = iand %1226, %1228
        div 32    %1230 = ilt32 %14 (0x0), %1224
        div 32    %1231 = ior %1230, %1229
        div 32    %1232 = b32csel %1231, %1227 (0xffff), %1225
        div 32    %1233 = ilt32 %1224, %14 (0x0)
        div 32    %1234 = ior %1233, %1231
        div 32    %1235 = b32csel %1234, %14 (0x0), %1224
        div 32    %1236 = b32csel %1233, %14 (0x0), %1232
        con 32x2  %1237 = @load_ssbo (%25 (0x2), %28 (0x10)) (access=readonly|reorderable, align_mul=1073741824, align_offset=16, offset_shift=0)
        con 32    %1238 = ieq32 %1237.y, %14 (0x0)
        con 32    %1239 = ieq32 %1237.x, %33 (0x1)
        con 32    %1240 = iand %1238, %1239
                          // succs: b57 b61
        if %1240 {
            div block b57:        // preds: b56
            con 32    %1241 = load_const (0x00000038 = 56)
            con 32x2  %1242 = @load_ssbo (%25 (0x2), %1241 (0x38)) (access=readonly|reorderable, align_mul=1073741824, align_offset=56, offset_shift=0)
            con 32    %1243 = ineg %1242.y
            con 32    %1244 = ine32 %1242.x, %14 (0x0)
            con 32    %1245 = b2i32 %1244
            con 32    %1246 = ineg %1245
            con 32    %1247 = iadd %1243, %1246
            con 32    %1248 = ineg %1242.x
            div 32    %1249 = iadd %35.w, %1248
            div 32    %1250 = ult32 %1249, %35.w
            div 32    %1251 = b2i32 %1250
            div 32    %1252 = iadd %1251, %1247
            div 32    %1253 = ior %1249, %1252
            div 32    %1254 = ine32 %1253, %14 (0x0)
                              // succs: b58 b59
            if %1254 {
                div block b58:        // preds: b57
                div 32    %1255 = ieq32 %14 (0x0), %1252
                div 32    %1256 = ine32 %1249, %14 (0x0)
                div 32    %1257 = iand %1255, %1256
                div 32    %1258 = ilt32 %14 (0x0), %1252
                div 32    %1259 = ior %1258, %1257
                con 32    %1260 = load_const (0x00000030 = 48)
                con 32x2  %1261 = @load_ssbo (%25 (0x2), %1260 (0x30)) (access=readonly|reorderable, align_mul=1073741824, align_offset=48, offset_shift=0)
                con 32    %1262 = ineg %1261.x
                con 32    %1263 = load_const (0x0000000a = 10)
                con 32    %1264 = iadd %1263 (0xa), %1262
                con 32    %1265 = iand %1264, %22 (0x3f)
                con 32    %1266 = uge32 %1265, %119 (0x20)
                con 32    %1267 = iadd %1265, %124 (0xffffffe0)
                con 32    %1268 = iabs %1267
                con 32    %1269 = ushr %33 (0x1), %1268
                con 32    %1270 = ishl %33 (0x1), %1268
                con 32    %1271 = b32csel %1266, %1270, %1269
                con 32    %1272 = ishl %33 (0x1), %1265
                con 32    %1273 = b32csel %1266, %14 (0x0), %1272
                con 32    %1274 = ieq32 %1265, %14 (0x0)
                con 32    %1275 = b32csel %1274, %14 (0x0), %1271
                con 32    %1276 = b32csel %1274, %33 (0x1), %1273
                con 32    %1277 = ushr %1276, %1184 (0x1f)
                con 32    %1278 = ishl %1275, %33 (0x1)
                con 32    %1279 = ior %1278, %1277
                con 32    %1280 = load_const (0x00000050 = 80)
                con 32x2  %1281 = @load_ssbo (%25 (0x2), %1280 (0x50)) (access=readonly|reorderable, align_mul=1073741824, align_offset=80, offset_shift=0)
                con 32    %1282 = ishl %1276, %33 (0x1)
                con 32    %1283 = umul_high %1282, %1281.x
                con 32    %1284 = imul %1282, %1281.x
                con 32    %1285 = imul %1279, %1281.x
                con 32    %1286 = imul %1282, %1281.y
                con 32    %1287 = iadd %1286, %1285
                con 32    %1288 = iadd %1283, %1287
                div 32    %1289 = ushr %1249, %1184 (0x1f)
                div 32    %1290 = ishl %1252, %33 (0x1)
                div 32    %1291 = ior %1290, %1289
                div 32    %1292 = b32csel %1259, %1211 (0xffffffff), %33 (0x1)
                div 32    %1293 = ishl %1249, %33 (0x1)
                div 32    %1294 = iadd %1293, %1292
                div 32    %1295 = b2i32 %1259
                div 32    %1296 = ineg %1295
                div 32    %1297 = iadd %1291, %1296
                div 32    %1298 = ult32 %1294, %1293
                div 32    %1299 = b2i32 %1298
                div 32    %1300 = iadd %1299, %1297
                con 32    %1301 = load_const (0x00000040 = 64)
                con 32x4  %1302 = @load_ssbo_uniform_block_intel (%25 (0x2), %1301 (0x40)) (access=readonly|reorderable, align_mul=1073741824, align_offset=64, base=0)
                div 32    %1303 = umul_high %1294, %1302.x
                div 32    %1304 = imul %1294, %1302.x
                div 32    %1305 = imul %1300, %1302.x
                div 32    %1306 = imul %1294, %1302.y
                div 32    %1307 = iadd %1306, %1305
                div 32    %1308 = iadd %1303, %1307
                div 32    %1309 = b32csel %1259, %25 (0x2), %89 (0xfffffffe)
                div 32    %1310 = umul_high %1309, %1302.z
                div 32    %1311 = imul %1309, %1302.z
                div 32    %1312 = b32csel %1259, %14 (0x0), %1302.z
                div 32    %1313 = imul %1309, %1302.w
                div 32    %1314 = ineg %1312
                div 32    %1315 = iadd %1313, %1314
                div 32    %1316 = iadd %1310, %1315
                div 32    %1317 = iadd %1304, %1311
                div 32    %1318 = iadd %1308, %1316
                div 32    %1319 = ult32 %1317, %1304
                div 32    %1320 = b2i32 %1319
                div 32    %1321 = iadd %1320, %1318
                div 32    %1322 = umul_high %1317, %1276
                div 32    %1323 = imul %1317, %1276
                div 32    %1324 = imul %1321, %1276
                div 32    %1325 = imul %1317, %1275
                div 32    %1326 = iadd %1325, %1324
                div 32    %1327 = iadd %1322, %1326
                con 32    %1328 = ineg %1288
                con 32    %1329 = ine32 %1284, %14 (0x0)
                con 32    %1330 = b2i32 %1329
                con 32    %1331 = ineg %1330
                con 32    %1332 = iadd %1328, %1331
                div 32    %1333 = ieq32 %1327, %1332
                con 32    %1334 = ineg %1284
                div 32    %1335 = ult32 %1323, %1334
                div 32    %1336 = iand %1333, %1335
                div 32    %1337 = ilt32 %1327, %1332
                div 32    %1338 = ior %1337, %1336
                div 32    %1339 = ieq32 %1288, %1327
                div 32    %1340 = ult32 %1284, %1323
                div 32    %1341 = iand %1339, %1340
                div 32    %1342 = ilt32 %1288, %1327
                div 32    %1343 = ior %1342, %1341
                div 32    %1344 = b32csel %1343, %1288, %1327
                div 32    %1345 = b32csel %1343, %1284, %1323
                div 32    %1346 = b32csel %1338, %1332, %1344
                div 32    %1347 = b32csel %1338, %1334, %1345
                con 32    %1348 = load_const (0xfffffffb = -5 = 4294967291)
                con 32    %1349 = iadd %1173.x, %1348 (0xfffffffb)
                con 32    %1350 = iadd %1349, %1262
                con 32    %1351 = iand %1350, %22 (0x3f)
                div 32    %1352 = ushr %1347, %1351
                div 32    %1353 = ishr %1346, %1351
                con 32    %1354 = iadd %1351, %124 (0xffffffe0)
                con 32    %1355 = iabs %1354
                div 32    %1356 = ishl %1346, %1355
                div 32    %1357 = ior %1352, %1356
                div 32    %1358 = ishr %1346, %1355
                con 32    %1359 = uge32 %1351, %119 (0x20)
                div 32    %1360 = ishr %1346, %1184 (0x1f)
                div 32    %1361 = b32csel %1359, %1360, %1353
                div 32    %1362 = b32csel %1359, %1358, %1357
                con 32    %1363 = ieq32 %1351, %14 (0x0)
                div 32    %1364 = b32csel %1363, %1346, %1361
                div 32    %1365 = b32csel %1363, %1347, %1362
                div 32    %1366 = iadd %1347, %33 (0x1)
                div 32    %1367 = ult32 %1366, %1347
                div 32    %1368 = b2i32 %1367
                div 32    %1369 = iadd %1368, %1346
                div 32    %1370 = ineg %1369
                div 32    %1371 = ine32 %1366, %14 (0x0)
                div 32    %1372 = b2i32 %1371
                div 32    %1373 = ineg %1372
                div 32    %1374 = iadd %1370, %1373
                div 32    %1375 = ineg %1366
                div 32    %1376 = ushr %1375, %1351
                div 32    %1377 = ishr %1374, %1351
                div 32    %1378 = ishl %1374, %1355
                div 32    %1379 = ior %1376, %1378
                div 32    %1380 = ishr %1374, %1355
                div 32    %1381 = ishr %1374, %1184 (0x1f)
                div 32    %1382 = b32csel %1359, %1381, %1377
                div 32    %1383 = b32csel %1359, %1380, %1379
                div 32    %1384 = b32csel %1363, %1374, %1382
                div 32    %1385 = b32csel %1363, %1375, %1383
                div 32    %1386 = ineg %1384
                div 32    %1387 = iadd %1386, %1211 (0xffffffff)
                div 32    %1388 = ine32 %1385, %14 (0x0)
                div 32    %1389 = b2i32 %1388
                div 32    %1390 = ineg %1389
                div 32    %1391 = iadd %1387, %1390
                div 32    %1392 = ineg %1385
                div 32    %1393 = iadd %1211 (0xffffffff), %1392
                div 32    %1394 = ult32 %1393, %1211 (0xffffffff)
                div 32    %1395 = b2i32 %1394
                div 32    %1396 = iadd %1391, %1395
                div 32    %1397 = ige32 %1346, %14 (0x0)
                div 32    %1398 = b32csel %1397, %1364, %1396
                div 32    %1399 = b32csel %1397, %1365, %1393
                div 64    %1400 = pack_64_2x32_split %1399, %1398
                                  @store_reg (%1400, %12) (base=0, wrmask=x, legacy_fsat=0)
                                  // succs: b60
            } else {
                div block b59:        // preds: b57
                con 64    %1401 = mov %122 (0x0)
                                  @store_reg (%1401, %12) (base=0, wrmask=x, legacy_fsat=0)
                                  // succs: b60
            }
            div block b60:  // preds: b58 b59, succs: b62
        } else {
            div block b61:        // preds: b56
            con 64    %1402 = mov %122 (0x0)
                              @store_reg (%1402, %12) (base=0, wrmask=x, legacy_fsat=0)
                              // succs: b62
        }
        div block b62:        // preds: b60 b61
        div 64    %1403 = @load_reg (%12) (base=0, legacy_fabs=0, legacy_fneg=0)
        div 32    %1404 = unpack_64_2x32_split_x %1403
        div 64    %1405 = @load_reg (%12) (base=0, legacy_fabs=0, legacy_fneg=0)
        div 32    %1406 = unpack_64_2x32_split_y %1405
        div 32    %1407 = iadd %1236, %1404
        div 32    %1408 = iadd %1235, %1406
        div 32    %1409 = ult32 %1407, %1236
        div 32    %1410 = b2i32 %1409
        div 32    %1411 = iadd %1410, %1408
        con 32x2  %1412 = @load_ssbo (%25 (0x2), %121 (0x18)) (access=readonly|reorderable, align_mul=1073741824, align_offset=24, offset_shift=0)
        con 32    %1413 = ineg %1412.x
        con 32    %1414 = load_const (0x0000000f = 15)
        con 32    %1415 = iadd %1414 (0xf), %1413
        con 32    %1416 = iand %1415, %22 (0x3f)
        con 32    %1417 = uge32 %1416, %119 (0x20)
        con 32    %1418 = iadd %1416, %124 (0xffffffe0)
        con 32    %1419 = iabs %1418
        con 32    %1420 = ushr %33 (0x1), %1419
        con 32    %1421 = ishl %33 (0x1), %1419
        con 32    %1422 = b32csel %1417, %1421, %1420
        con 32    %1423 = ishl %33 (0x1), %1416
        con 32    %1424 = b32csel %1417, %14 (0x0), %1423
        con 32    %1425 = ieq32 %1416, %14 (0x0)
        con 32    %1426 = b32csel %1425, %14 (0x0), %1422
        con 32    %1427 = b32csel %1425, %33 (0x1), %1424
        div 32    %1428 = iadd %1407, %1427
        div 32    %1429 = iadd %1411, %1426
        div 32    %1430 = ult32 %1428, %1407
        div 32    %1431 = b2i32 %1430
        div 32    %1432 = iadd %1431, %1429
        con 32    %1433 = iadd %28 (0x10), %1413
        con 32    %1434 = iand %1433, %22 (0x3f)
        div 32    %1435 = ushr %1428, %1434
        div 32    %1436 = ishr %1432, %1434
        con 32    %1437 = iadd %1434, %124 (0xffffffe0)
        con 32    %1438 = iabs %1437
        div 32    %1439 = ishl %1432, %1438
        div 32    %1440 = ior %1435, %1439
        div 32    %1441 = ishr %1432, %1438
        con 32    %1442 = uge32 %1434, %119 (0x20)
        div 32    %1443 = ishr %1432, %1184 (0x1f)
        div 32    %1444 = b32csel %1442, %1443, %1436
        div 32    %1445 = b32csel %1442, %1441, %1440
        con 32    %1446 = ieq32 %1434, %14 (0x0)
        div 32    %1447 = b32csel %1446, %1432, %1444
        div 32    %1448 = b32csel %1446, %1428, %1445
        div 32    %1449 = iadd %1428, %33 (0x1)
        div 32    %1450 = ult32 %1449, %1428
        div 32    %1451 = b2i32 %1450
        div 32    %1452 = iadd %1451, %1432
        div 32    %1453 = ineg %1452
        div 32    %1454 = ine32 %1449, %14 (0x0)
        div 32    %1455 = b2i32 %1454
        div 32    %1456 = ineg %1455
        div 32    %1457 = iadd %1453, %1456
        div 32    %1458 = ineg %1449
        div 32    %1459 = ushr %1458, %1434
        div 32    %1460 = ishr %1457, %1434
        div 32    %1461 = ishl %1457, %1438
        div 32    %1462 = ior %1459, %1461
        div 32    %1463 = ishr %1457, %1438
        div 32    %1464 = ishr %1457, %1184 (0x1f)
        div 32    %1465 = b32csel %1442, %1464, %1460
        div 32    %1466 = b32csel %1442, %1463, %1462
        div 32    %1467 = b32csel %1446, %1457, %1465
        div 32    %1468 = b32csel %1446, %1458, %1466
        div 32    %1469 = ineg %1467
        div 32    %1470 = iadd %1469, %1211 (0xffffffff)
        div 32    %1471 = ine32 %1468, %14 (0x0)
        div 32    %1472 = b2i32 %1471
        div 32    %1473 = ineg %1472
        div 32    %1474 = iadd %1470, %1473
        div 32    %1475 = ineg %1468
        div 32    %1476 = iadd %1211 (0xffffffff), %1475
        div 32    %1477 = ult32 %1476, %1211 (0xffffffff)
        div 32    %1478 = b2i32 %1477
        div 32    %1479 = iadd %1474, %1478
        div 32    %1480 = ige32 %1432, %14 (0x0)
        div 32    %1481 = b32csel %1480, %1447, %1479
        div 32    %1482 = b32csel %1480, %1448, %1476
        con 32    %1483 = iand %1412.x, %22 (0x3f)
        con 32    %1484 = uge32 %1483, %119 (0x20)
        con 32    %1485 = iadd %1483, %124 (0xffffffe0)
        con 32    %1486 = iabs %1485
        con 32    %1487 = ushr %33 (0x1), %1486
        con 32    %1488 = ishl %33 (0x1), %1486
        con 32    %1489 = b32csel %1484, %1488, %1487
        con 32    %1490 = ishl %33 (0x1), %1483
        con 32    %1491 = b32csel %1484, %14 (0x0), %1490
        con 32    %1492 = ieq32 %1483, %14 (0x0)
        con 32    %1493 = b32csel %1492, %33 (0x1), %1491
        con 32    %1494 = iadd %1489, %1211 (0xffffffff)
        con 32    %1495 = b32csel %1492, %1211 (0xffffffff), %1494
        con 32    %1496 = iadd %1493, %1211 (0xffffffff)
        con 32    %1497 = ult32 %1496, %1493
        con 32    %1498 = b2i32 %1497
        con 32    %1499 = iadd %1498, %1495
        div 32    %1500 = ieq32 %1499, %1481
        div 32    %1501 = ult32 %1496, %1482
        div 32    %1502 = iand %1500, %1501
        div 32    %1503 = ilt32 %1499, %1481
        div 32    %1504 = ior %1503, %1502
        div 32    %1505 = b32csel %1504, %1496, %1482
        div 32    %1506 = ilt32 %1481, %14 (0x0)
        div 32    %1507 = b32csel %1506, %14 (0x0), %1505
        div 32x4  %1508 = vec4 %1236, %1404, %1407, %1507
                          @store_ssbo (%1508, %14 (0x0), %34) (wrmask=xyzw, access=writeonly, align_mul=16, align_offset=0, offset_shift=0)
                          // succs: b64
    } else {
        div block b63:  // preds: b0, succs: b64
    }
    con block b64:  // preds: b62 b63, succs: b65
    block b65:
}

Native code for unnamed compute shader GLSL2 (src_hash 0x00000000225dad7f) (blake3 a1cf5d09d5266f091492d273b14beb5b8252fabd359c5a0eeec506c0c00c8c64)
SIMD16 shader: 1909 instructions. 2 loops. 18430 cycles. 0:0 spills:fills, 39 sends, scheduled with mode top-down. Promoted 2 constants. GRF registers: 128. Non-SSA regs (after NIR): 65. Compacted 31360 to 26512 bytes (15%)
(W)     mov (8)                   r100          r0.1<0>
(W)     shl (8)                   r95:d         r1<0>:d           0x00000004
        mov (16)                  r102:d        0:d
(W)     shl (8)                   r101:d        r100<0>:d         0x00000006      {@3}
(W)     mov (8)                   r98:uw        0x76543210:v
        send.hdc1 (16)            r106    r102   null    0x00000000  0x04405C02   {@3,$0}  // wr:2+0, rd:4; untyped_read:xy simd16 (16) bti(2)
(W)     add (8)                   r98.8:uw      r98:uw            8:uw            {Compacted,@1}
(W)     sync.nop (1)                            null                              {@1}
        mov (16)                  r96           r98:uw
(W)     sync.nop (1)                            null                              {@1}
        add (16)                  r99:d         r96:d             r95<0>:d        {Compacted}
(W)     sync.nop (1)                            null                              {$0.src}
        and (16)                  r102          r99               0x0000003f      {Compacted,@1}
(W)     sync.nop (1)                            null                              {@1}
        add (16)                  r104:d        r101<0>:d         r102:d          {Compacted}
        cmp (16)       (lt)f0.0   null          r104              r106            {@1,$0.dst}
(f0.0)  if (16)                               jip:L33             uip:L33
        mov (16)                  r111:d        8:d
        shl (16)                  r44:d         r104:d            0x00000004
(W)     mov (8)                   r113          0x00000000
        mov (16)                  r114:d        136:d
        mov (16)                  r71           0x00000098
        mov (16)                  r73           0x00000000
(W)     sync.nop (1)                            null                              {$0.dst}
        send.hdc1 (16)            r107    r111   null    0x00000000  0x04405C02   {@6,$1}  // wr:2+0, rd:4; untyped_read:xy simd16 (16) bti(2)
(W)     sync.nop (1)                            null                              {@5}
        send.hdc1 (16)            r1      r44    null    0x00000000  0x04805001   {$2}  // wr:2+0, rd:8; untyped_read:xyzw simd16 (16) bti(1)
(W)     mov (1)                   r113.2        88:d                              {@4}
        send.hdc1 (16)            r64     r114   null    0x00000000  0x04405C02   {@4,$3}  // wr:2+0, rd:4; untyped_read:xy simd16 (16) bti(2)
(W)     send.hdc0 (16)            r117    r113   null    0x00000000  0x02284302   {@1,$4}  // wr:1h+0, rd:2; oword_unaligned_block_read:owords4 (16) bti(2)
        cmp (16)       (lt)f0.0   null:d        r107:d            3:d             {$1.dst}
        add (16)                  r58:d         r64:d             -2:d            {Compacted,$3.dst}
(f0.0)  sel (16)                  r111          r5                r7              {Compacted,$2.dst}
        cmp (16)       (lt)f0.0   null:d        r107:d            1:d
(W)     sync.nop (1)                            null                              {$4.src}
(f0.0)  sel (16)                  r113          r1                r3              {Compacted}
        cmp (16)       (lt)f0.0   null:d        r107:d            2:d
(f0.0)  sel (16)                  r115          r113              r111            {Compacted,@2}
(W)     cmp (8)        (eq)f0.1   r119:d        r117.1<0>:d       0:d             {$4.dst}
        cmp (16)       (lt)f0.1   r120          r1                r117<0>
(W)     cmp (8)        (gt)f0.1   r124:d        r117.1<0>:d       0:d
(W)     cmp (8)        (eq)f0.1   r127:d        r117.3<0>:d       0:d
        cmp (16)       (lt)f0.1   r9            r117.2<0>         r1
(W)     asr (8)                   r13:d         r117.3<0>:d       31:w            {Compacted}
(W)     sync.nop (1)                            null                              {@5}
        and (16)                  r122          r119<0>           r120            {Compacted}
(W)     sync.nop (1)                            null                              {@3}
        and (16)                  r11           r127<0>           r9              {Compacted}
(W)     sync.nop (1)                            null                              {@2}
        or (16)                   r125          r124<0>           r122            {Compacted}
(W)     sync.nop (1)                            null                              {@2}
        or (16)        (ne)f0.0   null          r13<0>            r11
(f0.0)  sel (16)                  r14           r117.3<0>         0x00000000      {Compacted}
(f0.0)  sel (16)                  r16           r117.2<0>         r1              {Compacted}
        cmp (16)       (ne)f0.0   null:d        r125:d            0:d             {@4}
(f0.0)  sel (16)                  r46           r117.1<0>         r14             {Compacted,@3}
(f0.0)  sel (16)                  r48           r117<0>           r16             {Compacted,@3}
(W)     cmp (8)        (eq)f0.1   r17:d         r117.5<0>:d       0:d
        cmp (16)       (lt)f0.1   r18           r3                r117.4<0>
(W)     cmp (8)        (gt)f0.1   r22:d         r117.5<0>:d       0:d
(W)     cmp (8)        (eq)f0.1   r25:d         r117.7<0>:d       0:d
        cmp (16)       (lt)f0.1   r26           r117.6<0>         r3
(W)     asr (8)                   r30:d         r117.7<0>:d       31:w            {Compacted}
(W)     sync.nop (1)                            null                              {@5}
        and (16)                  r20           r17<0>            r18             {Compacted}
(W)     sync.nop (1)                            null                              {@3}
        and (16)                  r28           r25<0>            r26             {Compacted}
(W)     sync.nop (1)                            null                              {@2}
        or (16)                   r23           r22<0>            r20             {Compacted}
(W)     sync.nop (1)                            null                              {@2}
        or (16)        (ne)f0.0   null          r30<0>            r28
(f0.0)  sel (16)                  r31           r117.7<0>         0x00000000      {Compacted}
(f0.0)  sel (16)                  r33           r117.6<0>         r3              {Compacted}
        cmp (16)       (ne)f0.0   null:d        r23:d             0:d             {@4}
(f0.0)  sel (16)                  r50           r117.5<0>         r31             {Compacted,@3}
(f0.0)  sel (16)                  r52           r117.4<0>         r33             {Compacted,@3}
(W)     cmp (8)        (eq)f0.1   r34:d         r118.1<0>:d       0:d
        cmp (16)       (lt)f0.1   r35           r5                r118<0>
(W)     cmp (8)        (gt)f0.1   r39:d         r118.1<0>:d       0:d
(W)     cmp (8)        (eq)f0.1   r42:d         r118.3<0>:d       0:d
        cmp (16)       (lt)f0.1   r54           r118.2<0>         r5
(W)     asr (8)                   r60:d         r118.3<0>:d       31:w            {Compacted}
(W)     sync.nop (1)                            null                              {@5}
        and (16)                  r37           r34<0>            r35             {Compacted}
(W)     sync.nop (1)                            null                              {@3}
        and (16)                  r56           r42<0>            r54             {Compacted}
(W)     sync.nop (1)                            null                              {@2}
        or (16)                   r40           r39<0>            r37             {Compacted}
(W)     sync.nop (1)                            null                              {@2}
        or (16)        (ne)f0.0   null          r60<0>            r56
(f0.0)  sel (16)                  r61           r118.3<0>         0x00000000      {Compacted}
(f0.0)  sel (16)                  r63           r118.2<0>         r5              {Compacted}
        cmp (16)       (ne)f0.0   null:d        r40:d             0:d             {@4}
(f0.0)  sel (16)                  r54           r118.1<0>         r61             {Compacted,@3}
(f0.0)  sel (16)                  r56           r118<0>           r63             {Compacted,@3}

L0:
(W)     sync.nop (1)                            null                              {$3.dst}
        send.hdc1 (16)            r65     r71    null    0x00000000  0x04405C02   {@2,$5}  // wr:2+0, rd:4; untyped_read:xy simd16 (16) bti(2)
        cmp (16)       (eq)f0.1   r69:d         r67:d             0:d             {$5.dst}
        cmp (16)       (lt)f0.1   r75           r115              r65             {@7}
        cmp (16)       (gt)f0.1   r79:d         r67:d             0:d
        cmp (16)       (lt)f0.0   null:d        r73:d             r58:d           {@6}
        and (16)                  r77           r69               r75             {Compacted,@3}
        or (16)                   r81           r79               r77             {Compacted,@1}
(f0.0)  mov (16)       (eq)f0.0   null          r81:d                             {@1}
(~f0.0) if (16)                               jip:L1              uip:L1
        break (16)                            jip:L1              uip:L2

L1:
        endif (16)                            L2
        shl (16)                  r82:d         r73:d             0x00000003
        add (16)                  r73:d         r73:d             1:d             {Compacted}
(W)     sync.nop (1)                            null                              {$5.src}
        add (16)                  r71:d         r82:d             160:d           {Compacted,@2}

L2:
        while (16)                            L0
        mul (16)                  r59:d         r73:d             192:w           {Compacted,@6}
        mov (16)                  r115:d        32:d                              {@7}
(W)     mov (1)                   r38:d         1:d
        add (16)                  r83:d         r59:d             280:d           {Compacted,@3}
        send.hdc1 (16)            r61     r115   null    0x00000000  0x04405C02   {@3,$6}  // wr:2+0, rd:4; untyped_read:xy simd16 (16) bti(2)
(W)     mov (8)                   r65.1<2>:f    0x00000000:f                      {$3.dst}
        send.hdc1 (16)            r9      r83    null    0x00000000  0x04805002   {@2,$7}  // wr:2+0, rd:8; untyped_read:xyzw simd16 (16) bti(2)
(W)     mov (8)                   r65<2>:f      0x00000000:f                      {@1}
        or (16)        (eq)f0.0   null          r9                r11             {$7.dst}
(f0.0)  if (16)                               jip:L5              uip:L27
        cmp (16)       (eq)f0.0   null:d        r107:d            1:d
        mul (16)                  r94:d         r73:d             24:w            {Compacted}
        mov (16)                  r74           0x00000000
(f0.0)  sel (16)                  r84           r50               r54             {Compacted,$7.src}
(f0.0)  sel (16)                  r88           r52               r56             {Compacted}
(W)     mov (8)                   r96.1<2>:f    0x00000000:f
(W)     sync.nop (1)                            null                              {@7}
        mov (8)                   r34.1<2>      r65.1<0>
        mov (8|M8)                r42.1<2>      r65.1<0>
        cmp (16)       (eq)f0.0   null:d        r107:d            0:d
(W)     mov (8)                   r96<2>:f      0x00000001:f                      {@4}
        mov (8)                   r34<2>        r65<0>                            {@4}
        mov (8|M8)                r42<2>        r65<0>                            {@4}
(f0.0)  sel (16)                  r90           r46               r84             {Compacted,@7}
(f0.0)  sel (16)                  r92           r48               r88             {Compacted,@7}
(W)     sync.nop (1)                            null                              {@5}
        mov (8)                   r76.1<2>      r96.1<0>
        mov (8|M8)                r86.1<2>      r96.1<0>
        mov (8)                   r76<2>        r96<0>                            {@2}
        mov (8|M8)                r86<2>        r96<0>                            {@2}

L3:
        cmp (16)       (lt)f0.0   null:d        r13:d             r74:d           {@2,$7.dst}
(f0.0)  break (16)                            jip:L4              uip:L4
        add (16)                  r97:d         r94:d             r74:d           {Compacted}
        mul (16)                  r113:d        r61:d             r74<2>:uw       {$6.dst}
        mul (16)                  r36:d         r61:d             r74.1<2>:uw
        mul (8)                   r84:d         r76<2>:d          r92<2>:uw       {@7}
        mul (8)                   r70:d         r76<2>:d          r92.1<2>:uw
        mul (8|M8)                r82:d         r86<2>:d          r93<2>:uw       {@7}
        mul (8|M8)                r71:d         r86<2>:d          r93.1<2>:uw     {$5.src}
        mul (8)                   r88:d         r76.1<2>:d        r92<2>:uw
        mul (8)                   r72:d         r76.1<2>:d        r92.1<2>:uw
        mul (8|M8)                r89:d         r86.1<2>:d        r93<2>:uw
        mul (8|M8)                r73:d         r86.1<2>:d        r93.1<2>:uw
        mul (8)                   r103:d        r76<2>:d          r90<2>:uw
        mul (8)                   r78:d         r76<2>:d          r90.1<2>:uw
        mul (8|M8)                r104:d        r86<2>:d          r91<2>:uw
        mul (8|M8)                r79:d         r86<2>:d          r91.1<2>:uw
        add (16)                  r74:d         r74:d             1:d             {Compacted}
        shl (16)                  r99:d         r97:d             0x00000003
        add (16)                  r113.1<2>:uw  r113.1<2>:uw      r36<2>:uw
        add (8)                   r84.1<2>:uw   r84.1<2>:uw       r70<2>:uw
        add (8|M8)                r82.1<2>:uw   r82.1<2>:uw       r71<2>:uw
        add (8)                   r88.1<2>:uw   r88.1<2>:uw       r72<2>:uw
        add (8|M8)                r89.1<2>:uw   r89.1<2>:uw       r73<2>:uw
        add (8)                   r103.1<2>:uw  r103.1<2>:uw      r78<2>:uw       {@7}
        add (8|M8)                r104.1<2>:uw  r104.1<2>:uw      r79<2>:uw       {@7}
(W)     sync.nop (1)                            null                              {$8.src}
        add (16)                  r101:d        r99:d             304:d           {Compacted,@7}
        add (16)                  r115:d        -r113:d           20:d            {Compacted,@7}
        add (16)                  r71:d         r103:d            r88:d           {Compacted,@3}
(W)     sync.nop (1)                            null                              {$3.dst}
        send.hdc1 (16)            r67     r101   null    0x00000000  0x04405C02   {@3,$8}  // wr:2+0, rd:4; untyped_read:xy simd16 (16) bti(2)
        and (16)                  r117          r115              0x0000003f      {Compacted,@2}
        cmp (16)       (ge)f0.0   null          r117              0x00000020      {@1}
        add (16)                  r119:d        r117:d            -32:d           {Compacted}
        shl (16)                  r18:d         r38<0>:d          r117
        mov (16)                  r121:d        (abs)r119:d                       {@2}
(~f0.0) sel (16)                  r20           r18               0x00000000      {@2}
        shr (16)                  r123          r38<0>            r121            {Compacted,@2}
        shl (16)                  r125:d        r38<0>:d          r121
(f0.0)  sel (16)                  r17           r125              r123            {Compacted,@1}
        cmp (16)       (eq)f0.0   null:d        r117:d            0:d
(~f0.0) sel (16)                  r22           r17               0x00000000      {@2}
(~f0.0) sel (16)                  r24           r20               0x00000001      {@6}
        mul (8)                   acc0          r67               r76<4>:uw       {$8.dst}
        mul (8)                   r104:d        r67:d             r76<4>:uw
        mul (8)                   r28:d         r67:d             r76.1<4>:uw
        mul (8|M8)                r105:d        r68:d             r86<4>:uw
        mul (8|M8)                r29:d         r68:d             r86.1<4>:uw
        mul (8)                   r106:d        r69:d             r76<4>:uw
        mul (8)                   r30:d         r69:d             r76.1<4>:uw
        mul (8|M8)                r107:d        r70:d             r86<4>:uw
        mul (8|M8)                r31:d         r70:d             r86.1<4>:uw
        mul (8)                   r108:d        r67:d             r76.2<4>:uw
        mul (8)                   r32:d         r67:d             r76.3<4>:uw
        mul (8|M8)                r109:d        r68:d             r86.2<4>:uw     {$1.dst}
        mul (8|M8)                r33:d         r68:d             r86.3<4>:uw
        mach (8)                  r102          r67               r76<2>          {AccWrEn}
        add (8)                   r104.1<2>:uw  r104.1<2>:uw      r28<2>:uw
        add (8|M8)                r105.1<2>:uw  r105.1<2>:uw      r29<2>:uw
        add (8)                   r106.1<2>:uw  r106.1<2>:uw      r30<2>:uw       {@7}
        add (8|M8)                r107.1<2>:uw  r107.1<2>:uw      r31<2>:uw       {@7}
        add (8)                   r108.1<2>:uw  r108.1<2>:uw      r32<2>:uw       {@7}
        add (8|M8)                r109.1<2>:uw  r109.1<2>:uw      r33<2>:uw       {@7}
        mul (8|M8)                acc0          r68               r86<4>:uw
        mul (16)                  r32:d         r104:d            r22<2>:uw       {@6}
        mul (16)                  r69:d         r104:d            r22.1<2>:uw
        mul (16)                  r28:d         r104:d            r24<2>:uw
        mul (16)                  r39:d         r104:d            r24.1<2>:uw
        add (16)                  r110:d        r108:d            r106:d          {Compacted,@6}
        mach (8|M8)               r103          r68               r86<2>          {AccWrEn}
        add (16)                  r32.1<2>:uw   r32.1<2>:uw       r69<2>:uw       {@5}
        add (16)                  r28.1<2>:uw   r28.1<2>:uw       r39<2>:uw       {@4}
        add (16)                  r112:d        r102:d            r110:d          {Compacted,@3}
        mul (8)                   acc0          r104              r24<2>:uw
        add (8)                   r126:d        r34<2>:d          r28:d           {@3}
        add (8|M8)                r41:d         r42<2>:d          r29:d           {@4}
        mul (16)                  r30:d         r112:d            r24<2>:uw       {@4}
        mul (16)                  r67:d         r112:d            r24.1<2>:uw
        mach (8)                  r26           r104              r24             {AccWrEn,Compacted}
        cmp (8)        (lt)f0.0   r69           r126              r34<2>          {@5}
        cmp (8|M8)     (lt)f0.0   r70           r41               r42<2>          {@5}
        add (16)                  r30.1<2>:uw   r30.1<2>:uw       r67<2>:uw       {@4}
        mul (8|M8)                acc0          r105              r25<2>:uw
        add (16)                  r36:d         r32:d             r30:d           {Compacted,@2}
        mach (8|M8)               r27           r105              r25             {AccWrEn}
        add (16)                  r39:d         r26:d             r36:d           {Compacted,@1}
        mul (8)                   acc0          r76<2>            r92<2>:uw
        add (8)                   r67:d         r34.1<2>:d        r39:d           {@2}
        add (8|M8)                r68:d         r42.1<2>:d        r40:d           {@3}
        mach (8)                  r80           r76<2>            r92             {AccWrEn}
        add (16)                  r78:d         -r69:d            r67:d           {Compacted,@2}
        mov (8)                   r34<2>        r126
        mul (8|M8)                acc0          r86<2>            r93<2>:uw
        mov (8|M8)                r42<2>        r41
        mov (8)                   r76<2>        r84
        mov (8)                   r34.1<2>      r78                               {@4}
        mach (8|M8)               r81           r86<2>            r93             {AccWrEn}
        mov (8|M8)                r42.1<2>      r79                               {@4}
        add (16)                  r104:d        r80:d             r71:d           {Compacted,@2}
        mov (8|M8)                r86<2>        r82
        mov (8)                   r76.1<2>      r104                              {@2}
        mov (8|M8)                r86.1<2>      r105                              {@2}

L4:
        while (16)                            L3
        else (16)                             jip:L27             uip:L27

L5:
        add (16)                  r105:d        -r61:d            20:d            {Compacted,$6.dst}
        shl (16)                  r121:d        r61:d             0x00000001
        add (16)                  r103:d        r48:d             r48:d           {Compacted,@7}
        mul (16)                  r86:d         r48:d             r48<2>:uw       {@5}
        mul (16)                  r98:d         r48:d             r48.1<2>:uw
        add (16)                  r62:d         r59:d             296:d           {Compacted}
        and (16)                  r107          r105              0x0000003f      {Compacted,@6}
        add (16)                  r123:d        -r121:d           20:d            {Compacted,@6}
(W)     sync.nop (1)                            null                              {$7.src}
        mul (16)                  r84:d         r46:d             r103<2>:uw      {@6}
        mul (16)                  r96:d         r46:d             r103.1<2>:uw
        add (16)                  r86.1<2>:uw   r86.1<2>:uw       r98<2>:uw       {@6}
        send.hdc1 (16)            r17     r62    null    0x00000000  0x04805002   {@6,$9}  // wr:2+0, rd:8; untyped_read:xyzw simd16 (16) bti(2)
        cmp (16)       (ge)f0.0   null          r107              0x00000020      {@5}
        add (16)                  r109:d        r107:d            -32:d           {Compacted,$1.dst}
        shl (16)                  r118:d        r38<0>:d          r107
        and (16)                  r125          r123              0x0000003f      {Compacted,@7}
        add (16)                  r84.1<2>:uw   r84.1<2>:uw       r96<2>:uw       {@6}
        mov (16)                  r111:d        (abs)r109:d                       {@4}
(~f0.0) sel (16)                  r120          r118              0x00000000      {@4}
        add (16)                  r25:d         r125:d            -32:d           {Compacted,@4}
        shl (16)                  r39:d         r38<0>:d          r125
        shr (16)                  r113          r38<0>            r111            {Compacted,@4}
        shl (16)                  r115:d        r38<0>:d          r111
        mov (16)                  r27:d         (abs)r25:d                        {@4}
(f0.0)  sel (16)                  r117          r115              r113            {Compacted,@2}
        shr (16)                  r29           r38<0>            r27             {Compacted,@2}
        shl (16)                  r31:d         r38<0>:d          r27
        cmp (16)       (eq)f0.0   null:d        r107:d            0:d
(W)     sync.nop (1)                            null                              {$5.src}
(~f0.0) sel (16)                  r72           r117              0x00000000      {@4}
(~f0.0) sel (16)                  r74           r120              0x00000001
        mul (16)                  r76:d         r48:d             r72<2>:uw       {@2}
        mul (16)                  r95:d         r48:d             r72.1<2>:uw
        mul (8)                   acc0          r48               r74<2>:uw       {@3}
        mul (16)                  r82:d         r48:d             r74<2>:uw       {@4}
        mul (16)                  r88:d         r48:d             r74.1<2>:uw
        mul (16)                  r70:d         r46:d             r74<2>:uw
        mul (16)                  r90:d         r46:d             r74.1<2>:uw
        cmp (16)       (ge)f0.0   null          r125              0x00000020
        add (16)                  r76.1<2>:uw   r76.1<2>:uw       r95<2>:uw       {@7}
        add (16)                  r82.1<2>:uw   r82.1<2>:uw       r88<2>:uw       {@5}
        add (16)                  r70.1<2>:uw   r70.1<2>:uw       r90<2>:uw       {@4}
(f0.0)  sel (16)                  r36           r31               r29             {Compacted}
(~f0.0) sel (16)                  r61           r39               0x00000000      {$9.src}
        add (16)                  r88:d         r76:d             r70:d           {Compacted,@3}
        cmp (16)       (eq)f0.0   null:d        r125:d            0:d
(~f0.0) sel (16)                  r76           r36               0x00000000      {@4}
(~f0.0) sel (16)                  r78           r61               0x00000001      {@4}
        mul (16)                  r111:d        r86:d             r76<2>:uw       {@2}
        mul (16)                  r99:d         r86:d             r78.1<2>:uw     {@2}
        mul (16)                  r90:d         r23:d             r82<2>:uw       {@7,$9.dst}
        mul (16)                  r118:d        r21:d             r82<2>:uw
        mul (16)                  r107:d        r21:d             r82.1<2>:uw
        mul (16)                  r109:d        r23:d             r82.1<2>:uw
        shr (16)                  r63           r17               0x0000000c      {Compacted}
        shl (16)                  r67:d         r19:d             0x00000014      {$3.dst}
        shl (16)                  r93:d         r17:d             0x00000014
        add (16)                  r118.1<2>:uw  r118.1<2>:uw      r107<2>:uw      {@5}
        add (16)                  r90.1<2>:uw   r90.1<2>:uw       r109<2>:uw      {@5}
        mul (16)                  r106:d        r86:d             r76.1<2>:uw
        or (16)                   r80           r67               r63             {Compacted,@5}
        mach (8)                  r68           r48               r74             {AccWrEn,Compacted}
        add (16)                  r95:d         r93:d             r118:d          {Compacted,@5}
        add (16)                  r111.1<2>:uw  r111.1<2>:uw      r106<2>:uw      {@4}
        mul (8|M8)                acc0          r49               r75<2>:uw
        cmp (16)       (lt)f0.1   r97           r95               r93             {@3}
        cmp (16)       (ge)f0.0   null:d        r13:d             2:d             {$7.dst}
        mach (8|M8)               r69           r49               r75             {AccWrEn}
        add (16)                  r102:d        r68:d             r88:d           {Compacted,@1}
        mul (8)                   acc0          r48               r48<2>:uw
        mul (16)                  r88:d         r86:d             r78<2>:uw
        mul (16)                  r119:d        r21:d             r102<2>:uw      {@3}
        mul (16)                  r113:d        r21:d             r102.1<2>:uw
        mach (8)                  r104          r48               r48             {AccWrEn,Compacted}
        add (16)                  r88.1<2>:uw   r88.1<2>:uw       r99<2>:uw       {@4}
        add (16)                  r119.1<2>:uw  r119.1<2>:uw      r113<2>:uw      {@3}
        mul (8|M8)                acc0          r49               r49<2>:uw
        add (16)                  r92:d         r119:d            r90:d           {Compacted,@2}
        mach (8|M8)               r105          r49               r49             {AccWrEn}
        add (16)                  r106:d        r104:d            r84:d           {Compacted,@1}
        mul (8)                   acc0          r86               r78<2>:uw
        mul (16)                  r109:d        r106:d            r78<2>:uw       {@2}
        mul (16)                  r100:d        r106:d            r78.1<2>:uw     {$8.src}
        mach (8)                  r107          r86               r78             {AccWrEn,Compacted}
        add (16)                  r109.1<2>:uw  r109.1<2>:uw      r100<2>:uw      {@2}
        mul (8|M8)                acc0          r87               r79<2>:uw
        add (16)                  r113:d        r111:d            r109:d          {Compacted,@2}
        mach (8|M8)               r108          r87               r79             {AccWrEn}
        add (16)                  r115:d        r107:d            r113:d          {Compacted,@1}
        mul (8)                   acc0          r21               r82<2>:uw
        mach (8)                  r117          r21               r82             {AccWrEn,Compacted}
        mul (8|M8)                acc0          r22               r83<2>:uw
        mach (8|M8)               r118          r22               r83             {AccWrEn}
        add (16)                  r120:d        r117:d            r92:d           {Compacted,@1}
        add (16)                  r122:d        r80:d             r120:d          {Compacted,@1}
        add (16)                  r124:d        -r97:d            r122:d          {Compacted,@1}
(f0.0)  if (16)                               jip:L6              uip:L7
        add (16)                  r126:d        r59:d             360:d           {Compacted}
        send.hdc1 (16)            r98     r126   null    0x00000000  0x04405C02   {@1,$10}  // wr:2+0, rd:4; untyped_read:xy simd16 (16) bti(2)
        mul (8)                   acc0          r98               r88<2>:uw       {$10.dst}
        mul (16)                  r19:d         r98:d             r88<2>:uw
        mul (16)                  r117:d        r98:d             r88.1<2>:uw
        mul (16)                  r21:d         r100:d            r88<2>:uw
        mul (16)                  r119:d        r100:d            r88.1<2>:uw
        mul (16)                  r23:d         r98:d             r115<2>:uw
        mul (16)                  r121:d        r98:d             r115.1<2>:uw
        mach (8)                  r17           r98               r88             {AccWrEn,Compacted}
        add (16)                  r19.1<2>:uw   r19.1<2>:uw       r117<2>:uw      {@6}
        add (16)                  r21.1<2>:uw   r21.1<2>:uw       r119<2>:uw      {@5}
        add (16)                  r23.1<2>:uw   r23.1<2>:uw       r121<2>:uw      {@4}
        mul (8|M8)                acc0          r99               r89<2>:uw
        add (16)                  r28:d         r95:d             r19:d           {Compacted,@4}
        add (16)                  r25:d         r23:d             r21:d           {Compacted,@3}
        mach (8|M8)               r18           r99               r89             {AccWrEn}
        cmp (16)       (lt)f0.0   r31           r28               r95             {Compacted,@3}
        mov (8)                   r80<2>        r28
        mov (8|M8)                r90<2>        r29
        add (16)                  r27:d         r17:d             r25:d           {Compacted,@4}
        add (16)                  r29:d         r124:d            r27:d           {Compacted,@1}
        add (16)                  r36:d         -r31:d            r29:d           {Compacted,@1}
        mov (8)                   r80.1<2>      r36                               {@1}
        mov (8|M8)                r90.1<2>      r37                               {@2}
        else (16)                             jip:L7              uip:L7

L6:
        mov (8)                   r80<2>        r95                               {@3}
        mov (8|M8)                r90<2>        r96                               {@3}
        mov (8)                   r80.1<2>      r124                              {@2}
        mov (8|M8)                r90.1<2>      r125                              {@2}

L7:
        endif (16)                            L27
        cmp (16)       (ge)f0.0   null:d        r13:d             3:d
(f0.0)  if (16)                               jip:L8              uip:L8
        mul (8)                   acc0          r82               r88<2>:uw
        mul (16)                  r61:d         r82:d             r88<2>:uw
        mul (16)                  r122:d        r82:d             r88.1<2>:uw
        mul (16)                  r63:d         r102:d            r88<2>:uw
        mul (16)                  r124:d        r102:d            r88.1<2>:uw
        mul (16)                  r67:d         r82:d             r115<2>:uw
        mul (16)                  r126:d        r82:d             r115.1<2>:uw    {$10.src}
        add (16)                  r22:d         r59:d             416:d           {Compacted}
        mach (8)                  r39           r82               r88             {AccWrEn,Compacted}
        add (16)                  r61.1<2>:uw   r61.1<2>:uw       r122<2>:uw      {@7}
        add (16)                  r63.1<2>:uw   r63.1<2>:uw       r124<2>:uw      {@6}
        add (16)                  r67.1<2>:uw   r67.1<2>:uw       r126<2>:uw      {@5}
        send.hdc1 (16)            r101    r22    null    0x00000000  0x04405C02   {@5,$11}  // wr:2+0, rd:4; untyped_read:xy simd16 (16) bti(2)
        mul (8|M8)                acc0          r83               r89<2>:uw
        shr (16)                  r86           r61               0x00000014      {Compacted,@4}
        add (16)                  r92:d         r61:d             1:d             {Compacted}
        add (16)                  r69:d         r67:d             r63:d           {Compacted,@4}
        mach (8|M8)               r40           r83               r89             {AccWrEn}
        cmp (16)       (lt)f0.1   r94           r92               r61             {@3}
        mov (16)                  r110:d        -r92:d
        asr (16)                  r105:d        -(abs)r92:d       31:w            {Compacted}
        add (16)       (ge)f0.0   r82:d         r39:d             r69:d           {Compacted,@4}
        shr (16)                  r112          r110              0x00000014      {Compacted,@3}
        shl (16)                  r84:d         r82:d             0x0000000c      {@2}
        add (16)                  r96:d         -r94:d            r82:d           {Compacted,@6}
        asr (16)                  r99:d         r82:d             0x00000014
        or (16)                   r88           r86               r84             {Compacted,@3}
        add (16)                  r107:d        -r96:d            r105:d          {Compacted,@3}
        shl (16)                  r109:d        r107:d            0x0000000c      {@1}
        asr (16)                  r116:d        r107:d            0x00000014
        or (16)                   r114          r112              r109            {Compacted,@2}
        add (16)                  r118:d        -r116:d           -1:d            {Compacted,@2}
        asr (16)                  r120:d        -(abs)r114:d      31:w            {Compacted,@2}
        add (16)                  r124:d        -r114:d           -1:d            {Compacted}
        add (16)                  r122:d        r118:d            r120:d          {Compacted,@2}
        cmp (16)       (lt)f0.1   r126          r124              0xffffffff      {@2}
        add (16)                  r17:d         r122:d            -r126:d         {Compacted,@1}
(f0.0)  sel (16)                  r21           r88               r124            {Compacted,$11.src}
(f0.0)  sel (16)                  r19           r99               r17             {Compacted,@2}
        mul (16)                  r29:d         r101:d            r19<2>:uw       {@1,$11.dst}
        mul (16)                  r36:d         r101:d            r19.1<2>:uw
        mul (16)                  r17:d         r101:d            r21.1<2>:uw     {@4}
        mul (8)                   acc0          r101              r21<2>:uw
        mul (16)                  r25:d         r101:d            r21<2>:uw
        mul (16)                  r27:d         r103:d            r21<2>:uw
        mul (16)                  r31:d         r103:d            r21.1<2>:uw
        add (16)                  r29.1<2>:uw   r29.1<2>:uw       r36<2>:uw       {@6}
        mach (8)                  r23           r101              r21             {AccWrEn,Compacted}
        add (16)                  r25.1<2>:uw   r25.1<2>:uw       r17<2>:uw       {@5}
        add (16)                  r27.1<2>:uw   r27.1<2>:uw       r31<2>:uw       {@4}
        mul (8|M8)                acc0          r102              r22<2>:uw
        add (8)                   r127:d        r80<2>:d          r25:d           {@3}
        add (8|M8)                r39:d         r90<2>:d          r26:d           {@4}
        add (16)                  r31:d         r29:d             r27:d           {Compacted,@4}
        mach (8|M8)               r24           r102              r22             {AccWrEn}
        cmp (8)        (lt)f0.0   r61           r127              r80<2>          {@4}
        cmp (8|M8)     (lt)f0.0   r62           r39               r90<2>          {@4}
        add (16)                  r36:d         r23:d             r31:d           {Compacted,@3}
        add (8)                   r40:d         r80.1<2>:d        r36:d           {@1}
        add (8|M8)                r41:d         r90.1<2>:d        r37:d           {@2}
        add (16)                  r63:d         -r61:d            r40:d           {Compacted,@1}
        mov (8)                   r80<2>        r127
        mov (8|M8)                r90<2>        r39
        mov (8)                   r80.1<2>      r63                               {@2}
        mov (8|M8)                r90.1<2>      r64                               {@2}

L8:
        endif (16)                            L27
        mul (8)                   acc0          r52               r74<2>:uw
        mul (16)                  r69:d         r52:d             r74<2>:uw
        mul (16)                  r39:d         r52:d             r74.1<2>:uw
        mul (16)                  r82:d         r50:d             r74<2>:uw
        mul (16)                  r61:d         r50:d             r74.1<2>:uw
        mul (16)                  r84:d         r52:d             r72<2>:uw
        mul (16)                  r63:d         r52:d             r72.1<2>:uw
        add (16)                  r92:d         r52:d             r52:d           {Compacted}
        mul (16)                  r100:d        r52:d             r52<2>:uw
        mul (16)                  r96:d         r52:d             r52.1<2>:uw
        add (16)                  r123:d        r59:d             312:d           {Compacted}
        mach (8)                  r67           r52               r74             {AccWrEn,Compacted}
        add (16)                  r69.1<2>:uw   r69.1<2>:uw       r39<2>:uw       {@7}
        add (16)                  r82.1<2>:uw   r82.1<2>:uw       r61<2>:uw       {@7}
        add (16)                  r84.1<2>:uw   r84.1<2>:uw       r63<2>:uw       {@7}
        mul (16)                  r94:d         r50:d             r92<2>:uw       {@7}
        mul (16)                  r88:d         r50:d             r92.1<2>:uw
        add (16)                  r100.1<2>:uw  r100.1<2>:uw      r96<2>:uw       {@7}
        send.hdc1 (16)            r104    r123   null    0x00000000  0x04405C02   {@7,$12}  // wr:2+0, rd:4; untyped_read:xy simd16 (16) bti(2)
        mul (8|M8)                acc0          r53               r75<2>:uw
        add (16)                  r86:d         r84:d             r82:d           {Compacted,@5}
        add (16)                  r94.1<2>:uw   r94.1<2>:uw       r88<2>:uw       {@4}
        mul (16)                  r102:d        r100:d            r78<2>:uw       {@4}
        mul (16)                  r97:d         r100:d            r78.1<2>:uw
        mul (16)                  r118:d        r100:d            r76<2>:uw
        mul (16)                  r121:d        r100:d            r76.1<2>:uw
        mach (8|M8)               r68           r53               r75             {AccWrEn}
        add (16)                  r102.1<2>:uw  r102.1<2>:uw      r97<2>:uw       {@4}
        add (16)                  r118.1<2>:uw  r118.1<2>:uw      r121<2>:uw      {@3}
        add (16)                  r88:d         r67:d             r86:d           {Compacted,@3}
        mul (8)                   acc0          r52               r52<2>:uw
        mach (8)                  r96           r52               r52             {AccWrEn,Compacted}
        mul (8|M8)                acc0          r53               r53<2>:uw
        mach (8|M8)               r97           r53               r53             {AccWrEn}
        add (16)                  r98:d         r96:d             r94:d           {Compacted,@1}
        mul (8)                   acc0          r100              r78<2>:uw
        mul (16)                  r116:d        r98:d             r78<2>:uw       {@2}
        mul (16)                  r120:d        r98:d             r78.1<2>:uw
        mach (8)                  r114          r100              r78             {AccWrEn,Compacted}
        add (16)                  r116.1<2>:uw  r116.1<2>:uw      r120<2>:uw      {@2}
        mul (8|M8)                acc0          r101              r79<2>:uw
        add (16)                  r120:d        r118:d            r116:d          {Compacted,@2}
        mach (8|M8)               r115          r101              r79             {AccWrEn}
        mul (8)                   acc0          r104              r69<2>:uw       {$12.dst}
        mul (16)                  r21:d         r104:d            r88.1<2>:uw
        mul (16)                  r125:d        r104:d            r69<2>:uw       {$10.src}
        mul (16)                  r123:d        r104:d            r69.1<2>:uw
        mul (16)                  r17:d         r106:d            r69<2>:uw
        mul (16)                  r19:d         r106:d            r69.1<2>:uw
        add (16)                  r125.1<2>:uw  r125.1<2>:uw      r123<2>:uw      {@3}
        add (16)                  r122:d        r114:d            r120:d          {Compacted,@7}
        mach (8)                  r124          r104              r69             {AccWrEn,Compacted}
        add (16)                  r17.1<2>:uw   r17.1<2>:uw       r19<2>:uw       {@4}
        mul (16)                  r19:d         r104:d            r88<2>:uw
        add (8)                   r110:d        r80<2>:d          r125:d          {@5}
        add (8|M8)                r111:d        r90<2>:d          r126:d          {@6}
        mul (8|M8)                acc0          r105              r70<2>:uw
        add (16)                  r19.1<2>:uw   r19.1<2>:uw       r21<2>:uw       {@4}
        cmp (8)        (lt)f0.1   r112          r110              r80<2>          {@4}
        cmp (8|M8)     (lt)f0.1   r113          r111              r90<2>          {@4}
        cmp (16)       (ge)f0.0   null:d        r13:d             2:d
        mach (8|M8)               r125          r105              r70             {AccWrEn}
        add (16)                  r108:d        r19:d             r17:d           {Compacted,@5}
        add (16)                  r20:d         r124:d            r108:d          {Compacted,@1}
        add (8)                   r22:d         r80.1<2>:d        r20:d           {@1}
        add (8|M8)                r23:d         r90.1<2>:d        r21:d           {@2}
        add (16)                  r24:d         -r112:d           r22:d           {Compacted,@1}
(f0.0)  if (16)                               jip:L9              uip:L10
        add (16)                  r26:d         r59:d             368:d           {Compacted}
        send.hdc1 (16)            r113    r26    null    0x00000000  0x04405C02   {@1,$13}  // wr:2+0, rd:4; untyped_read:xy simd16 (16) bti(2)
        mul (8)                   acc0          r113              r102<2>:uw      {$13.dst}
        mul (16)                  r29:d         r113:d            r102<2>:uw
        mul (16)                  r22:d         r113:d            r102.1<2>:uw
        mul (16)                  r31:d         r115:d            r102<2>:uw
        mul (16)                  r39:d         r115:d            r102.1<2>:uw
        mul (16)                  r36:d         r113:d            r122<2>:uw
        mul (16)                  r61:d         r113:d            r122.1<2>:uw
        mach (8)                  r27           r113              r102            {AccWrEn,Compacted}
        add (16)                  r29.1<2>:uw   r29.1<2>:uw       r22<2>:uw       {@6}
        add (16)                  r31.1<2>:uw   r31.1<2>:uw       r39<2>:uw       {@5}
        add (16)                  r36.1<2>:uw   r36.1<2>:uw       r61<2>:uw       {@4}
        mul (8|M8)                acc0          r114              r103<2>:uw
        add (16)                  r62:d         r110:d            r29:d           {Compacted,@4}
        add (16)                  r39:d         r36:d             r31:d           {Compacted,@3}
        mach (8|M8)               r28           r114              r103            {AccWrEn}
        cmp (16)       (lt)f0.0   r67           r62               r110            {Compacted,@3}
        mov (8)                   r81<2>        r62
        mov (8|M8)                r91<2>        r63
        add (16)                  r61:d         r27:d             r39:d           {Compacted,@4}
        add (16)                  r63:d         r24:d             r61:d           {Compacted,@1}
        add (16)                  r83:d         -r67:d            r63:d           {Compacted,@1}
        mov (8)                   r81.1<2>      r83                               {@1}
        mov (8|M8)                r91.1<2>      r84                               {@2}
        else (16)                             jip:L10             uip:L10

L9:
        mov (8)                   r81<2>        r110                              {@3}
        mov (8|M8)                r91<2>        r111                              {@3}
        mov (8)                   r81.1<2>      r24                               {@2}
        mov (8|M8)                r91.1<2>      r25                               {@2}

L10:
        endif (16)                            L27
        cmp (16)       (ge)f0.0   null:d        r13:d             3:d
(f0.0)  if (16)                               jip:L11             uip:L11
        mul (8)                   acc0          r69               r102<2>:uw
        mul (16)                  r86:d         r69:d             r102<2>:uw
        mul (16)                  r67:d         r69:d             r102.1<2>:uw
        mul (16)                  r93:d         r88:d             r102<2>:uw
        mul (16)                  r97:d         r88:d             r102.1<2>:uw
        mul (16)                  r95:d         r69:d             r122<2>:uw
        mul (16)                  r99:d         r69:d             r122.1<2>:uw
        add (16)                  r62:d         r59:d             424:d           {Compacted}
        mach (8)                  r84           r69               r102            {AccWrEn,Compacted}
        add (16)                  r86.1<2>:uw   r86.1<2>:uw       r67<2>:uw       {@7}
        add (16)                  r93.1<2>:uw   r93.1<2>:uw       r97<2>:uw       {@6}
        add (16)                  r95.1<2>:uw   r95.1<2>:uw       r99<2>:uw       {@5}
        send.hdc1 (16)            r116    r62    null    0x00000000  0x04405C02   {@5,$14}  // wr:2+0, rd:4; untyped_read:xy simd16 (16) bti(2)
        mul (8|M8)                acc0          r70               r103<2>:uw
        shr (16)                  r104          r86               0x00000014      {Compacted,@4}
        add (16)                  r107:d        r86:d             1:d             {Compacted}
        add (16)                  r97:d         r95:d             r93:d           {Compacted,@4}
        mach (8|M8)               r85           r70               r103            {AccWrEn}
        cmp (16)       (lt)f0.1   r109          r107              r86             {@3}
        mov (16)                  r125:d        -r107:d
        asr (16)                  r120:d        -(abs)r107:d      31:w            {Compacted}
        add (16)       (ge)f0.0   r99:d         r84:d             r97:d           {Compacted,@4}
        shr (16)                  r17           r125              0x00000014      {Compacted,@3}
        shl (16)                  r101:d        r99:d             0x0000000c      {@2}
        add (16)                  r111:d        -r109:d           r99:d           {Compacted,@6}
        asr (16)                  r114:d        r99:d             0x00000014
        or (16)                   r106          r104              r101            {Compacted,@3}
        add (16)                  r122:d        -r111:d           r120:d          {Compacted,@3}
        shl (16)                  r124:d        r122:d            0x0000000c      {@1}
        asr (16)                  r21:d         r122:d            0x00000014
        or (16)                   r19           r17               r124            {Compacted,@2}
        add (16)                  r23:d         -r21:d            -1:d            {Compacted,@2}
(W)     sync.nop (1)                            null                              {$13.src}
        asr (16)                  r25:d         -(abs)r19:d       31:w            {Compacted,@2}
        add (16)                  r29:d         -r19:d            -1:d            {Compacted}
        add (16)                  r27:d         r23:d             r25:d           {Compacted,@2}
        cmp (16)       (lt)f0.1   r31           r29               0xffffffff      {@2}
        add (16)                  r36:d         r27:d             -r31:d          {Compacted,@1}
(f0.0)  sel (16)                  r61           r106              r29             {Compacted,$14.src}
(f0.0)  sel (16)                  r39           r114              r36             {Compacted,@2}
        mul (16)                  r83:d         r116:d            r39<2>:uw       {@1,$14.dst}
        mul (16)                  r104:d        r116:d            r39.1<2>:uw
        mul (8)                   acc0          r116              r61<2>:uw       {@4}
        mul (16)                  r67:d         r116:d            r61<2>:uw       {@5}
        mul (16)                  r100:d        r116:d            r61.1<2>:uw
        mul (16)                  r69:d         r118:d            r61<2>:uw
        mul (16)                  r102:d        r118:d            r61.1<2>:uw
        add (16)                  r83.1<2>:uw   r83.1<2>:uw       r104<2>:uw      {@6}
        mach (8)                  r63           r116              r61             {AccWrEn,Compacted}
        add (16)                  r67.1<2>:uw   r67.1<2>:uw       r100<2>:uw      {@5}
        add (16)                  r69.1<2>:uw   r69.1<2>:uw       r102<2>:uw      {@4}
        mul (8|M8)                acc0          r117              r62<2>:uw
        add (8)                   r17:d         r81<2>:d          r67:d           {@3}
        add (8|M8)                r89:d         r91<2>:d          r68:d           {@4}
        add (16)                  r85:d         r83:d             r69:d           {Compacted,@4}
        mach (8|M8)               r64           r117              r62             {AccWrEn}
        cmp (8)        (lt)f0.0   r95           r17               r81<2>          {@4}
        cmp (8|M8)     (lt)f0.0   r96           r89               r91<2>          {@4}
        add (16)                  r87:d         r63:d             r85:d           {Compacted,@3}
        add (8)                   r93:d         r81.1<2>:d        r87:d           {@1}
        add (8|M8)                r94:d         r91.1<2>:d        r88:d           {@2}
        add (16)                  r97:d         -r95:d            r93:d           {Compacted,@1}
        mov (8)                   r81<2>        r17
        mov (8|M8)                r91<2>        r89
        mov (8)                   r81.1<2>      r97                               {@2}
        mov (8|M8)                r91.1<2>      r98                               {@2}

L11:
        endif (16)                            L27
        mul (8)                   acc0          r56               r74<2>:uw
        mul (16)                  r100:d        r56:d             r74<2>:uw
        mul (16)                  r106:d        r56:d             r74.1<2>:uw
        mul (16)                  r102:d        r54:d             r74<2>:uw
        mul (16)                  r111:d        r54:d             r74.1<2>:uw
        mul (16)                  r104:d        r56:d             r72<2>:uw
        mul (16)                  r113:d        r56:d             r72.1<2>:uw
        add (16)                  r109:d        r56:d             r56:d           {Compacted}
        mul (16)                  r19:d         r56:d             r56<2>:uw
        mul (16)                  r116:d        r56:d             r56.1<2>:uw
        add (16)                  r30:d         r59:d             320:d           {Compacted}
        mach (8)                  r98           r56               r74             {AccWrEn,Compacted}
        add (16)                  r100.1<2>:uw  r100.1<2>:uw      r106<2>:uw      {@7}
        add (16)                  r102.1<2>:uw  r102.1<2>:uw      r111<2>:uw      {@7}
        add (16)                  r104.1<2>:uw  r104.1<2>:uw      r113<2>:uw      {@7}
        mul (16)                  r111:d        r54:d             r109<2>:uw      {@7}
        add (16)                  r19.1<2>:uw   r19.1<2>:uw       r116<2>:uw      {@7}
        mul (16)                  r114:d        r54:d             r109.1<2>:uw
        send.hdc1 (16)            r119    r30    null    0x00000000  0x04405C02   {@7,$15}  // wr:2+0, rd:4; untyped_read:xy simd16 (16) bti(2)
        mul (8|M8)                acc0          r57               r75<2>:uw
        add (16)                  r106:d        r104:d            r102:d          {Compacted,@5}
        mul (16)                  r117:d        r19:d             r78<2>:uw       {@4}
        mul (16)                  r123:d        r19:d             r78.1<2>:uw
        mul (16)                  r25:d         r19:d             r76<2>:uw       {$13.src}
        mul (16)                  r28:d         r19:d             r76.1<2>:uw
        add (16)                  r111.1<2>:uw  r111.1<2>:uw      r114<2>:uw      {@7}
        mach (8|M8)               r99           r57               r75             {AccWrEn}
        add (16)                  r117.1<2>:uw  r117.1<2>:uw      r123<2>:uw      {@5}
        add (16)                  r25.1<2>:uw   r25.1<2>:uw       r28<2>:uw       {@4}
        add (16)                  r108:d        r98:d             r106:d          {Compacted,@3}
        mul (8)                   acc0          r56               r56<2>:uw
        mach (8)                  r113          r56               r56             {AccWrEn,Compacted}
        mul (8|M8)                acc0          r57               r57<2>:uw
        mach (8|M8)               r114          r57               r57             {AccWrEn}
        add (16)                  r115:d        r113:d            r111:d          {Compacted,@1}
        mul (8)                   acc0          r19               r78<2>:uw
        mul (16)                  r23:d         r115:d            r78<2>:uw       {@2}
        mul (16)                  r27:d         r115:d            r78.1<2>:uw
        mach (8)                  r21           r19               r78             {AccWrEn,Compacted}
        add (16)                  r23.1<2>:uw   r23.1<2>:uw       r27<2>:uw       {@2}
        mul (8|M8)                acc0          r20               r79<2>:uw
        add (16)                  r27:d         r25:d             r23:d           {Compacted,@2}
        mach (8|M8)               r22           r20               r79             {AccWrEn}
        mul (8)                   acc0          r119              r100<2>:uw      {$15.dst}
        mul (16)                  r61:d         r119:d            r108.1<2>:uw
        mul (16)                  r32:d         r119:d            r100<2>:uw
        mul (16)                  r30:d         r119:d            r100.1<2>:uw
        mul (16)                  r36:d         r121:d            r100<2>:uw
        mul (16)                  r39:d         r121:d            r100.1<2>:uw
        add (16)                  r32.1<2>:uw   r32.1<2>:uw       r30<2>:uw       {@3}
        add (16)                  r29:d         r21:d             r27:d           {Compacted,@7}
        mach (8)                  r31           r119              r100            {AccWrEn,Compacted}
        add (16)                  r36.1<2>:uw   r36.1<2>:uw       r39<2>:uw       {@4}
        mul (16)                  r39:d         r119:d            r108<2>:uw
        add (8)                   r125:d        r81<2>:d          r32:d           {@5}
        add (8|M8)                r126:d        r91<2>:d          r33:d           {@6}
        mul (8|M8)                acc0          r120              r101<2>:uw
        add (16)                  r39.1<2>:uw   r39.1<2>:uw       r61<2>:uw       {@4}
        cmp (8)        (lt)f0.1   r17           r125              r81<2>          {@4}
        cmp (8|M8)     (lt)f0.1   r18           r126              r91<2>          {@4}
        cmp (16)       (ge)f0.0   null:d        r13:d             2:d
        mach (8|M8)               r32           r120              r101            {AccWrEn}
        add (16)                  r123:d        r39:d             r36:d           {Compacted,@5}
        add (16)                  r40:d         r31:d             r123:d          {Compacted,@1}
        add (8)                   r61:d         r81.1<2>:d        r40:d           {@1}
        add (8|M8)                r62:d         r91.1<2>:d        r41:d           {@2}
        add (16)                  r63:d         -r17:d            r61:d           {Compacted,@1}
(f0.0)  if (16)                               jip:L12             uip:L13
        add (16)                  r67:d         r59:d             376:d           {Compacted}
        send.hdc1 (16)            r18     r67    null    0x00000000  0x04405C02   {@1,$0}  // wr:2+0, rd:4; untyped_read:xy simd16 (16) bti(2)
        mul (8)                   acc0          r18               r117<2>:uw      {$0.dst}
        mul (16)                  r70:d         r18:d             r117<2>:uw
        mul (16)                  r84:d         r18:d             r117.1<2>:uw
        mul (16)                  r80:d         r20:d             r117<2>:uw
        mul (16)                  r86:d         r20:d             r117.1<2>:uw
        mul (16)                  r82:d         r18:d             r29<2>:uw
        mul (16)                  r88:d         r18:d             r29.1<2>:uw
        mach (8)                  r68           r18               r117            {AccWrEn,Compacted}
        add (16)                  r70.1<2>:uw   r70.1<2>:uw       r84<2>:uw       {@6}
        add (16)                  r80.1<2>:uw   r80.1<2>:uw       r86<2>:uw       {@5}
        add (16)                  r82.1<2>:uw   r82.1<2>:uw       r88<2>:uw       {@4}
        mul (8|M8)                acc0          r19               r118<2>:uw
        add (16)                  r87:d         r125:d            r70:d           {Compacted,@4}
        add (16)                  r84:d         r82:d             r80:d           {Compacted,@3}
        mach (8|M8)               r69           r19               r118            {AccWrEn}
        cmp (16)       (lt)f0.0   r90           r87               r125            {Compacted,@3}
        mov (8)                   r31<2>        r87
        mov (8|M8)                r39<2>        r88
        add (16)                  r86:d         r68:d             r84:d           {Compacted,@4}
        add (16)                  r88:d         r63:d             r86:d           {Compacted,@1}
        add (16)                  r92:d         -r90:d            r88:d           {Compacted,@1}
        mov (8)                   r31.1<2>      r92                               {@1}
        mov (8|M8)                r39.1<2>      r93                               {@2}
        else (16)                             jip:L13             uip:L13

L12:
        mov (8)                   r31<2>        r125                              {@3}
        mov (8|M8)                r39<2>        r126                              {@3}
        mov (8)                   r31.1<2>      r63                               {@2}
        mov (8|M8)                r39.1<2>      r64                               {@2}

L13:
        endif (16)                            L27
        cmp (16)       (ge)f0.0   null:d        r13:d             3:d
(f0.0)  if (16)                               jip:L14             uip:L14
        mul (8)                   acc0          r100              r117<2>:uw
        mul (16)                  r95:d         r100:d            r117<2>:uw
        mul (16)                  r89:d         r100:d            r117.1<2>:uw
        mul (16)                  r97:d         r108:d            r117<2>:uw
        mul (16)                  r91:d         r108:d            r117.1<2>:uw
        mul (16)                  r102:d        r100:d            r29<2>:uw
        mul (16)                  r104:d        r100:d            r29.1<2>:uw
        add (16)                  r81:d         r59:d             432:d           {Compacted}
        mach (8)                  r93           r100              r117            {AccWrEn,Compacted}
        add (16)                  r95.1<2>:uw   r95.1<2>:uw       r89<2>:uw       {@7}
        add (16)                  r97.1<2>:uw   r97.1<2>:uw       r91<2>:uw       {@6}
        add (16)                  r102.1<2>:uw  r102.1<2>:uw      r104<2>:uw      {@5}
        send.hdc1 (16)            r19     r81    null    0x00000000  0x04405C02   {@5,$1}  // wr:2+0, rd:4; untyped_read:xy simd16 (16) bti(2)
        mul (8|M8)                acc0          r101              r118<2>:uw
        shr (16)                  r110          r95               0x00000014      {Compacted,@4}
        add (16)                  r113:d        r95:d             1:d             {Compacted}
        add (16)                  r104:d        r102:d            r97:d           {Compacted,@4}
        mach (8|M8)               r94           r101              r118            {AccWrEn}
        cmp (16)       (lt)f0.1   r115          r113              r95             {@3}
        mov (16)                  r124:d        -r113:d
        asr (16)                  r119:d        -(abs)r113:d      31:w            {Compacted}
        add (16)       (ge)f0.0   r106:d        r93:d             r104:d          {Compacted,@4}
(W)     sync.nop (1)                            null                              {$10.src}
        shr (16)                  r126          r124              0x00000014      {Compacted,@3}
        shl (16)                  r108:d        r106:d            0x0000000c      {@2}
        add (16)                  r117:d        -r115:d           r106:d          {Compacted,@6}
        asr (16)                  r23:d         r106:d            0x00000014
        or (16)                   r112          r110              r108            {Compacted,@3}
        add (16)                  r121:d        -r117:d           r119:d          {Compacted,@3}
        shl (16)                  r123:d        r121:d            0x0000000c      {@1}
        asr (16)                  r25:d         r121:d            0x00000014
        or (16)                   r17           r126              r123            {Compacted,@2}
        add (16)                  r27:d         -r25:d            -1:d            {Compacted,@2}
        asr (16)                  r29:d         -(abs)r17:d       31:w            {Compacted,@2}
        add (16)                  r61:d         -r17:d            -1:d            {Compacted}
        add (16)                  r36:d         r27:d             r29:d           {Compacted,@2}
        cmp (16)       (lt)f0.1   r63           r61               0xffffffff      {@2}
(W)     sync.nop (1)                            null                              {$0.src}
        add (16)                  r67:d         r36:d             -r63:d          {Compacted,@1}
(f0.0)  sel (16)                  r80           r112              r61             {Compacted,$1.src}
(f0.0)  sel (16)                  r69           r23               r67             {Compacted,@2}
        mul (16)                  r88:d         r19:d             r69<2>:uw       {@1,$1.dst}
        mul (16)                  r109:d        r19:d             r69.1<2>:uw
        mul (8)                   acc0          r19               r80<2>:uw       {@4}
        mul (16)                  r84:d         r19:d             r80<2>:uw       {@5}
        mul (16)                  r105:d        r19:d             r80.1<2>:uw
        mul (16)                  r86:d         r21:d             r80<2>:uw
        mul (16)                  r107:d        r21:d             r80.1<2>:uw
        add (16)                  r88.1<2>:uw   r88.1<2>:uw       r109<2>:uw      {@6}
        mach (8)                  r82           r19               r80             {AccWrEn,Compacted}
        add (16)                  r84.1<2>:uw   r84.1<2>:uw       r105<2>:uw      {@5}
        add (16)                  r86.1<2>:uw   r86.1<2>:uw       r107<2>:uw      {@4}
        mul (8|M8)                acc0          r20               r81<2>:uw
        add (8)                   r18:d         r31<2>:d          r84:d           {@3}
        add (8|M8)                r94:d         r39<2>:d          r85:d           {@4}
        add (16)                  r90:d         r88:d             r86:d           {Compacted,@4}
        mach (8|M8)               r83           r20               r81             {AccWrEn}
        cmp (8)        (lt)f0.0   r97           r18               r31<2>          {@4}
        cmp (8|M8)     (lt)f0.0   r98           r94               r39<2>          {@4}
        add (16)                  r92:d         r82:d             r90:d           {Compacted,@3}
        add (8)                   r95:d         r31.1<2>:d        r92:d           {@1}
        add (8|M8)                r96:d         r39.1<2>:d        r93:d           {@2}
        add (16)                  r99:d         -r97:d            r95:d           {Compacted,@1}
        mov (8)                   r31<2>        r18
        mov (8|M8)                r39<2>        r94
        mov (8)                   r31.1<2>      r99                               {@2}
        mov (8|M8)                r39.1<2>      r100                              {@2}

L14:
        endif (16)                            L27
        mul (8)                   acc0          r48               r52<2>:uw
        mul (16)                  r36:d         r48:d             r52<2>:uw
        mul (16)                  r110:d        r48:d             r52.1<2>:uw
        mul (16)                  r102:d        r46:d             r52<2>:uw
        mul (16)                  r112:d        r46:d             r52.1<2>:uw
        mul (16)                  r104:d        r48:d             r50<2>:uw
        mul (16)                  r114:d        r48:d             r50.1<2>:uw
        add (16)                  r69:d         r78:d             r78:d           {Compacted}
        add (16)                  r95:d         r59:d             328:d           {Compacted}
        mach (8)                  r100          r48               r52             {AccWrEn,Compacted}
        add (16)                  r36.1<2>:uw   r36.1<2>:uw       r110<2>:uw      {@7}
        add (16)                  r102.1<2>:uw  r102.1<2>:uw      r112<2>:uw      {@7}
        add (16)                  r104.1<2>:uw  r104.1<2>:uw      r114<2>:uw      {@6}
        send.hdc1 (16)            r20     r95    null    0x00000000  0x04405C02   {@5,$2}  // wr:2+0, rd:4; untyped_read:xy simd16 (16) bti(2)
        mul (8|M8)                acc0          r49               r53<2>:uw
        mul (16)                  r115:d        r36:d             r78.1<2>:uw     {@4}
        mul (16)                  r111:d        r36:d             r76<2>:uw
        mul (16)                  r63:d         r36:d             r78<2>:uw
        mul (16)                  r117:d        r36:d             r76.1<2>:uw
        mul (16)                  r80:d         r36:d             r69<2>:uw
        mul (16)                  r119:d        r36:d             r69.1<2>:uw
        add (16)                  r106:d        r104:d            r102:d          {Compacted,@7}
        mach (8|M8)               r101          r49               r53             {AccWrEn}
        add (16)                  r63.1<2>:uw   r63.1<2>:uw       r115<2>:uw      {@6}
        add (16)                  r111.1<2>:uw  r111.1<2>:uw      r117<2>:uw      {@6}
        add (16)                  r80.1<2>:uw   r80.1<2>:uw       r119<2>:uw      {@5}
        add (16)                  r61:d         r100:d            r106:d          {Compacted,@4}
        mul (8)                   acc0          r36               r78<2>:uw
        mul (16)                  r121:d        r63:d             r63<2>:uw       {@5}
        mul (16)                  r123:d        r63:d             r63.1<2>:uw
        mul (16)                  r109:d        r61:d             r78<2>:uw       {@4}
        mul (16)                  r116:d        r61:d             r78.1<2>:uw
        mach (8)                  r107          r36               r78             {AccWrEn,Compacted}
        add (16)                  r121.1<2>:uw  r121.1<2>:uw      r123<2>:uw      {@4}
        add (16)                  r109.1<2>:uw  r109.1<2>:uw      r116<2>:uw      {@3}
        mul (8|M8)                acc0          r37               r79<2>:uw
        shr (16)                  r82           r121              0x00000014      {Compacted,@3}
        add (16)                  r123:d        r121:d            1:d             {Compacted}
        add (16)                  r113:d        r111:d            r109:d          {Compacted,@4}
        mach (8|M8)               r108          r37               r79             {AccWrEn}
        cmp (16)       (lt)f0.1   r84           r123              r121            {@3}
        asr (16)                  r86:d         -(abs)r123:d      31:w            {Compacted}
(W)     sync.nop (1)                            null                              {$0.src}
        add (16)                  r67:d         r107:d            r113:d          {Compacted,@3}
        mul (8)                   acc0          r63               r63<2>:uw
        mul (16)                  r114:d        r67:d             r80<2>:uw       {@2}
        mul (16)                  r120:d        r67:d             r80.1<2>:uw
        mach (8)                  r116          r63               r63             {AccWrEn,Compacted}
        add (16)                  r114.1<2>:uw  r114.1<2>:uw      r120<2>:uw      {@2}
        mul (8|M8)                acc0          r64               r64<2>:uw
        mach (8|M8)               r117          r64               r64             {AccWrEn}
        add (16)       (ge)f0.0   r118:d        r116:d            r114:d          {Compacted,@1}
        shl (16)                  r120:d        r118:d            0x0000000c      {@1}
        asr (16)                  r90:d         r118:d            0x00000014
        mul (8)                   acc0          r20               r63<2>:uw       {$2.dst}
        mul (16)                  r96:d         r20:d             r63<2>:uw
        mul (16)                  r125:d        r20:d             r63.1<2>:uw
        mul (16)                  r93:d         r22:d             r63<2>:uw
        mul (16)                  r17:d         r22:d             r63.1<2>:uw
        mach (8)                  r92           r20               r63             {AccWrEn,Compacted}
        add (16)                  r96.1<2>:uw   r96.1<2>:uw       r125<2>:uw      {@4}
        add (16)                  r93.1<2>:uw   r93.1<2>:uw       r17<2>:uw       {@3}
        mul (8|M8)                acc0          r21               r64<2>:uw
        mov (16)                  r18:d         -r123:d
        or (16)                   r122          r82               r120            {Compacted}
        add (16)                  r124:d        -r84:d            r118:d          {Compacted}
        add (8)                   r24:d         r31<2>:d          r96:d           {@6}
        add (8|M8)                r25:d         r39<2>:d          r97:d           {@7}
        mul (16)                  r97:d         r20:d             r67<2>:uw
        shr (16)                  r88           r18               0x00000014      {Compacted,@6}
        mul (16)                  r18:d         r20:d             r67.1<2>:uw
(W)     sync.nop (1)                            null                              {$10.src}
        add (16)                  r126:d        -r124:d           r86:d           {Compacted,@6}
        add (16)                  r97.1<2>:uw   r97.1<2>:uw       r18<2>:uw       {@2}
        shl (16)                  r17:d         r126:d            0x0000000c      {@2}
        asr (16)                  r26:d         r126:d            0x00000014
        add (16)                  r95:d         r97:d             r93:d           {Compacted,@3}
        mach (8|M8)               r93           r21               r64             {AccWrEn}
        or (16)                   r19           r88               r17             {Compacted,@4}
        add (16)                  r28:d         -r26:d            -1:d            {Compacted,@4}
        add (16)                  r98:d         r92:d             r95:d           {Compacted,@3}
        asr (16)                  r80:d         -(abs)r19:d       31:w            {Compacted,@3}
        add (16)                  r84:d         -r19:d            -1:d            {Compacted}
        add (8)                   r96:d         r31.1<2>:d        r98:d           {@3}
        add (8|M8)                r97:d         r39.1<2>:d        r99:d           {@4}
        add (16)                  r82:d         r28:d             r80:d           {Compacted,@4}
        cmp (16)       (lt)f0.1   r86           r84               0xffffffff      {@4}
        add (16)                  r88:d         r82:d             -r86:d          {Compacted,@1}
(f0.0)  sel (16)                  r94           r122              r84             {Compacted}
(f0.0)  sel (16)                  r92           r90               r88             {Compacted,@2}
        cmp (8)        (lt)f0.1   r99           r24               r31<2>
        cmp (8|M8)     (lt)f0.1   r100          r25               r39<2>
        cmp (16)       (ge)f0.0   null:d        r13:d             2:d
        add (16)                  r101:d        -r99:d            r96:d           {Compacted,@2}
(f0.0)  if (16)                               jip:L15             uip:L16
        add (16)                  r103:d        r59:d             384:d           {Compacted}
        send.hdc1 (16)            r26     r103   null    0x00000000  0x04405C02   {@1,$3}  // wr:2+0, rd:4; untyped_read:xy simd16 (16) bti(2)
        mul (8)                   acc0          r26               r94<2>:uw       {@7,$3.dst}
        mul (16)                  r106:d        r26:d             r94<2>:uw       {@7}
        mul (16)                  r19:d         r26:d             r94.1<2>:uw
        mul (16)                  r108:d        r28:d             r94<2>:uw
        mul (16)                  r21:d         r28:d             r94.1<2>:uw
        mul (16)                  r110:d        r26:d             r92<2>:uw
        mul (16)                  r30:d         r26:d             r92.1<2>:uw
        mach (8)                  r104          r26               r94             {AccWrEn,Compacted}
        add (16)                  r106.1<2>:uw  r106.1<2>:uw      r19<2>:uw       {@6}
        add (16)                  r108.1<2>:uw  r108.1<2>:uw      r21<2>:uw       {@5}
        add (16)                  r110.1<2>:uw  r110.1<2>:uw      r30<2>:uw       {@4}
        mul (8|M8)                acc0          r27               r95<2>:uw
        add (16)                  r115:d        r24:d             r106:d          {Compacted,@4}
        add (16)                  r112:d        r110:d            r108:d          {Compacted,@3}
        mach (8|M8)               r105          r27               r95             {AccWrEn}
        cmp (16)       (lt)f0.0   r118          r115              r24             {Compacted,@3}
        mov (8)                   r32<2>        r115
        mov (8|M8)                r40<2>        r116
        add (16)                  r114:d        r104:d            r112:d          {Compacted,@4}
        add (16)                  r116:d        r101:d            r114:d          {Compacted,@1}
        add (16)                  r120:d        -r118:d           r116:d          {Compacted,@1}
        mov (8)                   r32.1<2>      r120                              {@1}
        mov (8|M8)                r40.1<2>      r121                              {@2}
        else (16)                             jip:L16             uip:L16

L15:
        mov (8)                   r32<2>        r24                               {@3}
        mov (8|M8)                r40<2>        r25                               {@3}
        mov (8)                   r32.1<2>      r101                              {@2}
        mov (8|M8)                r40.1<2>      r102                              {@2}

L16:
        endif (16)                            L27
        cmp (16)       (ge)f0.0   null:d        r13:d             3:d
(f0.0)  if (16)                               jip:L17             uip:L17
        mul (8)                   acc0          r63               r94<2>:uw
        mul (16)                  r123:d        r63:d             r94<2>:uw
        mul (16)                  r80:d         r63:d             r94.1<2>:uw
        mul (16)                  r125:d        r67:d             r94<2>:uw
        mul (16)                  r82:d         r67:d             r94.1<2>:uw
        mul (16)                  r17:d         r63:d             r92<2>:uw
        mul (16)                  r84:d         r63:d             r92.1<2>:uw
        add (16)                  r114:d        r59:d             440:d           {Compacted}
        mach (8)                  r121          r63               r94             {AccWrEn,Compacted}
        add (16)                  r123.1<2>:uw  r123.1<2>:uw      r80<2>:uw       {@7}
        add (16)                  r125.1<2>:uw  r125.1<2>:uw      r82<2>:uw       {@6}
        add (16)                  r17.1<2>:uw   r17.1<2>:uw       r84<2>:uw       {@5}
        send.hdc1 (16)            r27     r114   null    0x00000000  0x04405C02   {@5,$4}  // wr:2+0, rd:4; untyped_read:xy simd16 (16) bti(2)
        mul (8|M8)                acc0          r64               r95<2>:uw
        shr (16)                  r25           r123              0x00000014      {Compacted,@4}
        add (16)                  r67:d         r123:d            1:d             {Compacted}
        add (16)                  r19:d         r17:d             r125:d          {Compacted,@4}
        mach (8|M8)               r122          r64               r95             {AccWrEn}
        cmp (16)       (lt)f0.1   r80           r67               r123            {@3}
        mov (16)                  r89:d         -r67:d
        asr (16)                  r84:d         -(abs)r67:d       31:w            {Compacted}
        add (16)       (ge)f0.0   r21:d         r121:d            r19:d           {Compacted,@4}
        shr (16)                  r91           r89               0x00000014      {Compacted,@3}
        shl (16)                  r23:d         r21:d             0x0000000c      {@2}
        add (16)                  r82:d         -r80:d            r21:d           {Compacted,@6}
        asr (16)                  r97:d         r21:d             0x00000014
        or (16)                   r63           r25               r23             {Compacted,@3}
        add (16)                  r86:d         -r82:d            r84:d           {Compacted,@3}
        shl (16)                  r88:d         r86:d             0x0000000c      {@1}
        asr (16)                  r95:d         r86:d             0x00000014
        or (16)                   r93           r91               r88             {Compacted,@2}
        add (16)                  r99:d         -r95:d            -1:d            {Compacted,@2}
        asr (16)                  r101:d        -(abs)r93:d       31:w            {Compacted,@2}
        add (16)                  r105:d        -r93:d            -1:d            {Compacted}
(W)     sync.nop (1)                            null                              {$3.src}
        add (16)                  r103:d        r99:d             r101:d          {Compacted,@2}
        cmp (16)       (lt)f0.1   r107          r105              0xffffffff      {@2}
        add (16)                  r109:d        r103:d            -r107:d         {Compacted,@1}
(f0.0)  sel (16)                  r113          r63               r105            {Compacted,$4.src}
(f0.0)  sel (16)                  r111          r97               r109            {Compacted,@2}
        mul (16)                  r121:d        r27:d             r111<2>:uw      {@1,$4.dst}
        mul (16)                  r89:d         r27:d             r111.1<2>:uw
        mul (8)                   acc0          r27               r113<2>:uw      {@4}
        mul (16)                  r117:d        r27:d             r113<2>:uw      {@5}
        mul (16)                  r85:d         r27:d             r113.1<2>:uw
        mul (16)                  r119:d        r29:d             r113<2>:uw
        mul (16)                  r87:d         r29:d             r113.1<2>:uw
        add (16)                  r121.1<2>:uw  r121.1<2>:uw      r89<2>:uw       {@6}
        mach (8)                  r115          r27               r113            {AccWrEn,Compacted}
        add (16)                  r117.1<2>:uw  r117.1<2>:uw      r85<2>:uw       {@5}
        add (16)                  r119.1<2>:uw  r119.1<2>:uw      r87<2>:uw       {@4}
        mul (8|M8)                acc0          r28               r114<2>:uw
        add (8)                   r23:d         r32<2>:d          r117:d          {@3}
        add (8|M8)                r127:d        r40<2>:d          r118:d          {@4}
        add (16)                  r123:d        r121:d            r119:d          {Compacted,@4}
        mach (8|M8)               r116          r28               r114            {AccWrEn}
        cmp (8)        (lt)f0.0   r19           r23               r32<2>          {@4}
        cmp (8|M8)     (lt)f0.0   r20           r127              r40<2>          {@4}
        add (16)                  r125:d        r115:d            r123:d          {Compacted,@3}
        add (8)                   r17:d         r32.1<2>:d        r125:d          {@1}
        add (8|M8)                r18:d         r40.1<2>:d        r126:d          {@2}
        add (16)                  r21:d         -r19:d            r17:d           {Compacted,@1}
        mov (8)                   r32<2>        r23
        mov (8|M8)                r40<2>        r127
        mov (8)                   r32.1<2>      r21                               {@2}
        mov (8|M8)                r40.1<2>      r22                               {@2}

L17:
        endif (16)                            L27
        mul (8)                   acc0          r48               r56<2>:uw
        mul (16)                  r24:d         r48:d             r56<2>:uw
        mul (16)                  r90:d         r48:d             r56.1<2>:uw
        mul (16)                  r26:d         r46:d             r56<2>:uw
        mul (16)                  r92:d         r46:d             r56.1<2>:uw
        mul (16)                  r94:d         r48:d             r54.1<2>:uw
        add (16)                  r63:d         r59:d             336:d           {Compacted}
        mach (8)                  r22           r48               r56             {AccWrEn,Compacted}
        mul (16)                  r46:d         r48:d             r54<2>:uw
        add (16)                  r24.1<2>:uw   r24.1<2>:uw       r90<2>:uw       {@7}
        add (16)                  r26.1<2>:uw   r26.1<2>:uw       r92<2>:uw       {@6}
        send.hdc1 (16)            r28     r63    null    0x00000000  0x04405C02   {@5,$5}  // wr:2+0, rd:4; untyped_read:xy simd16 (16) bti(2)
        mul (8|M8)                acc0          r49               r57<2>:uw
        add (16)                  r46.1<2>:uw   r46.1<2>:uw       r94<2>:uw       {@4}
        mul (16)                  r95:d         r24:d             r78.1<2>:uw     {@4}
        mul (16)                  r98:d         r24:d             r78<2>:uw
        mul (16)                  r84:d         r24:d             r76<2>:uw
        mul (16)                  r100:d        r24:d             r76.1<2>:uw
        mul (16)                  r102:d        r24:d             r69<2>:uw       {$3.src}
        mul (16)                  r104:d        r24:d             r69.1<2>:uw
        mach (8|M8)               r23           r49               r57             {AccWrEn}
(W)     sync.nop (1)                            null                              {$5.src}
        add (16)                  r63:d         r46:d             r26:d           {Compacted,@7}
        add (16)                  r98.1<2>:uw   r98.1<2>:uw       r95<2>:uw       {@7}
        add (16)                  r84.1<2>:uw   r84.1<2>:uw       r100<2>:uw      {@6}
        add (16)                  r102.1<2>:uw  r102.1<2>:uw      r104<2>:uw      {@5}
        mul (8)                   acc0          r24               r78<2>:uw
        add (16)                  r67:d         r22:d             r63:d           {Compacted,@5}
        mul (16)                  r94:d         r98:d             r98<2>:uw       {@5}
        mul (16)                  r113:d        r98:d             r98.1<2>:uw
        mach (8)                  r80           r24               r78             {AccWrEn,Compacted}
        mul (16)                  r82:d         r67:d             r78<2>:uw       {@4}
        mul (16)                  r96:d         r67:d             r78.1<2>:uw
        add (16)                  r94.1<2>:uw   r94.1<2>:uw       r113<2>:uw      {@4}
        mul (8|M8)                acc0          r25               r79<2>:uw
        add (16)                  r82.1<2>:uw   r82.1<2>:uw       r96<2>:uw       {@3}
        add (16)                  r96:d         r94:d             1:d             {Compacted,@3}
        shr (16)                  r104          r94               0x00000014      {Compacted}
        mach (8|M8)               r81           r25               r79             {AccWrEn}
        cmp (16)       (lt)f0.1   r106          r96               r94             {@3}
        mov (16)                  r112:d        -r96:d
        asr (16)                  r108:d        -(abs)r96:d       31:w            {Compacted}
        mul (8)                   acc0          r98               r98<2>:uw
        shr (16)                  r110          r112              0x00000014      {Compacted,@3}
        mach (8)                  r89           r98               r98             {AccWrEn,Compacted}
        mul (8|M8)                acc0          r99               r99<2>:uw
        mach (8|M8)               r90           r99               r99             {AccWrEn}
        mul (8)                   acc0          r28               r98<2>:uw       {$5.dst}
        mul (16)                  r86:d         r28:d             r98<2>:uw
        mul (16)                  r117:d        r28:d             r98.1<2>:uw
        mul (16)                  r115:d        r30:d             r98<2>:uw
        mul (16)                  r119:d        r30:d             r98.1<2>:uw
        mach (8)                  r114          r28               r98             {AccWrEn,Compacted}
        add (16)                  r86.1<2>:uw   r86.1<2>:uw       r117<2>:uw      {@4}
        add (16)                  r115.1<2>:uw  r115.1<2>:uw      r119<2>:uw      {@3}
        mul (8|M8)                acc0          r29               r99<2>:uw
        add (8)                   r119:d        r32<2>:d          r86:d           {@3}
        add (8|M8)                r120:d        r40<2>:d          r87:d           {@4}
        add (16)                  r86:d         r84:d             r82:d           {Compacted}
        add (16)                  r100:d        r80:d             r86:d           {Compacted,@1}
        mul (16)                  r87:d         r100:d            r102<2>:uw      {@1}
        mul (16)                  r112:d        r100:d            r102.1<2>:uw
        mul (16)                  r91:d         r28:d             r100<2>:uw
        mul (16)                  r121:d        r28:d             r100.1<2>:uw
        add (16)                  r87.1<2>:uw   r87.1<2>:uw       r112<2>:uw      {@3}
        add (16)                  r91.1<2>:uw   r91.1<2>:uw       r121<2>:uw      {@2}
        add (16)                  r117:d        r91:d             r115:d          {Compacted,@1}
        add (16)       (ge)f0.0   r91:d         r89:d             r87:d           {Compacted,@3}
        mach (8|M8)               r115          r29               r99             {AccWrEn}
        shl (16)                  r93:d         r91:d             0x0000000c      {@2}
        add (16)                  r102:d        -r106:d           r91:d           {Compacted}
        asr (16)                  r112:d        r91:d             0x00000014
        or (16)                   r95           r104              r93             {Compacted,@3}
        add (16)                  r104:d        -r102:d           r108:d          {Compacted,@3}
        add (16)                  r93:d         r114:d            r117:d          {Compacted,@6}
        shl (16)                  r106:d        r104:d            0x0000000c      {@2}
        asr (16)                  r123:d        r104:d            0x00000014
        add (8)                   r102:d        r32.1<2>:d        r93:d           {@3}
        add (8|M8)                r103:d        r40.1<2>:d        r94:d           {@4}
        or (16)                   r121          r110              r106            {Compacted,@4}
        add (16)                  r125:d        -r123:d           -1:d            {Compacted,@4}
        asr (16)                  r17:d         -(abs)r121:d      31:w            {Compacted,@2}
        add (16)                  r21:d         -r121:d           -1:d            {Compacted}
        add (16)                  r19:d         r125:d            r17:d           {Compacted,@2}
        cmp (16)       (lt)f0.1   r23           r21               0xffffffff      {@2}
        add (16)                  r25:d         r19:d             -r23:d          {Compacted,@1}
(f0.0)  sel (16)                  r46           r95               r21             {Compacted}
(f0.0)  sel (16)                  r27           r112              r25             {Compacted,@2}
        cmp (8)        (lt)f0.1   r104          r119              r32<2>
        cmp (8|M8)     (lt)f0.1   r105          r120              r40<2>
        cmp (16)       (ge)f0.0   null:d        r13:d             2:d
        add (16)                  r106:d        -r104:d           r102:d          {Compacted,@2}
(f0.0)  if (16)                               jip:L18             uip:L19
        add (16)                  r108:d        r59:d             392:d           {Compacted}
        send.hdc1 (16)            r29     r108   null    0x00000000  0x04405C02   {@1,$6}  // wr:2+0, rd:4; untyped_read:xy simd16 (16) bti(2)
        mul (8)                   acc0          r29               r46<2>:uw       {@7,$6.dst}
        mul (16)                  r111:d        r29:d             r46<2>:uw       {@7}
        mul (16)                  r122:d        r29:d             r46.1<2>:uw
        mul (16)                  r113:d        r31:d             r46<2>:uw
        mul (16)                  r124:d        r31:d             r46.1<2>:uw
        mul (16)                  r115:d        r29:d             r27<2>:uw
        mul (16)                  r126:d        r29:d             r27.1<2>:uw
        mach (8)                  r109          r29               r46             {AccWrEn,Compacted}
        add (16)                  r111.1<2>:uw  r111.1<2>:uw      r122<2>:uw      {@6}
        add (16)                  r113.1<2>:uw  r113.1<2>:uw      r124<2>:uw      {@5}
        add (16)                  r115.1<2>:uw  r115.1<2>:uw      r126<2>:uw      {@4}
        mul (8|M8)                acc0          r30               r47<2>:uw
        add (16)                  r122:d        r119:d            r111:d          {Compacted,@4}
        add (16)                  r117:d        r115:d            r113:d          {Compacted,@3}
        mach (8|M8)               r110          r30               r47             {AccWrEn}
        cmp (16)       (lt)f0.0   r125          r122              r119            {Compacted,@3}
        mov (8)                   r82<2>        r122
        mov (8|M8)                r92<2>        r123
        add (16)                  r121:d        r109:d            r117:d          {Compacted,@4}
        add (16)                  r123:d        r106:d            r121:d          {Compacted,@1}
        add (16)                  r17:d         -r125:d           r123:d          {Compacted,@1}
        mov (8)                   r82.1<2>      r17                               {@1}
        mov (8|M8)                r92.1<2>      r18                               {@2}
        else (16)                             jip:L19             uip:L19

L18:
        mov (8)                   r82<2>        r119                              {@3}
        mov (8|M8)                r92<2>        r120                              {@3}
        mov (8)                   r82.1<2>      r106                              {@2}
        mov (8|M8)                r92.1<2>      r107                              {@2}

L19:
        endif (16)                            L27
        cmp (16)       (ge)f0.0   null:d        r13:d             3:d
(f0.0)  if (16)                               jip:L20             uip:L20
        mul (8)                   acc0          r98               r46<2>:uw
        mul (16)                  r20:d         r98:d             r46<2>:uw
        mul (16)                  r29:d         r98:d             r46.1<2>:uw
        mul (16)                  r22:d         r100:d            r46<2>:uw
        mul (16)                  r31:d         r100:d            r46.1<2>:uw
        mul (16)                  r24:d         r98:d             r27<2>:uw
        mul (16)                  r39:d         r98:d             r27.1<2>:uw
        add (16)                  r109:d        r59:d             448:d           {Compacted}
        mach (8)                  r18           r98               r46             {AccWrEn,Compacted}
        add (16)                  r20.1<2>:uw   r20.1<2>:uw       r29<2>:uw       {@7}
        add (16)                  r22.1<2>:uw   r22.1<2>:uw       r31<2>:uw       {@6}
        add (16)                  r24.1<2>:uw   r24.1<2>:uw       r39<2>:uw       {@5}
        send.hdc1 (16)            r122    r109   null    0x00000000  0x04405C02   {@5,$7}  // wr:2+0, rd:4; untyped_read:xy simd16 (16) bti(2)
        mul (8|M8)                acc0          r99               r47<2>:uw
        add (16)                  r40:d         r20:d             1:d             {Compacted,@4}
        shr (16)                  r32           r20               0x00000014      {Compacted}
        add (16)                  r26:d         r24:d             r22:d           {Compacted,@4}
        mach (8|M8)               r19           r99               r47             {AccWrEn}
        cmp (16)       (lt)f0.1   r46           r40               r20             {@4}
        mov (16)                  r84:d         -r40:d
        asr (16)                  r63:d         -(abs)r40:d       31:w            {Compacted}
        add (16)       (ge)f0.0   r28:d         r18:d             r26:d           {Compacted,@4}
        shr (16)                  r86           r84               0x00000014      {Compacted,@3}
        shl (16)                  r30:d         r28:d             0x0000000c      {@2}
        add (16)                  r48:d         -r46:d            r28:d           {Compacted,@6}
        asr (16)                  r120:d        r28:d             0x00000014
        or (16)                   r39           r32               r30             {Compacted,@3}
        add (16)                  r67:d         -r48:d            r63:d           {Compacted,@3}
        shl (16)                  r80:d         r67:d             0x0000000c      {@1}
        asr (16)                  r90:d         r67:d             0x00000014
        or (16)                   r88           r86               r80             {Compacted,@2}
        add (16)                  r94:d         -r90:d            -1:d            {Compacted,@2}
        asr (16)                  r96:d         -(abs)r88:d       31:w            {Compacted,@2}
        add (16)                  r100:d        -r88:d            -1:d            {Compacted}
        add (16)                  r98:d         r94:d             r96:d           {Compacted,@2}
        cmp (16)       (lt)f0.1   r102          r100              0xffffffff      {@2}
        add (16)                  r104:d        r98:d             -r102:d         {Compacted,@1}
(W)     sync.nop (1)                            null                              {$7.src}
(f0.0)  sel (16)                  r108          r39               r100            {Compacted,$6.src}
(f0.0)  sel (16)                  r106          r120              r104            {Compacted,@2}
        mul (16)                  r116:d        r122:d            r106<2>:uw      {@1,$7.dst}
        mul (16)                  r48:d         r122:d            r106.1<2>:uw
        mul (8)                   acc0          r122              r108<2>:uw      {@4}
        mul (16)                  r112:d        r122:d            r108<2>:uw      {@5}
        mul (16)                  r40:d         r122:d            r108.1<2>:uw
        mul (16)                  r114:d        r124:d            r108<2>:uw
        mul (16)                  r46:d         r124:d            r108.1<2>:uw
        add (16)                  r116.1<2>:uw  r116.1<2>:uw      r48<2>:uw       {@6}
        mach (8)                  r110          r122              r108            {AccWrEn,Compacted}
        add (16)                  r112.1<2>:uw  r112.1<2>:uw      r40<2>:uw       {@5}
        add (16)                  r114.1<2>:uw  r114.1<2>:uw      r46<2>:uw       {@4}
        mul (8|M8)                acc0          r123              r109<2>:uw
        add (8)                   r24:d         r82<2>:d          r112:d          {@3}
        add (8|M8)                r126:d        r92<2>:d          r113:d          {@4}
        add (16)                  r118:d        r116:d            r114:d          {Compacted,@4}
        mach (8|M8)               r111          r123              r109            {AccWrEn}
        cmp (8)        (lt)f0.0   r19           r24               r82<2>          {@4}
        cmp (8|M8)     (lt)f0.0   r20           r126              r92<2>          {@4}
        add (16)                  r120:d        r110:d            r118:d          {Compacted,@3}
        add (8)                   r17:d         r82.1<2>:d        r120:d          {@1}
        add (8|M8)                r18:d         r92.1<2>:d        r121:d          {@2}
        add (16)                  r21:d         -r19:d            r17:d           {Compacted,@1}
        mov (8)                   r82<2>        r24
        mov (8|M8)                r92<2>        r126
        mov (8)                   r82.1<2>      r21                               {@2}
        mov (8|M8)                r92.1<2>      r22                               {@2}

L20:
        endif (16)                            L27
        mul (8)                   acc0          r52               r56<2>:uw
        mul (16)                  r25:d         r52:d             r56<2>:uw
        mul (16)                  r63:d         r52:d             r56.1<2>:uw
        mul (16)                  r27:d         r50:d             r56<2>:uw
        mul (16)                  r67:d         r50:d             r56.1<2>:uw
        mul (16)                  r29:d         r52:d             r54<2>:uw
        mul (16)                  r80:d         r52:d             r54.1<2>:uw
        add (16)                  r126:d        r59:d             344:d           {Compacted}
        mach (8)                  r23           r52               r56             {AccWrEn,Compacted}
        add (16)                  r25.1<2>:uw   r25.1<2>:uw       r63<2>:uw       {@7}
        add (16)                  r27.1<2>:uw   r27.1<2>:uw       r67<2>:uw       {@6}
        add (16)                  r29.1<2>:uw   r29.1<2>:uw       r80<2>:uw       {@5}
        send.hdc1 (16)            r19     r126   null    0x00000000  0x04405C02   {@5,$8}  // wr:2+0, rd:4; untyped_read:xy simd16 (16) bti(2)
        mul (8|M8)                acc0          r53               r57<2>:uw
        mul (16)                  r123:d        r25:d             r78<2>:uw       {@4}
        mul (16)                  r84:d         r25:d             r78.1<2>:uw
        mul (16)                  r48:d         r25:d             r76<2>:uw
        mul (16)                  r88:d         r25:d             r76.1<2>:uw
        mul (16)                  r63:d         r25:d             r69<2>:uw
        mul (16)                  r90:d         r25:d             r69.1<2>:uw
        add (16)                  r31:d         r29:d             r27:d           {Compacted,@7}
        mach (8|M8)               r24           r53               r57             {AccWrEn}
        add (16)                  r123.1<2>:uw  r123.1<2>:uw      r84<2>:uw       {@7}
        add (16)                  r48.1<2>:uw   r48.1<2>:uw       r88<2>:uw       {@6}
        add (16)                  r63.1<2>:uw   r63.1<2>:uw       r90<2>:uw       {@5}
        add (16)                  r39:d         r23:d             r31:d           {Compacted,@4}
        mul (8)                   acc0          r25               r78<2>:uw
        mul (16)                  r85:d         r123:d            r123<2>:uw      {@5}
        mul (16)                  r97:d         r123:d            r123.1<2>:uw
        mul (16)                  r46:d         r39:d             r78<2>:uw       {@4}
        mul (16)                  r87:d         r39:d             r78.1<2>:uw
        mach (8)                  r40           r25               r78             {AccWrEn,Compacted}
        add (16)                  r85.1<2>:uw   r85.1<2>:uw       r97<2>:uw       {@4}
        add (16)                  r46.1<2>:uw   r46.1<2>:uw       r87<2>:uw       {@3}
        mul (8|M8)                acc0          r26               r79<2>:uw
        shr (16)                  r87           r85               0x00000014      {Compacted,@3}
        add (16)                  r90:d         r85:d             1:d             {Compacted}
        add (16)                  r50:d         r48:d             r46:d           {Compacted,@4}
        mach (8|M8)               r41           r26               r79             {AccWrEn}
        cmp (16)       (lt)f0.1   r94           r90               r85             {@3}
        mov (16)                  r103:d        -r90:d
        add (16)                  r52:d         r40:d             r50:d           {Compacted,@3}
        mul (8)                   acc0          r123              r123<2>:uw
(W)     sync.nop (1)                            null                              {$8.src}
        shr (16)                  r125          r103              0x00000014      {Compacted,@3}
        mul (16)                  r67:d         r52:d             r63<2>:uw       {@3}
        mul (16)                  r96:d         r52:d             r63.1<2>:uw
        mach (8)                  r69           r123              r123            {AccWrEn,Compacted}
        add (16)                  r67.1<2>:uw   r67.1<2>:uw       r96<2>:uw       {@2}
        mul (8|M8)                acc0          r124              r124<2>:uw
        mach (8|M8)               r70           r124              r124            {AccWrEn}
        add (16)       (ge)f0.0   r80:d         r69:d             r67:d           {Compacted,@1}
        shl (16)                  r84:d         r80:d             0x0000000c      {@1}
        add (16)                  r96:d         -r94:d            r80:d           {Compacted}
        asr (16)                  r17:d         r80:d             0x00000014
        mul (8)                   acc0          r19               r123<2>:uw      {$8.dst}
        mul (16)                  r23:d         r21:d             r123<2>:uw
        mul (16)                  r29:d         r19:d             r123<2>:uw
        mul (16)                  r99:d         r19:d             r123.1<2>:uw
        mul (16)                  r101:d        r21:d             r123.1<2>:uw
        add (16)                  r29.1<2>:uw   r29.1<2>:uw       r99<2>:uw       {@2}
        asr (16)                  r98:d         -(abs)r90:d       31:w            {Compacted}
        add (16)                  r23.1<2>:uw   r23.1<2>:uw       r101<2>:uw      {@3}
        or (16)                   r89           r87               r84             {Compacted}
        mul (16)                  r102:d        r19:d             r52.1<2>:uw
        add (8)                   r27:d         r82<2>:d          r29:d           {@5}
        add (8|M8)                r28:d         r92<2>:d          r30:d           {@6}
        add (16)                  r100:d        -r96:d            r98:d           {Compacted,@6}
        mul (16)                  r30:d         r19:d             r52<2>:uw
        asr (16)                  r106:d        r100:d            0x00000014      {@2}
        add (16)                  r30.1<2>:uw   r30.1<2>:uw       r102<2>:uw      {@2}
        shl (16)                  r102:d        r100:d            0x0000000c
(W)     sync.nop (1)                            null                              {$6.src}
        add (16)                  r108:d        -r106:d           -1:d            {Compacted,@3}
        add (16)                  r25:d         r30:d             r23:d           {Compacted,@3}
        mach (8)                  r23           r19               r123            {AccWrEn,Compacted}
        or (16)                   r104          r125              r102            {Compacted,@4}
        mul (8|M8)                acc0          r20               r124<2>:uw
        asr (16)                  r110:d        -(abs)r104:d      31:w            {Compacted,@2}
        add (16)                  r114:d        -r104:d           -1:d            {Compacted}
        mach (8|M8)               r24           r20               r124            {AccWrEn}
        add (16)                  r112:d        r108:d            r110:d          {Compacted,@3}
        cmp (16)       (lt)f0.1   r116          r114              0xffffffff      {@3}
        add (16)                  r31:d         r23:d             r25:d           {Compacted,@3}
        add (16)                  r118:d        r112:d            -r116:d         {Compacted,@2}
(f0.0)  sel (16)                  r125          r89               r114            {Compacted}
        add (8)                   r39:d         r82.1<2>:d        r31:d           {@3}
        add (8|M8)                r40:d         r92.1<2>:d        r32:d           {@4}
(f0.0)  sel (16)                  r120          r17               r118            {Compacted,@4}
        cmp (8)        (lt)f0.1   r46           r27               r82<2>
        cmp (8|M8)     (lt)f0.1   r47           r28               r92<2>
        cmp (16)       (ge)f0.0   null:d        r13:d             2:d
        add (16)                  r48:d         -r46:d            r39:d           {Compacted,@2}
(f0.0)  if (16)                               jip:L21             uip:L22
        add (16)                  r50:d         r59:d             400:d           {Compacted}
        send.hdc1 (16)            r29     r50    null    0x00000000  0x04405C02   {@1,$9}  // wr:2+0, rd:4; untyped_read:xy simd16 (16) bti(2)
        mul (8)                   acc0          r29               r125<2>:uw      {@7,$9.dst}
        mul (16)                  r67:d         r29:d             r125<2>:uw
        mul (16)                  r103:d        r29:d             r125.1<2>:uw
        mul (16)                  r69:d         r31:d             r125<2>:uw
        mul (16)                  r105:d        r31:d             r125.1<2>:uw
        mul (16)                  r80:d         r29:d             r120<2>:uw
        mul (16)                  r107:d        r29:d             r120.1<2>:uw
        mach (8)                  r63           r29               r125            {AccWrEn,Compacted}
        add (16)                  r67.1<2>:uw   r67.1<2>:uw       r103<2>:uw      {@6}
        add (16)                  r69.1<2>:uw   r69.1<2>:uw       r105<2>:uw      {@5}
        add (16)                  r80.1<2>:uw   r80.1<2>:uw       r107<2>:uw      {@4}
        mul (8|M8)                acc0          r30               r126<2>:uw
        add (16)                  r88:d         r27:d             r67:d           {Compacted,@4}
        add (16)                  r85:d         r80:d             r69:d           {Compacted,@3}
        mach (8|M8)               r64           r30               r126            {AccWrEn}
        cmp (16)       (lt)f0.0   r91           r88               r27             {Compacted,@3}
        mov (8)                   r83<2>        r88
        mov (8|M8)                r93<2>        r89
        add (16)                  r87:d         r63:d             r85:d           {Compacted,@4}
        add (16)                  r89:d         r48:d             r87:d           {Compacted,@1}
        add (16)                  r95:d         -r91:d            r89:d           {Compacted,@1}
        mov (8)                   r83.1<2>      r95                               {@1}
        mov (8|M8)                r93.1<2>      r96                               {@2}
        else (16)                             jip:L22             uip:L22

L21:
        mov (8)                   r83<2>        r27                               {@3}
        mov (8|M8)                r93<2>        r28                               {@3}
        mov (8)                   r83.1<2>      r48                               {@2}
        mov (8|M8)                r93.1<2>      r49                               {@2}

L22:
        endif (16)                            L27
        cmp (16)       (ge)f0.0   null:d        r13:d             3:d
(f0.0)  if (16)                               jip:L23             uip:L23
        mul (8)                   acc0          r123              r125<2>:uw
        mul (16)                  r98:d         r123:d            r125<2>:uw
        mul (16)                  r108:d        r123:d            r125.1<2>:uw
        mul (16)                  r100:d        r52:d             r125<2>:uw
        mul (16)                  r110:d        r52:d             r125.1<2>:uw
        mul (16)                  r102:d        r123:d            r120<2>:uw
        mul (16)                  r112:d        r123:d            r120.1<2>:uw
        add (16)                  r63:d         r59:d             456:d           {Compacted}
        mach (8)                  r96           r123              r125            {AccWrEn,Compacted}
        add (16)                  r98.1<2>:uw   r98.1<2>:uw       r108<2>:uw      {@7}
        add (16)                  r100.1<2>:uw  r100.1<2>:uw      r110<2>:uw      {@6}
        add (16)                  r102.1<2>:uw  r102.1<2>:uw      r112<2>:uw      {@5}
        send.hdc1 (16)            r30     r63    null    0x00000000  0x04405C02   {@5,$10}  // wr:2+0, rd:4; untyped_read:xy simd16 (16) bti(2)
        mul (8|M8)                acc0          r124              r126<2>:uw
        add (16)                  r113:d        r98:d             1:d             {Compacted,@4}
        shr (16)                  r110          r98               0x00000014      {Compacted}
        add (16)                  r104:d        r102:d            r100:d          {Compacted,@4}
        mach (8|M8)               r97           r124              r126            {AccWrEn}
        mov (16)                  r124:d        -r113:d                           {@4}
        cmp (16)       (lt)f0.1   r115          r113              r98
        asr (16)                  r119:d        -(abs)r113:d      31:w            {Compacted}
        add (16)       (ge)f0.0   r106:d        r96:d             r104:d          {Compacted,@4}
(W)     sync.nop (1)                            null                              {$8.src}
        shr (16)                  r126          r124              0x00000014      {Compacted,@4}
        shl (16)                  r108:d        r106:d            0x0000000c      {@2}
        add (16)                  r117:d        -r115:d           r106:d          {Compacted,@5}
        asr (16)                  r48:d         r106:d            0x00000014
        or (16)                   r112          r110              r108            {Compacted,@3}
        add (16)                  r121:d        -r117:d           r119:d          {Compacted,@3}
        shl (16)                  r123:d        r121:d            0x0000000c      {@1}
        asr (16)                  r19:d         r121:d            0x00000014
        or (16)                   r17           r126              r123            {Compacted,@2}
        add (16)                  r21:d         -r19:d            -1:d            {Compacted,@2}
        asr (16)                  r23:d         -(abs)r17:d       31:w            {Compacted,@2}
        add (16)                  r27:d         -r17:d            -1:d            {Compacted}
        add (16)                  r25:d         r21:d             r23:d           {Compacted,@2}
        cmp (16)       (lt)f0.1   r39           r27               0xffffffff      {@2}
        add (16)                  r46:d         r25:d             -r39:d          {Compacted,@1}
(f0.0)  sel (16)                  r52           r112              r27             {Compacted}
(W)     sync.nop (1)                            null                              {$9.src}
(f0.0)  sel (16)                  r50           r48               r46             {Compacted,@2}
        mul (16)                  r85:d         r30:d             r50<2>:uw       {@1,$10.dst}
        mul (16)                  r117:d        r30:d             r50.1<2>:uw
        mul (8)                   acc0          r30               r52<2>:uw       {@4}
        mul (16)                  r69:d         r30:d             r52<2>:uw       {@5}
        mul (16)                  r113:d        r30:d             r52.1<2>:uw
        mul (16)                  r80:d         r32:d             r52<2>:uw
        mul (16)                  r115:d        r32:d             r52.1<2>:uw
        add (16)                  r85.1<2>:uw   r85.1<2>:uw       r117<2>:uw      {@6}
        mach (8)                  r67           r30               r52             {AccWrEn,Compacted}
        add (16)                  r69.1<2>:uw   r69.1<2>:uw       r113<2>:uw      {@5}
        add (16)                  r80.1<2>:uw   r80.1<2>:uw       r115<2>:uw      {@4}
        mul (8|M8)                acc0          r31               r53<2>:uw
        add (8)                   r25:d         r83<2>:d          r69:d           {@3}
        add (8|M8)                r91:d         r93<2>:d          r70:d           {@4}
        add (16)                  r87:d         r85:d             r80:d           {Compacted,@4}
        mach (8|M8)               r68           r31               r53             {AccWrEn}
        cmp (8)        (lt)f0.0   r97           r25               r83<2>          {@4}
        cmp (8|M8)     (lt)f0.0   r98           r91               r93<2>          {@4}
        add (16)                  r89:d         r67:d             r87:d           {Compacted,@3}
        add (8)                   r95:d         r83.1<2>:d        r89:d           {@1}
        add (8|M8)                r96:d         r93.1<2>:d        r90:d           {@2}
        add (16)                  r99:d         -r97:d            r95:d           {Compacted,@1}
        mov (8)                   r83<2>        r25
        mov (8|M8)                r93<2>        r91
        mov (8)                   r83.1<2>      r99                               {@2}
        mov (8|M8)                r93.1<2>      r100                              {@2}

L23:
        endif (16)                            L27
        mul (8)                   acc0          r78               r56<2>:uw
        mul (16)                  r102:d        r78:d             r56<2>:uw
        mul (16)                  r118:d        r78:d             r56.1<2>:uw
        mul (16)                  r104:d        r76:d             r56<2>:uw
        mul (16)                  r120:d        r76:d             r56.1<2>:uw
        mul (16)                  r106:d        r78:d             r54<2>:uw
        mul (16)                  r122:d        r78:d             r54.1<2>:uw
        add (16)                  r26:d         r59:d             352:d           {Compacted}
        mach (8)                  r100          r78               r56             {AccWrEn,Compacted}
        add (16)                  r102.1<2>:uw  r102.1<2>:uw      r118<2>:uw      {@7}
        add (16)                  r104.1<2>:uw  r104.1<2>:uw      r120<2>:uw      {@6}
        add (16)                  r106.1<2>:uw  r106.1<2>:uw      r122<2>:uw      {@5}
        send.hdc1 (16)            r46     r26    null    0x00000000  0x04405C02   {@5,$11}  // wr:2+0, rd:4; untyped_read:xy simd16 (16) bti(2)
        mul (8|M8)                acc0          r79               r57<2>:uw
        mul (16)                  r123:d        r102:d            r74.1<2>:uw     {@4}
        mul (16)                  r113:d        r102:d            r74<2>:uw
        mul (16)                  r117:d        r102:d            r72<2>:uw
        mul (16)                  r18:d         r102:d            r72.1<2>:uw
        add (16)                  r108:d        r106:d            r104:d          {Compacted,@6}
        mach (8|M8)               r101          r79               r57             {AccWrEn}
        add (16)                  r113.1<2>:uw  r113.1<2>:uw      r123<2>:uw      {@5}
        add (16)                  r117.1<2>:uw  r117.1<2>:uw      r18<2>:uw       {@4}
        add (16)                  r110:d        r100:d            r108:d          {Compacted,@3}
        mul (8)                   acc0          r102              r74<2>:uw
        mul (16)                  r19:d         r36:d             r113.1<2>:uw    {@4}
        mul (16)                  r123:d        r36:d             r113<2>:uw
        mul (16)                  r125:d        r61:d             r113<2>:uw
        mul (16)                  r21:d         r61:d             r113.1<2>:uw
        mul (16)                  r115:d        r110:d            r74<2>:uw       {@6}
        mul (16)                  r17:d         r110:d            r74.1<2>:uw
        add (16)                  r123.1<2>:uw  r123.1<2>:uw      r19<2>:uw       {@5}
        mach (8)                  r111          r102              r74             {AccWrEn,Compacted}
        add (16)                  r125.1<2>:uw  r125.1<2>:uw      r21<2>:uw       {@5}
        add (16)                  r115.1<2>:uw  r115.1<2>:uw      r17<2>:uw       {@4}
(W)     sync.nop (1)                            null                              {$11.src}
        shr (16)                  r25           r123              0x00000014      {Compacted,@4}
        add (16)                  r28:d         r123:d            1:d             {Compacted}
        mul (8|M8)                acc0          r103              r75<2>:uw
        add (16)                  r119:d        r117:d            r115:d          {Compacted,@4}
        cmp (16)       (lt)f0.1   r30           r28               r123            {@3}
        mov (16)                  r53:d         -r28:d
        mach (8|M8)               r112          r103              r75             {AccWrEn}
        asr (16)                  r39:d         -(abs)r28:d       31:w            {Compacted}
        shr (16)                  r55           r53               0x00000014      {Compacted,@3}
        add (16)                  r121:d        r111:d            r119:d          {Compacted,@3}
        mul (8)                   acc0          r36               r113<2>:uw
        mul (16)                  r17:d         r36:d             r121<2>:uw      {@2}
        mul (16)                  r22:d         r36:d             r121.1<2>:uw
        mach (8)                  r122          r36               r113            {AccWrEn,Compacted}
        add (16)                  r17.1<2>:uw   r17.1<2>:uw       r22<2>:uw       {@2}
        mul (8|M8)                acc0          r37               r114<2>:uw
        add (16)                  r19:d         r17:d             r125:d          {Compacted,@2}
        mach (8|M8)               r123          r37               r114            {AccWrEn}
        add (16)       (ge)f0.0   r21:d         r122:d            r19:d           {Compacted,@1}
        shl (16)                  r23:d         r21:d             0x0000000c      {@1}
        add (16)                  r32:d         -r30:d            r21:d           {Compacted}
        asr (16)                  r77:d         r21:d             0x00000014
        or (16)                   r27           r25               r23             {Compacted,@3}
(W)     sync.nop (1)                            null                              {$9.src}
        add (16)                  r50:d         -r32:d            r39:d           {Compacted,@3}
        shl (16)                  r52:d         r50:d             0x0000000c      {@1}
        asr (16)                  r61:d         r50:d             0x00000014
        or (16)                   r57           r55               r52             {Compacted,@2}
(W)     sync.nop (1)                            null                              {$10.src}
        add (16)                  r63:d         -r61:d            -1:d            {Compacted,@2}
        asr (16)                  r67:d         -(abs)r57:d       31:w            {Compacted,@2}
        add (16)                  r71:d         -r57:d            -1:d            {Compacted}
        add (16)                  r69:d         r63:d             r67:d           {Compacted,@2}
        cmp (16)       (lt)f0.1   r73           r71               0xffffffff      {@2}
        add (16)                  r75:d         r69:d             -r73:d          {Compacted,@1}
(f0.0)  sel (16)                  r81           r27               r71             {Compacted}
(f0.0)  sel (16)                  r79           r77               r75             {Compacted,@2}
        add (16)                  r85:d         r81:d             r81:d           {Compacted,@2}
        mul (8)                   acc0          r81               r81<2>:uw
        mul (16)                  r96:d         r81:d             r81<2>:uw
        mul (16)                  r25:d         r81:d             r81.1<2>:uw
        mul (16)                  r28:d         r46:d             r81<2>:uw       {$11.dst}
        mul (16)                  r36:d         r46:d             r81.1<2>:uw
        mul (16)                  r30:d         r48:d             r81<2>:uw
        mul (16)                  r39:d         r48:d             r81.1<2>:uw
        mul (16)                  r32:d         r46:d             r79<2>:uw       {@7}
        mul (16)                  r50:d         r46:d             r79.1<2>:uw
        mul (16)                  r87:d         r79:d             r85<2>:uw       {@7}
        mul (16)                  r23:d         r79:d             r85.1<2>:uw
        mach (8)                  r89           r81               r81             {AccWrEn,Compacted}
        add (16)                  r96.1<2>:uw   r96.1<2>:uw       r25<2>:uw       {@7}
        add (16)                  r28.1<2>:uw   r28.1<2>:uw       r36<2>:uw       {@7}
        add (16)                  r30.1<2>:uw   r30.1<2>:uw       r39<2>:uw       {@7}
        add (16)                  r32.1<2>:uw   r32.1<2>:uw       r50<2>:uw       {@7}
        add (16)                  r87.1<2>:uw   r87.1<2>:uw       r23<2>:uw       {@6}
        mul (8|M8)                acc0          r82               r82<2>:uw
        shr (16)                  r98           r96               0x00000014      {Compacted,@6}
        add (16)                  r101:d        r96:d             1:d             {Compacted}
        add (8)                   r50:d         r83<2>:d          r28:d           {@7}
        add (8|M8)                r51:d         r93<2>:d          r29:d           {@7}
        add (16)                  r36:d         r32:d             r30:d           {Compacted,@7}
        mach (8|M8)               r90           r82               r82             {AccWrEn}
        cmp (16)       (lt)f0.1   r103          r101              r96             {@5}
        mov (16)                  r112:d        -r101:d
        asr (16)                  r107:d        -(abs)r101:d      31:w            {Compacted}
        add (16)       (ge)f0.0   r91:d         r89:d             r87:d           {Compacted,@4}
        mul (8)                   acc0          r46               r81<2>:uw
        shr (16)                  r114          r112              0x00000014      {Compacted,@4}
        shl (16)                  r95:d         r91:d             0x0000000c      {@3}
        add (16)                  r105:d        -r103:d           r91:d           {Compacted,@7}
        asr (16)                  r21:d         r91:d             0x00000014
        mach (8)                  r27           r46               r81             {AccWrEn,Compacted}
        or (16)                   r100          r98               r95             {Compacted,@4}
        add (16)                  r109:d        -r105:d           r107:d          {Compacted,@4}
        mul (8|M8)                acc0          r47               r82<2>:uw
        shl (16)                  r111:d        r109:d            0x0000000c      {@2}
        asr (16)                  r118:d        r109:d            0x00000014
        mach (8|M8)               r28           r47               r82             {AccWrEn}
        or (16)                   r116          r114              r111            {Compacted,@3}
        add (16)                  r120:d        -r118:d           -1:d            {Compacted,@3}
        add (16)                  r39:d         r27:d             r36:d           {Compacted,@3}
        asr (16)                  r122:d        -(abs)r116:d      31:w            {Compacted,@3}
        add (16)                  r126:d        -r116:d           -1:d            {Compacted,$8.src}
        add (8)                   r46:d         r83.1<2>:d        r39:d           {@3}
        add (8|M8)                r47:d         r93.1<2>:d        r40:d           {@4}
        add (16)                  r124:d        r120:d            r122:d          {Compacted,@4}
        cmp (16)       (lt)f0.1   r17           r126              0xffffffff      {@4}
        add (16)                  r19:d         r124:d            -r17:d          {Compacted,@1}
(f0.0)  sel (16)                  r25           r100              r126            {Compacted}
(f0.0)  sel (16)                  r23           r21               r19             {Compacted,@2}
        cmp (8)        (lt)f0.1   r48           r50               r83<2>
        cmp (8|M8)     (lt)f0.1   r49           r51               r93<2>
        cmp (16)       (ge)f0.0   null:d        r13:d             2:d
        add (16)                  r52:d         -r48:d            r46:d           {Compacted,@2}
(f0.0)  if (16)                               jip:L24             uip:L25
        add (16)                  r54:d         r59:d             408:d           {Compacted}
        send.hdc1 (16)            r61     r54    null    0x00000000  0x04405C02   {@1,$12}  // wr:2+0, rd:4; untyped_read:xy simd16 (16) bti(2)
        mul (8)                   acc0          r61               r25<2>:uw       {@7,$12.dst}
        mul (16)                  r69:d         r61:d             r25<2>:uw       {@7}
        mul (16)                  r54:d         r61:d             r25.1<2>:uw
        mul (16)                  r71:d         r63:d             r25<2>:uw
        mul (16)                  r56:d         r63:d             r25.1<2>:uw
        mul (16)                  r73:d         r61:d             r23<2>:uw
        mul (16)                  r75:d         r61:d             r23.1<2>:uw
        mach (8)                  r67           r61               r25             {AccWrEn,Compacted}
        add (16)                  r69.1<2>:uw   r69.1<2>:uw       r54<2>:uw       {@6}
        add (16)                  r71.1<2>:uw   r71.1<2>:uw       r56<2>:uw       {@5}
        add (16)                  r73.1<2>:uw   r73.1<2>:uw       r75<2>:uw       {@4}
        mul (8|M8)                acc0          r62               r26<2>:uw
        add (16)                  r83:d         r50:d             r69:d           {Compacted,@4}
        add (16)                  r75:d         r73:d             r71:d           {Compacted,@3}
        mach (8|M8)               r68           r62               r26             {AccWrEn}
        cmp (16)       (lt)f0.0   r86           r83               r50             {Compacted,@3}
        mov (8)                   r34<2>        r83
        mov (8|M8)                r42<2>        r84
        add (16)                  r77:d         r67:d             r75:d           {Compacted,@4}
        add (16)                  r84:d         r52:d             r77:d           {Compacted,@1}
        add (16)                  r88:d         -r86:d            r84:d           {Compacted,@1}
        mov (8)                   r34.1<2>      r88                               {@1}
        mov (8|M8)                r42.1<2>      r89                               {@2}
        else (16)                             jip:L25             uip:L25

L24:
        mov (8)                   r34<2>        r50                               {@3}
        mov (8|M8)                r42<2>        r51                               {@3}
        mov (8)                   r34.1<2>      r52                               {@2}
        mov (8|M8)                r42.1<2>      r53                               {@2}

L25:
        endif (16)                            L27
        cmp (16)       (ge)f0.0   null:d        r13:d             3:d
(f0.0)  if (16)                               jip:L26             uip:L26
        mul (8)                   acc0          r81               r25<2>:uw
        mul (16)                  r91:d         r81:d             r25<2>:uw
        mul (16)                  r76:d         r81:d             r25.1<2>:uw
        mul (16)                  r93:d         r79:d             r25<2>:uw
        mul (16)                  r83:d         r79:d             r25.1<2>:uw
        mul (16)                  r95:d         r81:d             r23<2>:uw
        mul (16)                  r85:d         r81:d             r23.1<2>:uw
        add (16)                  r27:d         r59:d             464:d           {Compacted}
        mach (8)                  r89           r81               r25             {AccWrEn,Compacted}
        add (16)                  r91.1<2>:uw   r91.1<2>:uw       r76<2>:uw       {@7}
        add (16)                  r93.1<2>:uw   r93.1<2>:uw       r83<2>:uw       {@6}
        add (16)                  r95.1<2>:uw   r95.1<2>:uw       r85<2>:uw       {@5}
        send.hdc1 (16)            r51     r27    null    0x00000000  0x04405C02   {@5,$13}  // wr:2+0, rd:4; untyped_read:xy simd16 (16) bti(2)
        mul (8|M8)                acc0          r82               r26<2>:uw
        shr (16)                  r103          r91               0x00000014      {Compacted,@4}
        add (16)                  r106:d        r91:d             1:d             {Compacted}
        add (16)                  r97:d         r95:d             r93:d           {Compacted,@4}
        mach (8|M8)               r90           r82               r26             {AccWrEn}
        cmp (16)       (lt)f0.1   r108          r106              r91             {@3}
        mov (16)                  r117:d        -r106:d
        asr (16)                  r112:d        -(abs)r106:d      31:w            {Compacted}
        add (16)       (ge)f0.0   r99:d         r89:d             r97:d           {Compacted,@4}
        shr (16)                  r119          r117              0x00000014      {Compacted,@3}
        shl (16)                  r101:d        r99:d             0x0000000c      {@2}
        add (16)                  r110:d        -r108:d           r99:d           {Compacted,@6}
        asr (16)                  r19:d         r99:d             0x00000014
        or (16)                   r105          r103              r101            {Compacted,@3}
        add (16)                  r114:d        -r110:d           r112:d          {Compacted,@3}
        shl (16)                  r116:d        r114:d            0x0000000c      {@1}
        asr (16)                  r123:d        r114:d            0x00000014
        or (16)                   r121          r119              r116            {Compacted,@2}
        add (16)                  r125:d        -r123:d           -1:d            {Compacted,@2}
        asr (16)                  r9:d          -(abs)r121:d      31:w            {Compacted,@2}
        add (16)                  r13:d         -r121:d           -1:d            {Compacted}
        add (16)                  r11:d         r125:d            r9:d            {Compacted,@2}
        cmp (16)       (lt)f0.1   r15           r13               0xffffffff      {@2,$7.dst}
        add (16)                  r17:d         r11:d             -r15:d          {Compacted,@1}
(f0.0)  sel (16)                  r23           r105              r13             {Compacted}
(f0.0)  sel (16)                  r21           r19               r17             {Compacted,@2}
        mul (16)                  r36:d         r51:d             r21<2>:uw       {@1,$13.dst}
        mul (16)                  r90:d         r51:d             r21.1<2>:uw
        mul (8)                   acc0          r51               r23<2>:uw       {@4}
        mul (16)                  r30:d         r51:d             r23<2>:uw       {@5}
        mul (16)                  r86:d         r51:d             r23.1<2>:uw
        mul (16)                  r32:d         r53:d             r23<2>:uw
        mul (16)                  r88:d         r53:d             r23.1<2>:uw
        add (16)                  r36.1<2>:uw   r36.1<2>:uw       r90<2>:uw       {@6}
        mach (8)                  r28           r51               r23             {AccWrEn,Compacted}
        add (16)                  r30.1<2>:uw   r30.1<2>:uw       r86<2>:uw       {@5}
        add (16)                  r32.1<2>:uw   r32.1<2>:uw       r88<2>:uw       {@4}
        mul (8|M8)                acc0          r52               r24<2>:uw
        add (8)                   r26:d         r34<2>:d          r30:d           {@3}
        add (8|M8)                r48:d         r42<2>:d          r31:d           {@4}
        add (16)                  r39:d         r36:d             r32:d           {Compacted,@4}
        mach (8|M8)               r29           r52               r24             {AccWrEn}
        cmp (8)        (lt)f0.0   r51           r26               r34<2>          {@4}
        cmp (8|M8)     (lt)f0.0   r52           r48               r42<2>          {@4}
        add (16)                  r46:d         r28:d             r39:d           {Compacted,@3}
        add (8)                   r49:d         r34.1<2>:d        r46:d           {@1}
        add (8|M8)                r50:d         r42.1<2>:d        r47:d           {@2}
        add (16)                  r53:d         -r51:d            r49:d           {Compacted,@1}
        mov (8)                   r34<2>        r26
        mov (8|M8)                r42<2>        r48
        mov (8)                   r34.1<2>      r53                               {@2}
        mov (8|M8)                r42.1<2>      r54                               {@2}

L26:
        endif (16)                            L27

L27:
        endif (16)                            L33
        mov (16)                  r116:d        40:d                              {$6.src}
        asr (8)                   r85:d         r34.1<2>:d        0x0000001f      {@5}
        asr (8|M8)                r86:d         r42.1<2>:d        0x0000001f      {@5}
        add (8)                   r97:d         r34<2>:d          1:d
        add (8|M8)                r98:d         r42<2>:d          1:d
        mov (16)                  r118:d        16:d
(W)     sync.nop (1)                            null                              {$6.dst}
        send.hdc1 (16)            r59     r116   null    0x00000000  0x04405C02   {@6,$14}  // wr:2+0, rd:4; untyped_read:xy simd16 (16) bti(2)
        mov (16)                  r105:d        -r97:d                            {@2}
        send.hdc1 (16)            r52     r118   null    0x00000000  0x04405C02   {@2,$15}  // wr:2+0, rd:4; untyped_read:xy simd16 (16) bti(2)
        add (16)                  r63:d         r59:d             4:d             {Compacted,$14.dst}
        and (16)                  r67           r63               0x0000003f      {Compacted,@1,$3.dst}
        shr (8)                   r69           r34<2>            r67             {@1}
        shr (8|M8)                r70           r42<2>            r68             {@2}
        asr (8)                   r71:d         r34.1<2>:d        r67             {$5.src}
        asr (8|M8)                r72:d         r42.1<2>:d        r68
        add (16)                  r73:d         r67:d             -32:d           {Compacted}
        cmp (16)       (ge)f0.0   r83           r67               0x00000020      {Compacted,$7.src}
        shr (16)                  r107          r105              r67             {Compacted,@7}
        mov (16)                  r75:d         (abs)r73:d                        {@3}
(f0.0)  sel (16)                  r87           r85               r71             {Compacted,@5}
        shl (8)                   r77:d         r34.1<2>:d        r75             {@2}
        shl (8|M8)                r78:d         r42.1<2>:d        r76             {@3}
        asr (8)                   r81:d         r34.1<2>:d        r75
        asr (8|M8)                r82:d         r42.1<2>:d        r76
        or (16)                   r79           r69               r77             {Compacted,@3}
(f0.0)  sel (16)                  r89           r81               r79             {Compacted,@1}
        cmp (16)       (eq)f0.0   r91:d         r67:d             0:d             {Compacted}
(f0.0)  sel (8)                   r93           r34.1<2>          r87             {@7}
(f0.0)  sel (8|M8)                r94           r42.1<2>          r88             {@7}
(f0.0)  sel (8)                   r95           r34<2>            r89             {@4}
(f0.0)  sel (8|M8)                r96           r42<2>            r90             {@5}
        cmp (8)        (lt)f0.1   r27           r97               r34<2>          {$13.src}
        cmp (8|M8)     (lt)f0.1   r99           r98               r42<2>
        asr (16)                  r102:d        -(abs)r97:d       31:w            {Compacted}
        cmp (16)       (ne)f0.0   null:d        r83:d             0:d
        add (8)                   r100:d        -r27:d            r34.1<2>:d      {@4}
(W)     sync.nop (1)                            null                              {$8.src}
        add (8|M8)                r101:d        -r99:d            r42.1<2>:d      {@4}
        add (16)                  r104:d        -r100:d           r102:d          {Compacted,@1}
        asr (16)                  r109:d        r104:d            r67             {@1,$1.dst}
        shl (16)                  r111:d        r104:d            r75
        asr (16)                  r115:d        r104:d            r75
        asr (16)                  r117:d        r104:d            0x0000001f      {$15.src}
        or (16)                   r113          r107              r111            {Compacted,@3}
(f0.0)  sel (16)                  r119          r117              r109            {Compacted,@2}
(f0.0)  sel (16)                  r121          r115              r113            {Compacted,@2}
        cmp (16)       (ne)f0.0   null:d        r91:d             0:d
(f0.0)  sel (16)                  r123          r104              r119            {Compacted,@3}
(f0.0)  sel (16)                  r125:d        -r97:d            r121:d          {Compacted,@3}
        add (16)                  r9:d          -r123:d           -1:d            {Compacted,@2}
        asr (16)                  r11:d         -(abs)r125:d      31:w            {Compacted,@2}
        add (16)                  r15:d         -r125:d           -1:d            {Compacted,$7.dst}
        add (16)                  r13:d         r9:d              r11:d           {Compacted,@2}
        cmp (16)       (lt)f0.1   r17           r15               0xffffffff      {@2}
        cmp (8)        (ge)f0.0   null:d        r34.1<2>:d        0:d
        cmp (8|M8)     (ge)f0.0   null:d        r42.1<2>:d        0:d
        add (16)                  r19:d         r13:d             -r17:d          {Compacted,@3}
(f0.0)  sel (16)                  r23           r95               r15             {Compacted}
(f0.0)  sel (16)                  r21           r93               r19             {Compacted,@2}
        cmp (16)       (eq)f0.1   r25:d         r21:d             0:d             {@1}
        cmp (16)       (gt)f0.1   r27           r23               0x0000ffff      {@3}
        cmp (16)       (gt)f0.1   r31:d         r21:d             0:d
        and (16)                  r29           r25               r27             {Compacted,@2}
        or (16)        (ne)f0.0   r33           r31               r29             {Compacted,@1}
(~f0.0) sel (16)                  r39           r23               0x0000ffff
        cmp (16)       (lt)f0.0   r41:d         r21:d             0:d             {Compacted}
(~f0.0) mov (16)       (ne)f0.0   null          r33                               {@3}
(~f0.0) sel (16)                  r46           r21               0x00000000
        cmp (16)       (ne)f0.0   null:d        r41:d             0:d             {@3}
(~f0.0) sel (16)                  r30           r39               0x00000000      {@5}
        cmp (16)       (eq)f0.0   null:d        r54:d             0:d             {$15.dst}
(f0.0)  cmp (16)       (eq)f0.0   null:d        r52:d             1:d
(f0.0)  if (16)                               jip:L31             uip:L32
        mov (16)                  r119:d        56:d
        send.hdc1 (16)            r48     r119   null    0x00000000  0x04405C02   {@1,$0}  // wr:2+0, rd:4; untyped_read:xy simd16 (16) bti(2)
        asr (16)                  r52:d         -(abs)r48:d       31:w            {Compacted,$0.dst}
        add (16)                  r63:d         r7:d              -r48:d          {Compacted}
        add (16)                  r54:d         -r50:d            r52:d           {Compacted,@2}
        cmp (16)       (lt)f0.1   r67           r63               r7              {@2}
        add (16)       (ne)f0.0   r69:d         -r67:d            r54:d           {Compacted,@1}
(~f0.0) mov (16)       (ne)f0.0   null          r63
(f0.0)  if (16)                               jip:L28             uip:L29
        cmp (16)       (eq)f0.1   r71:d         r69:d             0:d             {@3}
        mov (16)                  r120:d        48:d                              {$0.src}
        mov (16)                  r122:d        80:d
        shr (16)                  r4            r63               0x0000001f      {Compacted}
        shl (16)                  r6:d          r69:d             0x00000001
        shl (16)                  r57:d         r63:d             0x00000001
(W)     mov (8)                   r124          0x00000000
        add (16)                  r111:d        r59:d             -5:d            {Compacted}
        asr (16)                  r73:d         -(abs)r63:d       31:w            {Compacted}
        send.hdc1 (16)            r80     r120   null    0x00000000  0x04405C02   {@7,$1}  // wr:2+0, rd:4; untyped_read:xy simd16 (16) bti(2)
        send.hdc1 (16)            r53     r122   null    0x00000000  0x04405C02   {@7,$2}  // wr:2+0, rd:4; untyped_read:xy simd16 (16) bti(2)
        or (16)                   r8            r6                r4              {Compacted,@5}
(W)     mov (1)                   r124.2        64:d                              {@4}
        cmp (16)       (gt)f0.1   r77:d         r69:d             0:d
        and (16)                  r75           r71               r73             {Compacted,@4}
(W)     send.hdc0 (8)             r19     r124   null    0x00000000  0x02184002   {@3,$3}  // wr:1h+0, rd:1; oword_unaligned_block_read:owords1_low (8) bti(2)
        add (16)                  r87:d         -r80:d            10:d            {Compacted,$1.dst}
        add (16)                  r113:d        r111:d            -r80:d          {Compacted,@7}
        or (16)                   r79           r77               r75             {Compacted,@3}
        and (16)                  r89           r87               0x0000003f      {Compacted,@3}
        and (16)                  r61           r113              0x0000003f      {Compacted,@3,$14.dst}
        add (16)                  r13:d         r8:d              r79:d           {Compacted,@3}
        cmp (16)       (ge)f0.0   null          r89               0x00000020      {@3}
        add (16)                  r91:d         r89:d             -32:d           {Compacted}
        shl (16)                  r103:d        r38<0>:d          r89
        add (16)                  r117:d        r61:d             -32:d           {Compacted,@5}
        mov (16)                  r96:d         (abs)r91:d                        {@3}
(~f0.0) sel (16)                  r105          r103              0x00000000      {@3}
        mov (16)                  r63:d         (abs)r117:d                       {@3}
        shr (16)                  r98           r38<0>            r96             {Compacted,@3}
        shl (16)                  r100:d        r38<0>:d          r96
(f0.0)  sel (16)                  r102          r100              r98             {Compacted,@1}
        cmp (16)       (eq)f0.0   null:d        r89:d             0:d
(~f0.0) sel (16)                  r107          r102              0x00000000      {@2}
(~f0.0) sel (16)                  r109          r105              0x00000001      {@7}
        shl (16)                  r113:d        r107:d            0x00000001      {@2}
        shr (16)                  r111          r109              0x0000001f      {Compacted,@2}
        shl (16)                  r117:d        r109:d            0x00000001
        cmp (16)       (ne)f0.0   null:d        r79:d             0:d
        or (16)                   r115          r113              r111            {Compacted,@3}
        mul (8)                   acc0          r117              r53<2>:uw       {@3,$2.dst}
        mul (16)                  r121:d        r117:d            r53<2>:uw       {@4}
        mul (16)                  r91:d         r117:d            r53.1<2>:uw
        mul (16)                  r125:d        r117:d            r55<2>:uw
        mul (16)                  r98:d         r117:d            r55.1<2>:uw
(f0.0)  sel (16)                  r9:d          -r38<0>:d         1:d             {Compacted}
(W)     sync.nop (1)                            null                              {$3.src}
        mul (16)                  r123:d        r115:d            r53<2>:uw       {@7}
        mul (16)                  r96:d         r115:d            r53.1<2>:uw
        mach (8)                  r119          r117              r53             {AccWrEn,Compacted}
(W)     mov (1)                   r38.1:d       2:d
        add (16)                  r121.1<2>:uw  r121.1<2>:uw      r91<2>:uw       {@7}
        add (16)                  r125.1<2>:uw  r125.1<2>:uw      r98<2>:uw       {@7}
        add (16)                  r11:d         r57:d             r9:d            {Compacted,@7}
        add (16)                  r123.1<2>:uw  r123.1<2>:uw      r96<2>:uw       {@6}
        mul (8|M8)                acc0          r118              r54<2>:uw
        mov (16)                  r59:d         -r121:d                           {@5}
        cmp (16)       (lt)f0.1   r15           r11               r57             {@4}
(W)     sync.nop (1)                            null                              {$3.dst}
        mul (16)                  r22:d         r11:d             r19<0>:uw
        mul (16)                  r99:d         r11:d             r19.1<0>:uw
        mul (16)                  r26:d         r11:d             r19.2<0>:uw
        mul (16)                  r101:d        r11:d             r19.3<0>:uw
        add (16)                  r1:d          r125:d            r123:d          {Compacted,@7}
        mach (8|M8)               r120          r118              r54             {AccWrEn}
        add (16)                  r17:d         -r15:d            r13:d           {Compacted,@7}
        add (16)                  r22.1<2>:uw   r22.1<2>:uw       r99<2>:uw       {@6}
        add (16)                  r26.1<2>:uw   r26.1<2>:uw       r101<2>:uw      {@5}
(f0.0)  sel (16)                  r41           r38.1<0>          0xfffffffe
(~f0.0) sel (16)                  r51           r19.2<0>          0x00000000
        add (16)                  r3:d          r119:d            r1:d            {Compacted,@6}
        mul (8)                   acc0          r11               r19<0>:uw
        mul (16)                  r100:d        r17:d             r19.1<0>:uw     {@7}
        mul (16)                  r24:d         r17:d             r19<0>:uw
        mul (16)                  r49:d         r41:d             r19.4<0>:uw     {@6}
        mul (16)                  r102:d        r41:d             r19.5<0>:uw
        mul (16)                  r53:d         r41:d             r19.6<0>:uw
        mul (16)                  r104:d        r41:d             r19.7<0>:uw
        mach (8)                  r20           r11               r19<0>          {AccWrEn,Compacted}
        add (16)                  r24.1<2>:uw   r24.1<2>:uw       r100<2>:uw      {@6}
        add (16)                  r49.1<2>:uw   r49.1<2>:uw       r102<2>:uw      {@5}
        add (16)                  r53.1<2>:uw   r53.1<2>:uw       r104<2>:uw      {@4}
        mul (8|M8)                acc0          r12               r19<0>:uw
        add (16)                  r28:d         r26:d             r24:d           {Compacted,@4}
        add (16)                  r67:d         r22:d             r49:d           {Compacted,@4}
        add (16)                  r55:d         r53:d             -r51:d          {Compacted,@4}
        mach (8|M8)               r21           r12               r19<0>          {AccWrEn}
        cmp (16)       (lt)f0.1   r71           r67               r22             {@3}
        mul (16)                  r77:d         r67:d             r109<2>:uw
        mul (16)                  r105:d        r67:d             r109.1<2>:uw
        mul (16)                  r81:d         r67:d             r107<2>:uw
        mul (16)                  r111:d        r67:d             r107.1<2>:uw
        asr (16)                  r88:d         -(abs)r121:d      31:w            {Compacted}
        add (16)                  r39:d         r20:d             r28:d           {Compacted,@7}
        mul (8)                   acc0          r41               r19.4<0>:uw
        add (16)                  r77.1<2>:uw   r77.1<2>:uw       r105<2>:uw      {@6}
        add (16)                  r81.1<2>:uw   r81.1<2>:uw       r111<2>:uw      {@5}
        add (16)                  r90:d         -r3:d             r88:d           {Compacted,@5}
        mach (8)                  r48           r41               r19.2<0>        {AccWrEn,Compacted}
        mul (8|M8)                acc0          r42               r19.4<0>:uw
        mach (8|M8)               r49           r42               r19.2<0>        {AccWrEn}
        add (16)                  r57:d         r48:d             r55:d           {Compacted,@1}
        mul (8)                   acc0          r67               r109<2>:uw
        add (16)                  r69:d         r39:d             r57:d           {Compacted,@2}
        mach (8)                  r75           r67               r109            {AccWrEn,Compacted}
        add (16)                  r73:d         -r71:d            r69:d           {Compacted,@2}
        mul (8|M8)                acc0          r68               r110<2>:uw
        mul (16)                  r79:d         r73:d             r109<2>:uw      {@2}
        mul (16)                  r106:d        r73:d             r109.1<2>:uw
        mach (8|M8)               r76           r68               r110            {AccWrEn}
        add (16)                  r79.1<2>:uw   r79.1<2>:uw       r106<2>:uw      {@2}
        add (16)                  r83:d         r81:d             r79:d           {Compacted,@1}
        add (16)                  r87:d         r75:d             r83:d           {Compacted,@1}
        cmp (16)       (eq)f0.1   r92:d         r87:d             r90:d           {@1}
        cmp (16)       (lt)f0.1   r96           r77               r59
        cmp (16)       (lt)f0.1   r100:d        r87:d             r90:d
        cmp (16)       (eq)f0.0   null:d        r3:d              r87:d
        and (16)                  r98           r92               r96             {Compacted,@3}
(f0.0)  cmp (16)       (lt)f0.0   null          r121              r77
        or (16)                   r102          r100              r98             {Compacted,@2}
(~f0.0) cmp (16)       (lt)f0.0   null:d        r3:d              r87:d
(f0.0)  sel (16)                  r104          r3                r87             {Compacted}
(f0.0)  sel (16)                  r106          r121              r77             {Compacted}
        cmp (16)       (ne)f0.0   null:d        r102:d            0:d             {@4}
(f0.0)  sel (16)                  r108          r90               r104            {Compacted,@3}
(f0.0)  sel (16)                  r110:d        -r121:d           r106:d          {Compacted,@3}
        asr (16)                  r122:d        r108:d            r63             {@2}
        asr (16)                  r116:d        r108:d            r61
        shl (16)                  r118:d        r108:d            r63
        asr (16)                  r126:d        r108:d            0x0000001f
        shr (16)                  r114          r110              r61             {Compacted,@5}
        add (16)                  r11:d         r110:d            1:d             {Compacted}
        cmp (16)       (ge)f0.0   r124          r61               0x00000020      {Compacted}
        or (16)                   r120          r114              r118            {Compacted,@3}
        mov (16)                  r20:d         -r11:d                            {@3}
(f0.0)  sel (16)                  r1            r126              r116            {Compacted,@6}
(f0.0)  sel (16)                  r3            r122              r120            {Compacted,@3}
        shr (16)                  r22           r20               r61             {Compacted,@3}
        cmp (16)       (eq)f0.0   r5:d          r61:d             0:d             {Compacted}
(f0.0)  sel (16)                  r7            r108              r1              {Compacted,@4}
(f0.0)  sel (16)                  r9            r110              r3              {Compacted,@4}
        cmp (16)       (lt)f0.1   r13           r11               r110
        asr (16)                  r17:d         -(abs)r11:d       31:w            {Compacted}
        cmp (16)       (ne)f0.0   null:d        r124:d            0:d
        add (16)                  r15:d         -r13:d            r108:d          {Compacted,@3}
        add (16)                  r19:d         -r15:d            r17:d           {Compacted,@1}
        asr (16)                  r24:d         r19:d             r61             {@1}
        shl (16)                  r26:d         r19:d             r63
        asr (16)                  r39:d         r19:d             r63
        asr (16)                  r41:d         r19:d             0x0000001f
        or (16)                   r28           r22               r26             {Compacted,@3}
(f0.0)  sel (16)                  r48           r41               r24             {Compacted,@2}
(f0.0)  sel (16)                  r50           r39               r28             {Compacted,@2}
        cmp (16)       (ne)f0.0   null:d        r5:d              0:d
(f0.0)  sel (16)                  r52           r19               r48             {Compacted,@3}
(f0.0)  sel (16)                  r54:d         -r11:d            r50:d           {Compacted,@3}
        add (16)                  r56:d         -r52:d            -1:d            {Compacted,@2}
        asr (16)                  r58:d         -(abs)r54:d       31:w            {Compacted,@2}
        add (16)                  r62:d         -r54:d            -1:d            {Compacted}
        add (16)                  r60:d         r56:d             r58:d           {Compacted,@2}
        cmp (16)       (lt)f0.1   r67           r62               0xffffffff      {@2}
        cmp (16)       (ge)f0.0   null:d        r108:d            0:d
        add (16)                  r69:d         r60:d             -r67:d          {Compacted,@2}
(f0.0)  sel (16)                  r73           r9                r62             {Compacted}
(f0.0)  sel (16)                  r71           r7                r69             {Compacted,@2}
        mov (8)                   r85<2>        r73                               {@2}
        mov (8|M8)                r94<2>        r74                               {@3}
        mov (8)                   r85.1<2>      r71                               {@2}
        mov (8|M8)                r94.1<2>      r72                               {@2}
        else (16)                             jip:L29             uip:L29

L28:
(W)     sync.nop (1)                            null                              {@3}
        mov (8)                   r85.1<2>      r65.1<0>
        mov (8|M8)                r94.1<2>      r65.1<0>                          {@3}
        mov (8)                   r85<2>        r65<0>                            {@2}
        mov (8|M8)                r94<2>        r65<0>                            {@2}

L29:
        endif (16)                            L30

L30:
        else (16)                             jip:L32             uip:L32

L31:
(W)     sync.nop (1)                            null                              {@3}
        mov (8)                   r85.1<2>      r65.1<0>
        mov (8|M8)                r94.1<2>      r65.1<0>                          {@4}
        mov (8)                   r85<2>        r65<0>                            {@2}
        mov (8|M8)                r94<2>        r65<0>                            {@2}

L32:
        endif (16)                            L33
        add (8)                   r34:d         r30:d             r85<2>:d        {@3}
        add (8|M8)                r35:d         r31:d             r94<2>:d        {@3}
        add (8)                   r74:d         r46:d             r85.1<2>:d
        add (8|M8)                r75:d         r47:d             r94.1<2>:d
        mov (16)                  r125:d        24:d
        mov (8)                   r32           r85<2>
        mov (8|M8)                r33           r94<2>
        cmp (16)       (lt)f0.1   r76           r34               r30             {@6}
        send.hdc1 (16)            r80     r125   null    0x00000000  0x04405C02   {@4,$4}  // wr:2+0, rd:4; untyped_read:xy simd16 (16) bti(2)
        add (16)                  r78:d         -r76:d            r74:d           {Compacted,@1}
        add (16)                  r84:d         -r80:d            15:d            {Compacted,$4.dst}
        add (16)                  r112:d        -r80:d            16:d            {Compacted}
        and (16)                  r64           r80               0x0000003f      {Compacted}
        and (16)                  r86           r84               0x0000003f      {Compacted,@3}
        and (16)                  r114          r112              0x0000003f      {Compacted,@3}
        add (16)                  r81:d         r64:d             -32:d           {Compacted,@3}
        shl (16)                  r70:d         r38<0>:d          r64
        cmp (16)       (ge)f0.0   null          r86               0x00000020      {@4}
        add (16)                  r88:d         r86:d             -32:d           {Compacted}
        shl (16)                  r97:d         r38<0>:d          r86
(W)     sync.nop (1)                            null                              {$0.src}
        add (16)                  r119:d        r114:d            -32:d           {Compacted,@6}
        mov (16)                  r83:d         (abs)r81:d                        {@6}
        mov (16)                  r90:d         (abs)r88:d                        {@4}
(~f0.0) sel (16)                  r99           r97               0x00000000      {@4}
        mov (16)                  r121:d        (abs)r119:d                       {@4}
(W)     sync.nop (1)                            null                              {@4}
        shr (16)                  r66           r38<0>            r83             {Compacted}
        shl (16)                  r68:d         r38<0>:d          r83
        shr (16)                  r92           r38<0>            r90             {Compacted,@5}
        shl (16)                  r94:d         r38<0>:d          r90
(f0.0)  sel (16)                  r96           r94               r92             {Compacted,@1}
        cmp (16)       (eq)f0.0   null:d        r86:d             0:d
(~f0.0) sel (16)                  r101          r96               0x00000000      {@2}
(~f0.0) sel (16)                  r103          r99               0x00000001      {@7}
        add (16)                  r107:d        r78:d             r101:d          {Compacted,@2}
        add (16)                  r105:d        r34:d             r103:d          {Compacted,@2}
        cmp (16)       (lt)f0.1   r109          r105              r34             {@1}
        shr (16)                  r116          r105              r114            {Compacted}
        add (16)                  r17:d         r105:d            1:d             {Compacted}
        cmp (16)       (ge)f0.0   r3            r114              0x00000020      {Compacted}
        add (16)                  r111:d        -r109:d           r107:d          {Compacted,@4}
        mov (16)                  r26:d         -r17:d                            {@3}
        asr (16)                  r118:d        r111:d            r114            {@2}
        shl (16)                  r123:d        r111:d            r121
        asr (16)                  r1:d          r111:d            r121
        asr (16)                  r5:d          r111:d            0x0000001f
        shr (16)                  r28           r26               r114            {Compacted,@5}
        or (16)                   r125          r116              r123            {Compacted,@4}
(f0.0)  sel (16)                  r7            r5                r118            {Compacted,@3}
(f0.0)  sel (16)                  r9            r1                r125            {Compacted,@2}
        cmp (16)       (eq)f0.0   r11:d         r114:d            0:d             {Compacted}
(f0.0)  sel (16)                  r13           r111              r7              {Compacted,@3}
(f0.0)  sel (16)                  r15           r105              r9              {Compacted,@3}
        cmp (16)       (lt)f0.1   r19           r17               r105
        asr (16)                  r23:d         -(abs)r17:d       31:w            {Compacted}
        cmp (16)       (ne)f0.0   null:d        r3:d              0:d
        add (16)                  r21:d         -r19:d            r111:d          {Compacted,@3}
        add (16)                  r25:d         -r21:d            r23:d           {Compacted,@1}
        asr (16)                  r38:d         r25:d             r114            {@1}
        shl (16)                  r40:d         r25:d             r121
        asr (16)                  r46:d         r25:d             r121
        asr (16)                  r48:d         r25:d             0x0000001f
        or (16)                   r42           r28               r40             {Compacted,@3}
(f0.0)  sel (16)                  r50           r48               r38             {Compacted,@2}
(f0.0)  sel (16)                  r52           r46               r42             {Compacted,@2}
        cmp (16)       (ne)f0.0   null:d        r11:d             0:d
(f0.0)  sel (16)                  r54           r25               r50             {Compacted,@3}
(f0.0)  sel (16)                  r56:d         -r17:d            r52:d           {Compacted,@3}
        add (16)                  r58:d         -r54:d            -1:d            {Compacted,@2}
        asr (16)                  r60:d         -(abs)r56:d       31:w            {Compacted,@2,$14.dst}
        add (16)                  r72:d         -r56:d            -1:d            {Compacted}
        add (16)                  r62:d         r58:d             r60:d           {Compacted,@2}
        cmp (16)       (lt)f0.1   r74           r72               0xffffffff      {@2}
        cmp (16)       (ge)f0.0   null:d        r111:d            0:d
        add (16)                  r76:d         r62:d             -r74:d          {Compacted,@2}
(f0.0)  sel (16)                  r80           r15               r72             {Compacted}
(f0.0)  sel (16)                  r78           r13               r76             {Compacted,@2}
        cmp (16)       (ge)f0.0   null          r64               0x00000020
(f0.0)  sel (16)                  r84           r68               r66             {Compacted}
(~f0.0) sel (16)                  r86           r70               0x00000000
        add (16)                  r90:d         r84:d             -1:d            {Compacted,@2}
        cmp (16)       (eq)f0.0   null:d        r64:d             0:d
(~f0.0) sel (16)                  r88           r86               0x00000001      {@3}
(~f0.0) sel (16)                  r92           r90               0xffffffff      {@3}
        add (16)                  r94:d         r88:d             -1:d            {Compacted,@2}
        cmp (16)       (lt)f0.1   r96           r94               r88             {@1}
        add (16)                  r98:d         -r96:d            r92:d           {Compacted,@1}
        cmp (16)       (eq)f0.0   null:d        r98:d             r78:d           {@1}
(f0.0)  cmp (16)       (lt)f0.0   null          r94               r80
(~f0.0) cmp (16)       (lt)f0.0   null:d        r98:d             r78:d
(f0.0)  sel (16)                  r99           r94               r80             {Compacted}
        cmp (16)       (lt)f0.0   null:d        r78:d             0:d
(~f0.0) sel (16)                  r36           r99               0x00000000      {@2}
(W)     sync.nop (1)                            null                              {$2.src}
        send.hdc1 (16)            null    r44    r30     0x00000200  0x04025000   {@1,$5}  // wr:2+8, rd:0; untyped_write:xyzw simd16 (16) bti(0)

L33:
        endif (16)                            L34

L34:
(W)     mov (8)                   r127          r0
(W)     mov (16)                  acc0:f        0x00000000:f                      {@1}
(W)     send.ts (16)              null    r127   null    0x00000000  0x02000000   {EOT,@1}
SIMD32 shader inefficient
